# baked from FL_hip.dae
v -0.08999997 0.00310795995 -0.0536099602
v -0.08999997 -0.0121219739 -0.0523139791
v -0.08999997 0.0180859462 -0.0505629714
v -0.07899999 0.00310795995 -0.0536099602
v -0.07899999 -0.0121219739 -0.0523139791
v -0.07899999 0.0180859462 -0.0505629714
v -0.07049995 0.00310795995 -0.0536099602
v -0.07049995 -0.0121219739 -0.0523139791
v -0.07049995 0.0180859462 -0.0505629714
v -0.06849998 0.00304996503 -0.0526119402
v -0.06849998 -0.0118959539 -0.0513399791
v -0.06849998 0.0177489463 -0.0496209813
v -0.06849998 0.0310099668 -0.0426110023
v -0.06849998 0.0417589476 -0.0321480032
v -0.07049995 0.0315979667 -0.0434190024
v -0.07899999 0.0315979667 -0.0434190024
v -0.07049995 0.0425509775 -0.0327579932
v -0.07899999 0.0425509775 -0.0327579932
v -0.07049995 0.0500559785 -0.0194429738
v -0.07899999 0.0500559785 -0.0194429738
v -0.07049995 0.0535069697 -0.00455296404
v -0.06849998 0.0491239986 -0.0190809937
v -0.06849998 0.0525099597 -0.00446898096
v -0.06849998 0.0516420008 0.0105069761
v -0.06849998 0.0465899719 0.0246299465
v -0.07049995 0.0526219608 0.010705936
v -0.07049995 0.0474739619 0.0250979564
v -0.07899999 0.0526219608 0.010705936
v -0.08999997 0.0526219608 0.010705936
v -0.07899999 0.0474739619 0.0250979564
v -0.07899999 0.0535069697 -0.00455296404
v -0.08999997 0.0535069697 -0.00455296404
v -0.08999997 0.0500559785 -0.0194429738
v -0.08999997 0.0425509775 -0.0327579932
v -0.08999997 0.0315979667 -0.0434190024
v -0.07899999 0.0384799828 0.0374559671
v -0.08999997 0.0474739619 0.0250979564
v -0.08999997 0.0384799828 0.0374559671
v -0.08999997 0.0263689735 0.046779988
v -0.08999997 0.0121219739 0.0523139791
v -0.07899999 0.0263689735 0.046779988
v -0.07899999 0.0121219739 0.0523139791
v -0.07049995 0.0263689735 0.046779988
v -0.06849998 0.0258779535 0.045908978
v -0.07049995 0.0384799828 0.0374559671
v -0.07049995 0.0121219739 0.0523139791
v -0.06849998 0.0118959539 0.0513399791
v -0.07049995 -0.00310795995 0.0536099602
v -0.07899999 -0.00310795995 0.0536099602
v -0.07049995 -0.0180859462 0.0505629714
v -0.06849998 -0.00304996503 0.0526119402
v -0.06849998 -0.0177489463 0.0496209813
v -0.06849998 -0.0310099668 0.0426110023
v -0.06849998 -0.0417589476 0.0321480032
v -0.07049995 -0.0315979667 0.0434190024
v -0.07049995 -0.0425509775 0.0327579932
v -0.07899999 -0.0315979667 0.0434190024
v -0.08999997 -0.0315979667 0.0434190024
v -0.07899999 -0.0425509775 0.0327579932
v -0.07899999 -0.0180859462 0.0505629714
v -0.08999997 -0.0180859462 0.0505629714
v -0.08999997 -0.00310795995 0.0536099602
v -0.08999997 -0.0425509775 0.0327579932
v -0.07899999 -0.0500559785 0.0194429738
v -0.07899999 -0.0535069697 0.00455296404
v -0.07049995 -0.0500559785 0.0194429738
v -0.08999997 -0.0500559785 0.0194429738
v -0.08999997 -0.0535069697 0.00455296404
v -0.08999997 -0.0526219608 -0.010705936
v -0.08999997 -0.0474739619 -0.0250979564
v -0.07899999 -0.0526219608 -0.010705936
v -0.07899999 -0.0474739619 -0.0250979564
v -0.07049995 -0.0526219608 -0.010705936
v -0.07049995 -0.0474739619 -0.0250979564
v -0.06849998 -0.0516420008 -0.0105069761
v -0.07049995 -0.0535069697 0.00455296404
v -0.06849998 -0.0525099597 0.00446898096
v -0.06849998 -0.0491239986 0.0190809937
v -0.06849998 -0.0465899719 -0.0246299465
v -0.06849998 -0.0377639528 -0.0367589471
v -0.06849998 -0.0258779535 -0.045908978
v -0.07049995 -0.0384799828 -0.0374559671
v -0.07899999 -0.0384799828 -0.0374559671
v -0.07049995 -0.0263689735 -0.046779988
v -0.07899999 -0.0263689735 -0.046779988
v -0.08999997 -0.0263689735 -0.046779988
v -0.08999997 -0.0384799828 -0.0374559671
v -0.06849998 0.0377639528 0.0367579371
v -0.06849998 -0.0513169692 0.0110799639
v -0.06849998 -0.0464629482 0.0244429735
v -0.06849998 -0.0519099793 0.00990796392
v -0.06799995 -0.0518059692 0.0111860039
v -0.06799995 -0.0469049781 0.0246759635
v -0.05763 -0.0518059692 0.0111860039
v -0.06799995 -0.0522849492 0.0102390039
v -0.05763 -0.0522849492 0.0102390039
v -0.06799995 -0.0531659693 0.00964695601
v -0.05763 -0.0531659693 0.00964695601
v -0.06849998 -0.0530009793 0.009174946
v -0.06799995 -0.0542229993 0.00956094609
v -0.06799995 -0.0605479392 0.0106759646
v -0.06849998 -0.0543099593 0.0090689691
v -0.05763 -0.0542229993 0.00956094609
v -0.0575 -0.0542459393 0.0094339881
v -0.05763 -0.0605479392 0.0106759646
v -0.0575 -0.0605699992 0.0105489446
v -0.05763 -0.0613329992 0.0106039646
v -0.0575 -0.0612869792 0.0104829646
v -0.05763 -0.0619729692 0.0101439947
v -0.06799995 -0.0613329992 0.0106039646
v -0.06799995 -0.0619729692 0.0101439947
v -0.06849998 -0.0611579992 0.0101359446
v -0.06849998 -0.0615849393 0.00982898865
v -0.06849998 -0.0606339492 0.0101839946
v -0.06849998 -0.0617969593 0.00934899267
v -0.06849998 -0.0625 4.71861875e-09
v -0.06799995 -0.0622909593 0.0094229617
v -0.06799995 -0.06299996 4.75636468e-09
v -0.05763 -0.0622909593 0.0094229617
v -0.05763 -0.06299996 4.75636468e-09
v -0.0575 -0.0621629893 0.00940394869
v -0.0575 -0.06287097 4.74662621e-09
v -0.0575 -0.0618719992 0.0100629947
v -0.0575 -0.0621629907 -0.00940393931
v -0.0575 -0.051467 3.88565042e-09
v -0.05758297 -0.05138397 3.87938183e-09
v -0.0575 -0.049883959 0.0126649738
v -0.0575 -0.049884971 -0.0126639562
v -0.05758297 -0.049803971 -0.0126429662
v -0.0575 -0.0452339619 -0.0245499566
v -0.05758297 -0.0451619619 -0.0245099566
v -0.0575 -0.0378019826 -0.0349259871
v -0.0575 -0.0280449933 -0.0431549479
v -0.05758297 -0.0377410026 -0.0348699572
v -0.05758297 -0.0279999933 -0.0430849679
v -0.06349998 -0.0377410026 -0.0348699572
v -0.05758297 -0.0451609419 -0.0245109666
v -0.06349998 -0.0451609419 -0.0245109666
v -0.06449997 -0.0449259818 -0.0243829366
v -0.06349998 -0.049803971 -0.0126439862
v -0.06349998 -0.05138397 3.87938183e-09
v -0.06449997 -0.0495449909 -0.0125779463
v -0.05758297 -0.049803971 -0.0126439862
v -0.06523197 -0.0488349709 -0.0123979963
v -0.06449997 -0.05111598 3.85914915e-09
v -0.06523197 -0.05038398 3.80388468e-09
v -0.06449997 -0.0495449891 0.0125779537
v -0.06523197 -0.0488349691 0.0123980037
v -0.06449997 -0.0449259782 0.0243829434
v -0.06349998 -0.049803969 0.0126439938
v -0.06349998 -0.049803969 0.0126429738
v -0.06349998 -0.0451619581 0.0245099634
v -0.05758297 -0.0451619581 0.0245099634
v -0.06349998 -0.0451609381 0.0245109734
v -0.06349998 -0.0377409974 0.0348699628
v -0.06349998 -0.0279999867 0.0430849721
v -0.06449997 -0.0375439474 0.0346889428
v -0.05758297 -0.0377409974 0.0348699628
v -0.05758297 -0.0451609381 0.0245109734
v -0.0575 -0.0378019774 0.0349259929
v -0.05758297 -0.0279999867 0.0430849721
v -0.05758297 -0.0279549867 0.0431139421
v -0.0575 -0.0280449867 0.0431549521
v -0.0575 -0.0279999867 0.0431839821
v -0.05715495 -0.0266039867 0.044146002
v -0.0575 -0.0279999866 0.0448479621
v -0.0575 -0.0279319766 0.0448899821
v -0.05763 -0.0280689466 0.0449569821
v -0.0575 -0.0388289573 0.0358839629
v -0.05763 -0.0389239673 0.0359709829
v -0.0575 -0.0469119482 0.0243829435
v -0.05763 -0.0470269882 0.0244429736
v -0.0575 -0.0516799592 0.0111590039
v -0.0575 -0.0521879692 0.0101529939
v -0.0575 -0.0531229893 0.00952500501
v -0.05763 -0.0469049781 0.0246759635
v -0.05763 -0.0385649773 0.0363559729
v -0.06799995 -0.0385649773 0.0363559729
v -0.06799995 -0.0273969666 0.0453699821
v -0.06799995 -0.0385649773 0.0363559729
v -0.06849998 -0.0382009673 0.0360129429
v -0.06849998 -0.0271379866 0.044941962
v -0.06849998 -0.0140849862 0.0505749511
v -0.06849998 3.96363522e-09 0.05249994
v -0.06799995 -0.0142189761 0.0510569811
v -0.06799995 -0.0273959566 0.0453699821
v -0.06799995 -0.0142179661 0.0510569811
v -0.06799995 4.00138644e-09 0.05299997
v -0.06549996 -0.0142179661 0.0510569811
v -0.06549996 -0.0117989661 0.0516699509
v -0.06549996 -0.0229999964 0.0477489817
v -0.06549996 -0.0248059565 0.0468369719
v -0.05223995 -0.0229999963 0.0486660017
v -0.050843 -0.0229999963 0.0488639417
v -0.05240696 -0.011432936 0.0526309609
v -0.03943794 -0.0104569658 0.0551859708
v -0.03949195 4.23875334e-09 0.05614399
v -0.01445996 -0.00752794225 0.0628609606
v -0.03923398 -0.0211109461 0.0520429616
v -0.05029499 -0.0229269763 0.0489819617
v -0.03203499 -0.0195519859 0.0546689615
v -0.01470398 -0.0150279853 0.0622599711
v -0.03196895 -0.0196369759 0.0545519515
v -0.05026096 -0.0229999963 0.0488659717
v -0.03019899 -0.0192199858 0.0552569615
v -0.01461797 -0.0151419553 0.0621419511
v -0.03019899 -0.0192199859 0.0536679615
v -0.05026096 -0.0229999964 0.0472679717
v -0.02350795 -0.0175409857 0.0565109813
v -0.02349895 -0.0174489557 0.0564349813
v -0.01950895 -0.0164789456 0.0581509412
v -0.01541495 -0.0153619555 0.0594909712
v -0.01949799 -0.0164149856 0.0580759612
v -0.01811397 -0.0160499756 0.0585799812
v -0.01540696 -0.0153279855 0.0594289812
v -0.02846598 -0.0162319459 0.0544790012
v -0.04568594 -0.0163879863 0.0496499512
v -0.02826398 -0.0150769859 0.0539169911
v -0.02848398 -0.0175359759 0.0545279913
v -0.02398097 -0.0174589658 0.0562409713
v -0.04317396 -0.0177099662 0.0501569513
v -0.04318195 -0.0218279863 0.0489949516
v -0.04567998 -0.0177379763 0.0496219913
v -0.06344795 -0.0179809864 0.0479699914
v -0.06344598 -0.0165829564 0.0481059513
v -0.06446999 -0.0178989664 0.0477339614
v -0.06352198 -0.0229999965 0.0459499917
v -0.05104798 -0.0229999964 0.0470229917
v -0.06451296 -0.0228849565 0.0456999517
v -0.06353497 -0.0247689366 0.0450629519
v -0.06351399 -0.0261989767 0.044223962
v -0.05405497 -0.0239819765 0.0460579918
v -0.05285096 -0.0234649665 0.0465259518
v -0.05449795 -0.0242129465 0.0458589718
v -0.05446398 -0.0243329965 0.0459269818
v -0.05526 -0.0246689866 0.0454799519
v -0.05526 -0.0246689866 0.0454799519
v -0.05526095 -0.0246689866 0.0454799519
v -0.05526095 -0.0246689866 0.0454799519
v -0.05526095 -0.0246689866 0.0454799519
v -0.05526095 -0.0246689866 0.0454799519
v -0.05526 -0.0246689866 0.0454799519
v -0.05526 -0.0246689866 0.0454799519
v -0.05526 -0.0246689866 0.0454799519
v -0.05526 -0.0246689866 0.0454799519
v -0.05526 -0.0246689866 0.0454799519
v -0.05526095 -0.0246689866 0.0454799519
v -0.05526095 -0.0246699966 0.0454799519
v -0.05526196 -0.0246699966 0.0454789919
v -0.05526494 -0.0246719666 0.0454779819
v -0.05527395 -0.0246779866 0.0454729719
v -0.05530399 -0.0246979466 0.0454570019
v -0.05540698 -0.0247659566 0.0454009719
v -0.05563396 -0.0249249866 0.0452739519
v -0.05597096 -0.0251779466 0.0450729719
v -0.05592298 -0.0252919666 0.0451399619
v -0.05662995 -0.0257649966 0.0446229519
v -0.05715298 -0.0263999667 0.044158992
v -0.05708497 -0.0264939567 0.044225992
v -0.05743795 -0.0269509467 0.043774962
v -0.06350296 -0.0271059767 0.043657952
v -0.05614995 -0.0254789466 0.0449929819
v -0.05614799 -0.0254779965 0.0466060019
v -0.05580896 -0.0252039965 0.0468159919
v -0.05702698 -0.0264089665 0.045919952
v -0.05713397 -0.0264069965 0.046027002
v -0.05715399 -0.0266029765 0.045781972
v -0.05658894 -0.0257759565 0.0464739719
v -0.05744498 -0.0269569666 0.045657992
v -0.05763 -0.0279999866 0.0449999521
v -0.06549996 -0.0271429966 0.045521972
v -0.06549996 -0.0262749665 0.046028972
v -0.06549996 -0.0273959566 0.0453699821
v -0.06549996 -0.0279999866 0.0449999521
v -0.055893 -0.0251759765 0.0469219619
v -0.05437296 -0.0242059764 0.0476949818
v -0.05385094 -0.0239419864 0.0479189718
v -0.05430299 -0.0242479964 0.0475890018
v -0.054874 -0.0245709964 0.0473199419
v -0.053451 -0.0238359464 0.0479469818
v -0.05345594 -0.0238369665 0.0463629918
v -0.05262696 -0.0235139664 0.0482469718
v -0.05268299 -0.0234599663 0.0483569518
v -0.051907 -0.0232949763 0.0484730018
v -0.05080699 -0.0230719963 0.0487479517
v -0.05191099 -0.0232949765 0.0468869818
v -0.05104696 -0.0231099664 0.0470999417
v -0.05283099 -0.0235859665 0.0465959918
v -0.05080699 -0.0230719963 0.0487479517
v -0.05242794 -0.0233739563 0.0484399718
v -0.05217099 -0.0232949763 0.0485199618
v -0.05191099 -0.0232219563 0.0485969718
v -0.05164796 -0.0231549663 0.0486699917
v -0.051382 -0.0230959563 0.0487380017
v -0.05111294 -0.0230439863 0.0488029717
v -0.050978 -0.0230209763 0.0488339617
v -0.05090999 -0.0230099463 0.0488489817
v -0.05087596 -0.0230049363 0.0488569717
v -0.05085897 -0.0230029763 0.0488599517
v -0.05085098 -0.0230009463 0.0488619817
v -0.05084699 -0.0230009463 0.0488629917
v -0.05084395 -0.0229999963 0.0488639417
v -0.050843 -0.0229999963 0.0488639417
v -0.050843 -0.0229999963 0.0488639417
v -0.050843 -0.0229999963 0.0488639417
v -0.050843 -0.0229999963 0.0488639417
v -0.050843 -0.0229999963 0.0488639417
v -0.050843 -0.0229999963 0.0488639417
v -0.050843 -0.0229999963 0.0488639417
v -0.05084198 -0.0229999963 0.0488639417
v -0.05084198 -0.0229999963 0.0488639417
v -0.05084198 -0.0229999963 0.0488639417
v -0.050843 -0.0229999963 0.0488639417
v -0.050843 -0.0229999963 0.0488639417
v -0.05487698 -0.0245719465 0.0457249819
v -0.05197799 -0.0231929965 0.0467979918
v -0.05183196 -0.0231569965 0.0468369717
v -0.05178499 -0.0231459665 0.0468489517
v -0.05177897 -0.0231439365 0.0468509717
v -0.051777 -0.0231439365 0.0468519917
v -0.051777 -0.0231439365 0.0468519917
v -0.051777 -0.0231429865 0.0468519917
v -0.051777 -0.0231429865 0.0468519917
v -0.051777 -0.0231429865 0.0468519917
v -0.051777 -0.0231429865 0.0468519917
v -0.051777 -0.0231429865 0.0468519917
v -0.051777 -0.0231429865 0.0468519917
v -0.051777 -0.0231429865 0.0468519917
v -0.051777 -0.0231429865 0.0468519917
v -0.051777 -0.0231429865 0.0468519917
v -0.051777 -0.0231429865 0.0468519917
v -0.051777 -0.0231429865 0.0468519917
v -0.05177497 -0.0231429865 0.0468519917
v -0.05174398 -0.0231359565 0.0468599717
v -0.05151396 -0.0230859465 0.0469169617
v -0.06451398 -0.0228839465 0.0456999517
v -0.06449997 -0.0278539568 0.0428609821
v -0.06523299 -0.0274549668 0.0422469921
v -0.06549996 -0.0269099369 0.041408002
v -0.06523597 -0.0225779966 0.0450369717
v -0.06523197 -0.0370069674 0.0341919628
v -0.06549996 -0.0362719775 0.0335129427
v -0.06523197 -0.0442819482 0.0240339633
v -0.06549996 -0.0434039782 0.0235569433
v -0.06549996 -0.0478659791 0.0121519536
v -0.06549996 -0.04938399 3.72838754e-09
v -0.06549996 -0.01599997 1.20796414e-09
v -0.06549996 -0.0478659809 -0.0121519464
v -0.06549996 -0.0434039818 -0.0235569367
v -0.06549996 -0.0362719825 -0.0335129373
v -0.06523197 -0.0442819518 -0.0240339567
v -0.06523197 -0.0370069726 -0.0341919572
v -0.06523299 -0.0274549732 -0.0422469879
v -0.06449997 -0.0375439526 -0.0346889372
v -0.06449997 -0.0278539632 -0.0428609779
v -0.06451296 -0.0228849635 -0.0456999483
v -0.06349998 -0.0279999933 -0.0430849679
v -0.06350296 -0.0271059833 -0.043656998
v -0.05743795 -0.0269509533 -0.043774958
v -0.06351399 -0.0261989833 -0.044223958
v -0.06353497 -0.0247689434 -0.0450629481
v -0.05662995 -0.0257650034 -0.0446229481
v -0.05597096 -0.0251779534 -0.0450729681
v -0.05715298 -0.0263999733 -0.044158988
v -0.05708497 -0.0264939633 -0.044225988
v -0.05614995 -0.0254789534 -0.0449929781
v -0.05715495 -0.0266039933 -0.044145998
v -0.05715399 -0.0266029835 -0.045781968
v -0.0575 -0.0279999933 -0.0431839779
v -0.0575 -0.0279999934 -0.0448479579
v -0.05758297 -0.0279549933 -0.0431139379
v -0.0575 -0.0279319834 -0.0448899779
v -0.05763 -0.0280689534 -0.0449569779
v -0.0575 -0.0388289627 -0.0358839571
v -0.05763 -0.0389239727 -0.0359709771
v -0.0575 -0.0469119518 -0.0243829365
v -0.05763 -0.0470269918 -0.0244429664
v -0.0575 -0.0516799608 -0.0111589961
v -0.05763 -0.0518059708 -0.0111859961
v -0.0575 -0.0521879708 -0.0101529861
v -0.05763 -0.0522849508 -0.0102389961
v -0.0575 -0.0531229907 -0.00952499699
v -0.05763 -0.0531659707 -0.00964694799
v -0.0575 -0.0542459407 -0.0094339799
v -0.05763 -0.0542230007 -0.00956093791
v -0.0575 -0.0605700008 -0.0105489354
v -0.05763 -0.0605479408 -0.0106759554
v -0.0575 -0.0612869808 -0.0104829554
v -0.05763 -0.0613330008 -0.0106039554
v -0.0575 -0.0618720008 -0.0100629853
v -0.05763 -0.0619729708 -0.0101439853
v -0.05763 -0.0622909607 -0.0094229523
v -0.06799995 -0.0619729708 -0.0101439853
v -0.06849998 -0.0615849407 -0.00982897935
v -0.06799995 -0.0622909607 -0.0094229523
v -0.06799995 -0.0613330008 -0.0106039554
v -0.06849998 -0.0611580008 -0.0101359354
v -0.06799995 -0.0605479408 -0.0106759554
v -0.06849998 -0.0606339508 -0.0101839854
v -0.06799995 -0.0542230007 -0.00956093791
v -0.06799995 -0.0531659707 -0.00964694799
v -0.06849998 -0.0543099607 -0.0090689609
v -0.06849998 -0.0530009807 -0.009174938
v -0.06849998 -0.0519099807 -0.00990795608
v -0.06849998 -0.0513169708 -0.0110799561
v -0.06799995 -0.0522849508 -0.0102389961
v -0.06799995 -0.0518059708 -0.0111859961
v -0.06799995 -0.0469049819 -0.0246759565
v -0.05763 -0.0469049819 -0.0246749465
v -0.06849998 -0.0464629518 -0.0244429665
v -0.06799995 -0.0385649827 -0.0363559671
v -0.06799995 -0.0273969734 -0.0453699779
v -0.05763 -0.0385649827 -0.0363549471
v -0.06849998 -0.0382009727 -0.0360129371
v -0.06849998 -0.0271379934 -0.044941958
v -0.06849998 -0.0140849938 -0.0505749489
v -0.06799995 -0.0142189839 -0.0510569789
v -0.06849998 -3.96363522e-09 -0.05249994
v -0.06849998 0.0140849862 -0.0505749511
v -0.06799995 -4.00138644e-09 -0.05299997
v -0.06549996 -4.00138644e-09 -0.05299997
v -0.06799995 0.0142179661 -0.0510569811
v -0.06799995 0.0142189761 -0.0510569811
v -0.06549996 0.0142179661 -0.0510569811
v -0.06549996 0.0229999964 -0.0477489817
v -0.06549996 0.0117989661 -0.0516699509
v -0.05240696 0.011432936 -0.0526309609
v -0.03943794 0.0104569658 -0.0551859708
v -0.05223995 0.0229999963 -0.0486660017
v -0.050843 0.0229999963 -0.0488639417
v -0.05080699 0.0230729463 -0.0487479517
v -0.050843 0.0229999963 -0.0488639417
v -0.05029499 0.0229269763 -0.0489819617
v -0.05026096 0.0229999963 -0.0488659717
v -0.03923398 0.0211109461 -0.0520429616
v -0.03203499 0.0195519859 -0.0546689615
v -0.01470398 0.0150279853 -0.0622599711
v -0.03196895 0.0196369759 -0.0545519515
v -0.03019899 0.0192199858 -0.0552569615
v -0.01461797 0.0151419553 -0.0621419511
v -0.03019899 0.0192199859 -0.0536679615
v -0.02350795 0.0175409857 -0.0565109813
v -0.05026096 0.0229999964 -0.0472679717
v -0.05104696 0.0231099664 -0.0470999417
v -0.05025899 0.0228899664 -0.0471929917
v -0.05104798 0.0229999964 -0.0470229917
v -0.04318195 0.0218279863 -0.0489949516
v -0.04317396 0.0177099662 -0.0501569513
v -0.02423298 0.0176389758 -0.0561109713
v -0.02398097 0.0174589658 -0.0562409713
v -0.02355295 0.0174629557 -0.0564109613
v -0.02349895 0.0174489557 -0.0564349813
v -0.02358198 0.0174509757 -0.0564009513
v -0.02378499 0.0174109857 -0.0563269813
v -0.01949799 0.0164149856 -0.0580759612
v -0.01950895 0.0164789456 -0.0581509412
v -0.01811397 0.0160499756 -0.0585799812
v -0.02846598 0.0162319459 -0.0544790012
v -0.01540696 0.0153279855 -0.0594289812
v -0.01541495 0.0153619555 -0.0594909712
v -0.01394695 0.0149349455 -0.0597749911
v -0.02826398 0.0150769859 -0.0539169911
v -0.01138097 0.0142389455 -0.0599219711
v -0.011186 0.0141859555 -0.0598709511
v -0.02791595 0.014283946 -0.0529479911
v -0.04537194 0.0143039764 -0.0480589811
v -0.02748495 0.0139999861 -0.0517500011
v -0.01099997 0.0139999856 -0.0587999811
v -0.04511797 0.0139999865 -0.0467679511
v -0.06349998 0.0139999866 -0.0451349611
v -0.06347596 0.0143289465 -0.0464999611
v -0.06449997 0.0142679766 -0.0451359711
v -0.06349998 0.0139999883 -0.0225679811
v -0.06449997 0.0142679783 -0.0225679811
v -0.06349998 0.01399999 -1.05696985e-09
v -0.06449997 0.01426798 -1.07720253e-09
v -0.05449998 0.01399999 -1.05696985e-09
v -0.06349998 0.0139999917 0.0225679789
v -0.06449997 0.0142679817 0.0225679789
v -0.06349998 0.0139999934 0.0451349589
v -0.06347596 0.0143289535 0.0464999589
v -0.04511797 0.0139999935 0.0467679489
v -0.06449997 0.0142679834 0.0451359689
v -0.06450098 0.0142679834 0.0451359689
v -0.06448596 0.0145669535 0.0463959489
v -0.06523197 0.0149989734 0.0451359689
v -0.06523197 0.0149999834 0.0451359689
v -0.06522798 0.0152169435 0.0460589489
v -0.06549996 0.0161119634 0.0455959988
v -0.065225 0.0158360035 0.0467779588
v -0.06549996 0.0164219735 0.0459519588
v -0.06522297 0.0167149936 0.0471309987
v -0.06447398 0.0154109536 0.0473769888
v -0.06446897 0.0166119936 0.0478589487
v -0.06345599 0.0152649836 0.0475829788
v -0.06344598 0.0165759936 0.0481049987
v -0.06345599 0.0152599836 0.0475789888
v -0.04557597 0.0151579937 0.0490919889
v -0.06347495 0.0143359835 0.0465149789
v -0.04568594 0.0163879937 0.0496499488
v -0.02826398 0.0150769941 0.0539169889
v -0.04537194 0.0143039836 0.0480589789
v -0.02791595 0.014283954 0.0529479889
v -0.01138097 0.0142389545 0.0599219689
v -0.02748495 0.0139999939 0.0517499989
v -0.01099997 0.0139999944 0.0587999789
v -0.011186 0.0141859645 0.0598709489
v -0.01099997 0.0139999942 0.0549839689
v -0.01124495 0.0139999941 0.0539049489
v -0.01049995 0.0134999742 0.054983969
v -0.010719 0.0134999741 0.053859939
v -0.01049995 0.0134999745 0.059636949
v -0.01049995 4.15117427e-09 0.05498397
v -0.010719 4.06631236e-09 0.05385994
v -0.01049995 -0.0134999658 0.054983971
v -0.01049995 4.54225339e-09 0.06016397
v -0.01082295 4.64440431e-09 0.061517
v -0.01049995 -0.0134999655 0.059636951
v -0.01059299 -0.0135929454 0.060371991
v -0.01085299 -0.0138529454 0.061023951
v -0.01105594 -0.0140559554 0.0613359811
v -0.01119297 -0.0141919754 0.0613479611
v -0.01184594 -0.0142689853 0.0620829411
v -0.01171696 4.72435584e-09 0.06257599
v -0.01208698 -0.0143339553 0.0622220011
v -0.01324695 -0.0146429453 0.0625379611
v -0.01211398 -0.0144479753 0.0621079811
v -0.01336097 -0.0147939853 0.0624150011
v -0.01339095 -0.0146809753 0.0625439811
v -0.01405894 -0.0148579353 0.0624769911
v -0.01437598 -0.0149419853 0.0623909811
v -0.01457399 -0.0149939553 0.0623169511
v -0.014584 -0.0149969353 0.0623129611
v -0.01458597 -0.0149969353 0.0623119411
v -0.01458698 -0.0149969353 0.0623119411
v -0.01458698 -0.0149969353 0.0623119411
v -0.01458698 -0.0149969353 0.0623119411
v -0.01458698 -0.0149969353 0.0623119411
v -0.01458698 -0.0149969353 0.0623119411
v -0.01458698 -0.0149969353 0.0623119411
v -0.01458698 -0.0149969353 0.0623119411
v -0.01458698 -0.0149969353 0.0623119411
v -0.01458597 -0.0149969353 0.0623119411
v -0.01458597 -0.0149969353 0.0623119411
v -0.01458597 -0.0149969353 0.0623119411
v -0.01458597 -0.0149969353 0.0623119411
v -0.01458597 -0.0149969353 0.0623119411
v -0.01458698 -0.0149969353 0.0623119411
v -0.01462996 -0.0150089753 0.0622939411
v -0.01299196 4.76549993e-09 0.06312096
v -0.01324695 0.0146429547 0.0625379589
v -0.01437997 4.75878137e-09 0.06303197
v -0.01445996 0.00752795175 0.0628609594
v -0.01470398 0.0150279947 0.0622599689
v -0.03943794 0.0104569742 0.0551859692
v -0.03923398 0.0211109539 0.0520429584
v -0.05240696 0.011432944 0.0526309591
v -0.06549996 0.0117989739 0.0516699491
v -0.05223995 0.0230000037 0.0486659983
v -0.050843 0.0230000037 0.0488639383
v -0.06549996 0.0230000036 0.0477489783
v -0.06549996 0.0247329435 0.0468749981
v -0.06549996 0.0142199939 0.0510569789
v -0.06799995 0.0142199939 0.0510569789
v -0.06799995 0.0142189839 0.0510569789
v -0.06799995 0.0273969734 0.0453699779
v -0.06549996 0.0273969734 0.0453699779
v -0.06849998 0.0271379934 0.044941958
v -0.06799995 0.0385649827 0.0363559671
v -0.06549996 0.0385649827 0.0363549471
v -0.06799995 0.0469049819 0.0246759565
v -0.06849998 0.0382009727 0.0360129371
v -0.06849998 0.0464629518 0.0244429665
v -0.06849998 0.0513169708 0.0110799561
v -0.06849998 0.05230599 -3.9489924e-09
v -0.06799995 0.0518059708 0.0111859961
v -0.06799995 0.05280494 -3.98666208e-09
v -0.06549996 0.0518059708 0.0111859961
v -0.06549996 0.05280297 -3.98651335e-09
v -0.06549996 0.0469049819 0.0246749465
v -0.06549996 0.0518059692 -0.0111860039
v -0.06549996 0.0469049781 -0.0246759635
v -0.06799995 0.0518059692 -0.0111860039
v -0.06849998 0.0513169692 -0.0110799639
v -0.06799995 0.0469049781 -0.0246759635
v -0.06799995 0.0385649773 -0.0363559729
v -0.06849998 0.0464629482 -0.0244429735
v -0.06849998 0.0382009673 -0.0360129429
v -0.06849998 0.0271379866 -0.044941962
v -0.06799995 0.0273969666 -0.0453699821
v -0.06799995 0.0385649773 -0.0363559729
v -0.06799995 0.0273959566 -0.0453699821
v -0.06549996 0.0273959566 -0.0453699821
v -0.06549996 0.0259999565 -0.046184002
v -0.06549996 0.0385649773 -0.0363559729
v -0.05680495 0.0259999565 -0.046312982
v -0.06549996 0.0247329365 -0.0468750019
v -0.06549996 0.0259999568 -0.041989982
v -0.065234 0.0259999567 -0.043167942
v -0.06549996 0.0221619567 -0.0441339617
v -0.06523597 0.0225779966 -0.0450359517
v -0.06549996 0.0173269465 -0.0460809413
v -0.06549996 0.0168589865 -0.0461259413
v -0.06522399 0.0176589364 -0.0470399813
v -0.06523597 0.0225779966 -0.0450369717
v -0.06446999 0.0178989664 -0.0477339614
v -0.06522297 0.0167149864 -0.0471310013
v -0.065225 0.0158359965 -0.0467779612
v -0.06446897 0.0166119864 -0.0478589513
v -0.06447398 0.0154109464 -0.0473769912
v -0.06344598 0.0165759864 -0.0481050013
v -0.06345599 0.0152649764 -0.0475829812
v -0.06344598 0.0165829564 -0.0481059513
v -0.04568594 0.0163879863 -0.0496499512
v -0.06344795 0.0179809864 -0.0479699914
v -0.04567998 0.0177379763 -0.0496219913
v -0.06446999 0.0178989664 -0.0477339614
v -0.06352198 0.0229999965 -0.0459499917
v -0.06353497 0.0246699966 -0.0451169619
v -0.06451296 0.0228849565 -0.0456999517
v -0.06451398 0.0228839465 -0.0456999517
v -0.06450796 0.0259999567 -0.044026972
v -0.06403696 0.0259999567 -0.044260972
v -0.06351697 0.0259999567 -0.044345972
v -0.05684697 0.0259999566 -0.044448972
v -0.05669498 0.0259999566 -0.044592972
v -0.05567497 0.0249549666 -0.0452499919
v -0.05528795 0.0246869866 -0.0454649919
v -0.05526596 0.0246729766 -0.0454769719
v -0.05526095 0.0246689866 -0.0454799519
v -0.05526095 0.0246689866 -0.0454799519
v -0.05526095 0.0246689866 -0.0454799519
v -0.05526 0.0246689866 -0.0454799519
v -0.05526 0.0246689866 -0.0454799519
v -0.05526 0.0246689866 -0.0454799519
v -0.05526095 0.0246689866 -0.0454799519
v -0.05526095 0.0246689866 -0.0454799519
v -0.05526095 0.0246689866 -0.0454799519
v -0.05526095 0.0246689866 -0.0454799519
v -0.05526095 0.0246689866 -0.0454799519
v -0.05526095 0.0246689866 -0.0454799519
v -0.05526 0.0246689866 -0.0454799519
v -0.05525296 0.0246649866 -0.0454839419
v -0.05523997 0.0246559866 -0.0454909819
v -0.05514097 0.0245919766 -0.0455429519
v -0.05495899 0.0244789666 -0.0456359918
v -0.05426096 0.0240869465 -0.0459669818
v -0.05422896 0.0242069865 -0.0460349918
v -0.05385595 0.0238849465 -0.0461429918
v -0.05250996 0.0233479665 -0.0466399718
v -0.05178099 0.0231449565 -0.0468509717
v -0.051777 0.0231439365 -0.0468509717
v -0.051777 0.0231429865 -0.0468519917
v -0.051777 0.0231429865 -0.0468519917
v -0.051777 0.0231429865 -0.0468519917
v -0.051777 0.0231429865 -0.0468519917
v -0.051777 0.0231429865 -0.0468519917
v -0.051777 0.0231429865 -0.0468519917
v -0.051777 0.0231439365 -0.0468519917
v -0.051777 0.0231439365 -0.0468519917
v -0.051777 0.0231439365 -0.0468519917
v -0.051777 0.0231439365 -0.0468519917
v -0.051777 0.0231429865 -0.0468519917
v -0.05177098 0.0231419765 -0.0468529417
v -0.05174595 0.0231359565 -0.0468599717
v -0.05169796 0.0231249865 -0.0468719617
v -0.05160796 0.0231059665 -0.0468939517
v -0.05142098 0.0230669865 -0.0469389517
v -0.05381798 0.0240019465 -0.0462149918
v -0.05381399 0.0240009964 -0.0478000018
v -0.05080699 0.0230729463 -0.0487479517
v -0.05405998 0.0241219864 -0.0476959918
v -0.05669397 0.0259999565 -0.046215952
v -0.05412799 0.0240779464 -0.0478029818
v -0.05370295 0.0238729664 -0.0479799518
v -0.05331695 0.0237039864 -0.0481299718
v -0.05292397 0.0235469864 -0.0482739818
v -0.052522 0.0234049463 -0.0484099918
v -0.05211299 0.0232779863 -0.0485379618
v -0.051696 0.0231669463 -0.0486570017
v -0.05127197 0.0230739663 -0.0487650017
v -0.05105799 0.0230339663 -0.0488159617
v -0.05094999 0.0230169763 -0.0488399817
v -0.05089598 0.0230079763 -0.0488519617
v -0.05086898 0.0230039863 -0.0488579817
v -0.05085599 0.0230019563 -0.0488609617
v -0.05084896 0.0230009463 -0.0488629917
v -0.05084598 0.0230009463 -0.0488629917
v -0.05084395 0.0229999963 -0.0488639417
v -0.050843 0.0229999963 -0.0488639417
v -0.050843 0.0229999963 -0.0488639417
v -0.050843 0.0229999963 -0.0488639417
v -0.050843 0.0229999963 -0.0488639417
v -0.050843 0.0229999963 -0.0488639417
v -0.050843 0.0229999963 -0.0488639417
v -0.050843 0.0229999963 -0.0488639417
v -0.05084198 0.0229999963 -0.0488639417
v -0.050843 0.0229999963 -0.0488639417
v -0.050843 0.0229999963 -0.0488639417
v -0.050843 0.0229999963 -0.0488639417
v -0.04557597 0.0151579863 -0.0490919911
v -0.06345599 0.0152599764 -0.0475789912
v -0.06347495 0.0143359765 -0.0465149811
v -0.06448596 0.0145669465 -0.0463959511
v -0.06522798 0.0152169365 -0.0460589511
v -0.06450098 0.0142679766 -0.0451359711
v -0.06523197 0.0149989666 -0.0451359711
v -0.06523197 0.0149999766 -0.0451359711
v -0.06549996 0.0159999666 -0.0451359712
v -0.06523197 0.0149999783 -0.0225679811
v -0.06523197 0.01499998 -1.13246699e-09
v -0.06549996 0.0159999683 -0.0225679812
v -0.06549996 0.01599997 -1.20796414e-09
v -0.06549996 0.0159999717 0.0225679788
v -0.06523197 0.0149999817 0.0225679789
v -0.06549996 0.0159999734 0.0451359688
v -0.06549996 0.0161119566 -0.0455960012
v -0.06549996 0.0164219665 -0.0459519612
v -0.06849998 0.0140849938 0.0505749489
v -0.06549996 0.0259999635 0.046183998
v -0.06549996 0.0259999632 0.041989978
v -0.05680495 0.0259999635 0.046312978
v -0.05669397 0.0259999635 0.046215948
v -0.05412799 0.0240779536 0.0478029782
v -0.05370295 0.0238729736 0.0479799482
v -0.05405998 0.0241219936 0.0476959882
v -0.05381399 0.0240010036 0.0477999982
v -0.05080699 0.0230729537 0.0487479483
v -0.05381798 0.0240019535 0.0462149882
v -0.05422896 0.0242069935 0.0460349882
v -0.05104696 0.0231099736 0.0470999383
v -0.05026096 0.0230000036 0.0472679683
v -0.05104798 0.0230000036 0.0470229883
v -0.06352198 0.0230000035 0.0459499883
v -0.05142098 0.0230669935 0.0469389483
v -0.05025899 0.0228899736 0.0471929883
v -0.04318195 0.0218279937 0.0489949484
v -0.04317396 0.0177099738 0.0501569487
v -0.02423298 0.0176389842 0.0561109687
v -0.02398097 0.0174589742 0.0562409687
v -0.02355295 0.0174629643 0.0564109587
v -0.02358198 0.0174509843 0.0564009487
v -0.02349895 0.0174489643 0.0564349787
v -0.02350795 0.0175409943 0.0565109787
v -0.01949799 0.0164149944 0.0580759588
v -0.01950895 0.0164789544 0.0581509388
v -0.01811397 0.0160499844 0.0585799788
v -0.02846598 0.0162319541 0.0544789988
v -0.01540696 0.0153279945 0.0594289788
v -0.01541495 0.0153619645 0.0594909688
v -0.01394695 0.0149349545 0.0597749889
v -0.01119297 0.0141919845 0.0599009889
v -0.01119297 0.0141919846 0.0613479589
v -0.01211398 0.0144479847 0.0621079789
v -0.01105594 0.0140559646 0.0613359789
v -0.01184594 0.0142689947 0.0620829389
v -0.01085299 0.0138529546 0.061023949
v -0.01059299 0.0135929546 0.060371989
v -0.01208698 0.0143339647 0.0622219989
v -0.01336097 0.0147939947 0.0624149989
v -0.01461797 0.0151419647 0.0621419489
v -0.01339095 0.0146809847 0.0625439789
v -0.01405894 0.0148579447 0.0624769889
v -0.01437598 0.0149419947 0.0623909789
v -0.01457399 0.0149939647 0.0623169489
v -0.014584 0.0149969447 0.0623129589
v -0.01458597 0.0149969447 0.0623119389
v -0.01458698 0.0149969447 0.0623119389
v -0.01458698 0.0149969447 0.0623119389
v -0.01458698 0.0149969447 0.0623119389
v -0.01458698 0.0149969447 0.0623119389
v -0.01458698 0.0149969447 0.0623119389
v -0.01458698 0.0149969447 0.0623119389
v -0.01458698 0.0149969447 0.0623119389
v -0.01458698 0.0149969447 0.0623119389
v -0.01458597 0.0149969447 0.0623119389
v -0.01458597 0.0149969447 0.0623119389
v -0.01458597 0.0149969447 0.0623119389
v -0.01458597 0.0149969447 0.0623119389
v -0.01458597 0.0149969447 0.0623119389
v -0.01458698 0.0149979547 0.0623119389
v -0.01462996 0.0150089847 0.0622939389
v -0.03019899 0.0192199942 0.0552569585
v -0.03019899 0.0192199941 0.0536679585
v -0.03196895 0.0196369841 0.0545519485
v -0.05026096 0.0230000037 0.0488659683
v -0.03203499 0.0195519941 0.0546689585
v -0.05029499 0.0229269837 0.0489819583
v -0.02848398 0.0175359841 0.0545279887
v -0.02378499 0.0174109943 0.0563269787
v -0.04567998 0.0177379837 0.0496219887
v -0.06344795 0.0179809936 0.0479699886
v -0.06344598 0.0165829636 0.0481059487
v -0.06446999 0.0178989736 0.0477339586
v -0.06451398 0.0228839535 0.0456999483
v -0.06446999 0.0178989736 0.0477339586
v -0.06522399 0.0176589436 0.0470399787
v -0.06523597 0.0225780034 0.0450369683
v -0.06549996 0.0173269535 0.0460809387
v -0.06549996 0.0221619633 0.0441339583
v -0.06549996 0.0168589935 0.0461259387
v -0.06523597 0.0225780034 0.0450359483
v -0.065234 0.0259999633 0.043167938
v -0.06450796 0.0259999633 0.044026968
v -0.06403696 0.0259999633 0.044260968
v -0.06451296 0.0228849635 0.0456999483
v -0.06351697 0.0259999633 0.044345968
v -0.06353497 0.0246700034 0.0451169581
v -0.05684697 0.0259999634 0.044448968
v -0.05669498 0.0259999634 0.044592968
v -0.05567497 0.0249549734 0.0452499881
v -0.05528795 0.0246869934 0.0454649881
v -0.05526596 0.0246729834 0.0454769681
v -0.05526095 0.0246689934 0.0454799481
v -0.05526 0.0246689934 0.0454799481
v -0.05526 0.0246689934 0.0454799481
v -0.05526 0.0246689934 0.0454799481
v -0.05526 0.0246689934 0.0454799481
v -0.05526 0.0246689934 0.0454799481
v -0.05526 0.0246689934 0.0454799481
v -0.05526095 0.0246689934 0.0454799481
v -0.05526095 0.0246689934 0.0454799481
v -0.05526095 0.0246689934 0.0454799481
v -0.05526095 0.0246689934 0.0454799481
v -0.05526095 0.0246689934 0.0454799481
v -0.05526 0.0246689934 0.0454799481
v -0.05525296 0.0246649934 0.0454839381
v -0.05523997 0.0246559934 0.0454909781
v -0.05513995 0.0245919834 0.0455429481
v -0.05495899 0.0244789734 0.0456359882
v -0.05426096 0.0240869535 0.0459669782
v -0.05385595 0.0238849535 0.0461429882
v -0.05250996 0.0233479735 0.0466399682
v -0.05178099 0.0231449635 0.0468509683
v -0.051777 0.0231439435 0.0468519883
v -0.051777 0.0231429935 0.0468519883
v -0.051777 0.0231429935 0.0468519883
v -0.051777 0.0231429935 0.0468519883
v -0.051777 0.0231429935 0.0468519883
v -0.051777 0.0231429935 0.0468519883
v -0.051777 0.0231429935 0.0468519883
v -0.051777 0.0231439435 0.0468519883
v -0.051777 0.0231439435 0.0468519883
v -0.051777 0.0231439435 0.0468519883
v -0.051777 0.0231439435 0.0468519883
v -0.051777 0.0231429935 0.0468519883
v -0.05177098 0.0231419835 0.0468529383
v -0.05174595 0.0231359635 0.0468599683
v -0.05169796 0.0231249935 0.0468719583
v -0.05160796 0.0231059735 0.0468939483
v -0.05080699 0.0230729537 0.0487479483
v -0.05331695 0.0237039936 0.0481299682
v -0.05292397 0.0235469936 0.0482739782
v -0.052522 0.0234049537 0.0484099882
v -0.05211299 0.0232779937 0.0485379582
v -0.051696 0.0231669537 0.0486569983
v -0.05127197 0.0230739737 0.0487649983
v -0.05105799 0.0230339737 0.0488159583
v -0.05094999 0.0230169837 0.0488399783
v -0.05089598 0.0230079837 0.0488519583
v -0.05086898 0.0230039937 0.0488579783
v -0.05085599 0.0230019637 0.0488609583
v -0.05084896 0.0230009537 0.0488629883
v -0.05084598 0.0230009537 0.0488629883
v -0.05084395 0.0230000037 0.0488639383
v -0.050843 0.0230000037 0.0488639383
v -0.050843 0.0230000037 0.0488639383
v -0.050843 0.0230000037 0.0488639383
v -0.050843 0.0230000037 0.0488639383
v -0.050843 0.0230000037 0.0488639383
v -0.050843 0.0230000037 0.0488639383
v -0.050843 0.0230000037 0.0488639383
v -0.05084198 0.0230000037 0.0488639383
v -0.050843 0.0230000037 0.0488639383
v -0.050843 0.0230000037 0.0488639383
v -0.050843 0.0230000037 0.0488639383
v -0.050843 0.0230000037 0.0488639383
v -0.06549996 4.00138644e-09 0.05299997
v -0.01119297 -0.0141919755 0.0599009911
v -0.011186 -0.0141859555 0.0598709511
v -0.01138097 -0.0142389455 0.0599219711
v -0.01099997 -0.0139999856 0.0587999811
v -0.01099997 -0.0139999858 0.0549839711
v -0.02748495 -0.0139999861 0.0517500011
v -0.04511797 -0.0139999865 0.0467679511
v -0.02791595 -0.014283946 0.0529479911
v -0.04537194 -0.0143039764 0.0480589811
v -0.06347596 -0.0143289465 0.0464999611
v -0.04557597 -0.0151579863 0.0490919911
v -0.06345599 -0.0152599764 0.0475789912
v -0.06345599 -0.0152649764 0.0475829812
v -0.06347495 -0.0143359765 0.0465149811
v -0.06448596 -0.0145669465 0.0463959511
v -0.06522798 -0.0152169365 0.0460589511
v -0.06447398 -0.0154109464 0.0473769912
v -0.06450098 -0.0142679766 0.0451359711
v -0.06523197 -0.0149989666 0.0451359711
v -0.06449997 -0.0142679766 0.0451359711
v -0.06449997 -0.0142679783 0.0225679811
v -0.06349998 -0.0139999866 0.0451349611
v -0.06349998 -0.0139999883 0.0225679811
v -0.06349998 -0.01399999 1.05696985e-09
v -0.06449997 -0.01426798 1.07720253e-09
v -0.05449998 -0.01399999 1.05696985e-09
v -0.06349998 -0.0139999917 -0.0225679789
v -0.06349998 -0.0139999934 -0.0451349589
v -0.06449997 -0.0142679817 -0.0225679789
v -0.06449997 -0.0142679834 -0.0451359689
v -0.06523197 -0.0149999817 -0.0225679789
v -0.06523197 -0.01499998 1.13246699e-09
v -0.06549996 -0.0159999717 -0.0225679788
v -0.06523197 -0.0149999834 -0.0451359689
v -0.06549996 -0.0159999734 -0.0451359688
v -0.06523197 -0.0149989734 -0.0451359689
v -0.06522798 -0.0152169435 -0.0460589489
v -0.06450098 -0.0142679834 -0.0451359689
v -0.06448596 -0.0145669535 -0.0463959489
v -0.06447398 -0.0154109536 -0.0473769888
v -0.06347495 -0.0143359835 -0.0465149789
v -0.06345599 -0.0152599836 -0.0475789888
v -0.06347596 -0.0143289535 -0.0464999589
v -0.04537194 -0.0143039836 -0.0480589789
v -0.04557597 -0.0151579937 -0.0490919889
v -0.02791595 -0.014283954 -0.0529479889
v -0.04511797 -0.0139999935 -0.0467679489
v -0.02748495 -0.0139999939 -0.0517499989
v -0.01099997 -0.0139999944 -0.0587999789
v -0.01099997 -0.0139999942 -0.0549839689
v -0.011186 -0.0141859645 -0.0598709489
v -0.01119297 -0.0141919845 -0.0599009889
v -0.01138097 -0.0142389545 -0.0599219689
v -0.01394695 -0.0149349545 -0.0597749889
v -0.02826398 -0.0150769941 -0.0539169889
v -0.01540696 -0.0153279945 -0.0594289788
v -0.01811397 -0.0160499844 -0.0585799788
v -0.01541495 -0.0153619645 -0.0594909688
v -0.01950895 -0.0164789544 -0.0581509388
v -0.01949799 -0.0164149944 -0.0580759588
v -0.02350795 -0.0175409943 -0.0565109787
v -0.03019899 -0.0192199941 -0.0536679585
v -0.02349895 -0.0174489643 -0.0564349787
v -0.02355295 -0.0174629643 -0.0564109587
v -0.02358198 -0.0174509843 -0.0564009487
v -0.02378499 -0.0174109943 -0.0563269787
v -0.02398097 -0.0174589742 -0.0562409687
v -0.02848398 -0.0175359841 -0.0545279887
v -0.02423298 -0.0176389842 -0.0561109687
v -0.04318195 -0.0218279937 -0.0489949484
v -0.04317396 -0.0177099738 -0.0501569487
v -0.05025899 -0.0228899736 -0.0471929883
v -0.05026096 -0.0230000036 -0.0472679683
v -0.05104798 -0.0230000036 -0.0470229883
v -0.05104696 -0.0231099736 -0.0470999383
v -0.05151396 -0.0230859535 -0.0469169583
v -0.06352198 -0.0230000035 -0.0459499883
v -0.06344795 -0.0179809936 -0.0479699886
v -0.04567998 -0.0177379837 -0.0496219887
v -0.06344598 -0.0165829636 -0.0481059487
v -0.06446999 -0.0178989736 -0.0477339586
v -0.06446999 -0.0178989736 -0.0477339586
v -0.06451398 -0.0228839535 -0.0456999483
v -0.06523597 -0.0225780034 -0.0450369683
v -0.06523597 -0.0225780034 -0.0450369683
v -0.06522399 -0.0176589436 -0.0470399787
v -0.06522297 -0.0167149936 -0.0471309987
v -0.06549996 -0.0173269535 -0.0460809387
v -0.06549996 -0.0221619633 -0.0441339583
v -0.06549996 -0.0168589935 -0.0461259387
v -0.06549996 -0.0164219735 -0.0459519588
v -0.06549996 -0.0161119634 -0.0455959988
v -0.065225 -0.0158360035 -0.0467779588
v -0.06549996 -0.0269099431 -0.041407998
v -0.06446897 -0.0166119936 -0.0478589487
v -0.06344598 -0.0165759936 -0.0481049987
v -0.06345599 -0.0152649836 -0.0475829788
v -0.04568594 -0.0163879937 -0.0496499488
v -0.02846598 -0.0162319541 -0.0544789988
v -0.05174398 -0.0231359635 -0.0468599683
v -0.05177497 -0.0231429935 -0.0468519883
v -0.051777 -0.0231429935 -0.0468519883
v -0.051777 -0.0231429935 -0.0468519883
v -0.051777 -0.0231429935 -0.0468519883
v -0.051777 -0.0231429935 -0.0468519883
v -0.051777 -0.0231429935 -0.0468519883
v -0.051777 -0.0231429935 -0.0468519883
v -0.051777 -0.0231429935 -0.0468519883
v -0.051777 -0.0231429935 -0.0468519883
v -0.051777 -0.0231429935 -0.0468519883
v -0.051777 -0.0231429935 -0.0468519883
v -0.051777 -0.0231429935 -0.0468519883
v -0.051777 -0.0231439435 -0.0468519883
v -0.051777 -0.0231439435 -0.0468519883
v -0.05177897 -0.0231439435 -0.0468509683
v -0.05178499 -0.0231459735 -0.0468489483
v -0.05183196 -0.0231570035 -0.0468369683
v -0.05197799 -0.0231930035 -0.0467979882
v -0.05285096 -0.0234649735 -0.0465259482
v -0.05283099 -0.0235859735 -0.0465959882
v -0.05405497 -0.0239819835 -0.0460579882
v -0.05449795 -0.0242129535 -0.0458589682
v -0.05446398 -0.0243330035 -0.0459269782
v -0.05526 -0.0246689934 -0.0454799481
v -0.05526095 -0.0246689934 -0.0454799481
v -0.05526095 -0.0246689934 -0.0454799481
v -0.05526095 -0.0246689934 -0.0454799481
v -0.05526095 -0.0246689934 -0.0454799481
v -0.05526095 -0.0246689934 -0.0454799481
v -0.05526 -0.0246689934 -0.0454799481
v -0.05526 -0.0246689934 -0.0454799481
v -0.05526 -0.0246689934 -0.0454799481
v -0.05526 -0.0246689934 -0.0454799481
v -0.05526095 -0.0246689934 -0.0454799481
v -0.05526095 -0.0246689934 -0.0454799481
v -0.05526095 -0.0246700034 -0.0454799481
v -0.05526196 -0.0246700034 -0.0454789881
v -0.05526494 -0.0246719734 -0.0454779781
v -0.05527395 -0.0246779934 -0.0454729681
v -0.05530399 -0.0246979534 -0.0454569981
v -0.05540698 -0.0247659634 -0.0454009681
v -0.05563396 -0.0249249934 -0.0452739481
v -0.05345594 -0.0238369735 -0.0463629882
v -0.05487698 -0.0245719535 -0.0457249781
v -0.05592298 -0.0252919734 -0.0451399581
v -0.054874 -0.0245710036 -0.0473199381
v -0.05580896 -0.0252040035 -0.0468159881
v -0.05430299 -0.0242480036 -0.0475889982
v -0.05437296 -0.0242059836 -0.0476949782
v -0.053451 -0.0238359536 -0.0479469782
v -0.05262696 -0.0235139736 -0.0482469682
v -0.051907 -0.0232949837 -0.0484729982
v -0.05268299 -0.0234599737 -0.0483569482
v -0.05385094 -0.0239419936 -0.0479189682
v -0.05242794 -0.0233739637 -0.0484399682
v -0.05217099 -0.0232949837 -0.0485199582
v -0.05191099 -0.0232219637 -0.0485969682
v -0.05164796 -0.0231549737 -0.0486699883
v -0.051382 -0.0230959637 -0.0487379983
v -0.05111294 -0.0230439937 -0.0488029683
v -0.050978 -0.0230209837 -0.0488339583
v -0.05090999 -0.0230099537 -0.0488489783
v -0.05087596 -0.0230049437 -0.0488569683
v -0.05085897 -0.0230029837 -0.0488599483
v -0.05085098 -0.0230009537 -0.0488619783
v -0.05084699 -0.0230009537 -0.0488629883
v -0.05084395 -0.0230000037 -0.0488639383
v -0.050843 -0.0230000037 -0.0488639383
v -0.050843 -0.0230000037 -0.0488639383
v -0.050843 -0.0230000037 -0.0488639383
v -0.050843 -0.0230000037 -0.0488639383
v -0.050843 -0.0230000037 -0.0488639383
v -0.050843 -0.0230000037 -0.0488639383
v -0.050843 -0.0230000037 -0.0488639383
v -0.05084198 -0.0230000037 -0.0488639383
v -0.05084198 -0.0230000037 -0.0488639383
v -0.05084198 -0.0230000037 -0.0488639383
v -0.050843 -0.0230000037 -0.0488639383
v -0.050843 -0.0230000037 -0.0488639383
v -0.050843 -0.0230000037 -0.0488639383
v -0.05029499 -0.0229269837 -0.0489819583
v -0.05080699 -0.0230720037 -0.0487479483
v -0.05223995 -0.0230000037 -0.0486659983
v -0.05240696 -0.011432944 -0.0526309591
v -0.06549996 -0.0230000036 -0.0477489783
v -0.06549996 -0.0248059635 -0.0468369681
v -0.06549996 -0.0142199939 -0.0510559589
v -0.06549996 -0.0117989739 -0.0516699491
v -0.06799995 -0.0142199939 -0.0510569789
v -0.06549996 -0.0262749735 -0.046028968
v -0.06549996 -0.0271430034 -0.045521968
v -0.05658894 -0.0257759635 -0.0464739681
v -0.05713397 -0.0264070035 -0.046026998
v -0.055893 -0.0251759835 -0.0469219581
v -0.05744498 -0.0269569734 -0.045657988
v -0.05702698 -0.0264089735 -0.045919948
v -0.05614799 -0.0254780035 -0.0466059981
v -0.05763 -0.0279999934 -0.0449999479
v -0.06549996 -0.0279999934 -0.0449999479
v -0.06549996 -0.0273969734 -0.0453699779
v -0.03943794 -0.0104569742 -0.0551859692
v -0.03923398 -0.0211109539 -0.0520429584
v -0.03949195 -4.23875334e-09 -0.05614399
v -0.01445996 -0.00752795175 -0.0628609594
v -0.01437997 -4.75878137e-09 -0.06303197
v -0.01470398 -0.0150279947 -0.0622599689
v -0.01461797 -0.0151419647 -0.0621419489
v -0.01462996 -0.0150089847 -0.0622939389
v -0.03203499 -0.0195519941 -0.0546689585
v -0.03196895 -0.0196369841 -0.0545519485
v -0.05026096 -0.0230000037 -0.0488659683
v -0.03019899 -0.0192199942 -0.0552569585
v -0.05080699 -0.0230720037 -0.0487479483
v -0.01458698 -0.0149969447 -0.0623119389
v -0.01458597 -0.0149969447 -0.0623119389
v -0.01458597 -0.0149969447 -0.0623119389
v -0.01458597 -0.0149969447 -0.0623119389
v -0.01458597 -0.0149969447 -0.0623119389
v -0.01458597 -0.0149969447 -0.0623119389
v -0.01458698 -0.0149969447 -0.0623119389
v -0.01458698 -0.0149969447 -0.0623119389
v -0.01458698 -0.0149969447 -0.0623119389
v -0.01458698 -0.0149969447 -0.0623119389
v -0.01458698 -0.0149969447 -0.0623119389
v -0.01458698 -0.0149969447 -0.0623119389
v -0.01458698 -0.0149969447 -0.0623119389
v -0.01458698 -0.0149969447 -0.0623119389
v -0.01458597 -0.0149969447 -0.0623119389
v -0.014584 -0.0149969447 -0.0623129589
v -0.01457399 -0.0149939647 -0.0623169489
v -0.01437598 -0.0149419947 -0.0623909789
v -0.01405894 -0.0148579447 -0.0624769889
v -0.01339095 -0.0146809847 -0.0625439789
v -0.01336097 -0.0147939947 -0.0624149989
v -0.01324695 -0.0146429547 -0.0625379589
v -0.01299196 -4.76549993e-09 -0.06312096
v -0.01208698 -0.0143339647 -0.0622219989
v -0.01211398 -0.0144479847 -0.0621079789
v -0.01184594 -0.0142689947 -0.0620829389
v -0.01105594 -0.0140559646 -0.0613359789
v -0.01171696 -4.72435584e-09 -0.06257599
v -0.01082295 -4.64440431e-09 -0.061517
v -0.01184594 0.0142689853 -0.0620829411
v -0.01208698 0.0143339553 -0.0622220011
v -0.01105594 0.0140559554 -0.0613359811
v -0.01119297 0.0141919754 -0.0613479611
v -0.01085299 0.0138529454 -0.061023951
v -0.01059299 0.0135929454 -0.060371991
v -0.01049995 0.0134999655 -0.059636951
v -0.01049995 -4.54225339e-09 -0.06016397
v -0.01049995 0.0134999658 -0.054983971
v -0.01099997 0.0139999858 -0.0549839711
v -0.010719 0.0134999659 -0.053860961
v -0.01049995 -4.15117427e-09 -0.05498397
v -0.010719 -4.06638937e-09 -0.05386096
v -0.01049995 -0.0134999742 -0.054983969
v -0.010719 -0.0134999741 -0.053860959
v -0.01049995 -0.0134999745 -0.059636949
v -0.01059299 -0.0135929546 -0.060371989
v -0.01085299 -0.0138529546 -0.061023949
v -0.01079398 -0.0134999741 -0.053689949
v -0.01124495 -0.0139999941 -0.0539049489
v -0.01134198 -0.013499974 -0.052899949
v -0.01175194 -0.013713954 -0.052814959
v -0.01134198 -3.99383514e-09 -0.05289995
v -0.01134198 0.013499966 -0.052899951
v -0.01175194 0.013713946 -0.052814961
v -0.01079398 0.0134999659 -0.053689001
v -0.01124495 0.0139999859 -0.0539049511
v -0.01193195 0.013999986 -0.0530380011
v -0.01292496 0.013999986 -0.0525509711
v -0.02523899 0.0139999864 -0.0479999711
v -0.02523899 -0.0139999936 -0.0479999689
v -0.03729295 0.013999987 -0.0395259811
v -0.03729295 -0.013999993 -0.0395259789
v -0.04660797 0.0139999879 -0.0281080011
v -0.05248999 0.0139999889 -0.0145979511
v -0.04660797 -0.0139999921 -0.0281079989
v -0.05248999 -0.0139999911 -0.0145979489
v -0.01292496 -0.013999994 -0.0525509689
v -0.01193195 -0.013999994 -0.0530379989
v -0.01119297 0.0141919755 -0.0599009911
v -0.01211398 0.0144479753 -0.0621079811
v -0.01336097 0.0147939853 -0.0624150011
v -0.01339095 0.0146809753 -0.0625439811
v -0.01405894 0.0148579353 -0.0624769911
v -0.01324695 0.0146429453 -0.0625379611
v -0.01437598 0.0149419853 -0.0623909811
v -0.01457399 0.0149939553 -0.0623169511
v -0.014584 0.0149969353 -0.0623129611
v -0.01458597 0.0149969353 -0.0623119411
v -0.01458698 0.0149969353 -0.0623119411
v -0.01458698 0.0149969353 -0.0623119411
v -0.01458698 0.0149969353 -0.0623119411
v -0.01458698 0.0149969353 -0.0623119411
v -0.01458698 0.0149969353 -0.0623119411
v -0.01458698 0.0149969353 -0.0623119411
v -0.01458698 0.0149969353 -0.0623119411
v -0.01458698 0.0149969353 -0.0623119411
v -0.01458597 0.0149969353 -0.0623119411
v -0.01458597 0.0149969353 -0.0623119411
v -0.01458597 0.0149969353 -0.0623119411
v -0.01458597 0.0149969353 -0.0623119411
v -0.01458597 0.0149969353 -0.0623119411
v -0.01458698 0.0149979453 -0.0623119411
v -0.01462996 0.0150089753 -0.0622939411
v -0.01119297 -0.0141919846 -0.0613479589
v -0.01445996 0.00752794225 -0.0628609606
v -0.05191099 -0.0232949835 -0.0468869782
v -0.06523197 -0.0149999783 0.0225679811
v -0.06549996 -0.0159999683 0.0225679812
v -0.06523197 -0.0149999766 0.0451359711
v -0.06549996 -0.0159999666 0.0451359712
v -0.06549996 -0.0161119566 0.0455960012
v -0.06549996 -0.0164219665 0.0459519612
v -0.065225 -0.0158359965 0.0467779612
v -0.06549996 -0.0168589865 0.0461259413
v -0.06522297 -0.0167149864 0.0471310013
v -0.06549996 -0.0173269465 0.0460809413
v -0.06549996 -0.0221619567 0.0441339617
v -0.06522399 -0.0176589364 0.0470399813
v -0.06446999 -0.0178989664 0.0477339614
v -0.06523597 -0.0225779966 0.0450369717
v -0.06446897 -0.0166119864 0.0478589513
v -0.06344598 -0.0165759864 0.0481050013
v -0.05248999 -0.0139999889 0.0145979511
v -0.05248999 0.0139999911 0.0145979489
v -0.04660797 -0.0139999879 0.0281080011
v -0.04660797 0.0139999921 0.0281079989
v -0.03729295 -0.013999987 0.0395259811
v -0.03729295 0.013999993 0.0395259789
v -0.02523899 -0.0139999864 0.0479999711
v -0.02523899 0.0139999936 0.0479999689
v -0.01292496 -0.013999986 0.0525509711
v -0.01193195 -0.013999986 0.0530380011
v -0.01175194 -0.013713946 0.052814961
v -0.01134198 -0.013499966 0.052899951
v -0.01079398 -0.0134999659 0.053689951
v -0.01134198 3.99383514e-09 0.05289995
v -0.01134198 0.013499974 0.052899949
v -0.01079398 0.0134999741 0.053689949
v -0.01175194 0.013713954 0.052814959
v -0.01292496 0.013999994 0.0525509689
v -0.01193195 0.013999994 0.0530379989
v -0.010719 -0.0134999659 0.053859941
v -0.01124495 -0.0139999859 0.0539049511
v -0.01394695 -0.0149349455 0.0597749911
v -0.02848398 0.0175359759 -0.0545279913
v -0.06849998 -0.0617969607 -0.00934898333
v -0.05025899 -0.0228899664 0.0471929917
v -0.02423298 -0.0176389758 0.0561109713
v -0.02355295 -0.0174629557 0.0564109613
v -0.02358198 -0.0174509757 0.0564009513
v -0.02378499 -0.0174109857 0.0563269813
v -0.0575 -0.0452339581 0.0245509734
v -0.05758297 -0.049803969 0.0126439938
v -0.05758297 -0.049803969 0.0126429738
v -0.0005 0.0213999661 -0.0519999816
v -0.0005 0.021399966 -0.0524999416
v 0.006899952 0.0213999661 -0.0514709916
v -0.007900953 0.0213999661 -0.0514709916
v -0.02210199 0.0213999664 -0.0473009916
v -0.007872998 0.0211999961 -0.0512729816
v 0.006871998 0.0211999961 -0.0512729816
v -0.02201896 0.0211999964 -0.0471189616
v -0.007872998 0.0209999561 -0.0512729816
v 0.006871998 0.0209999561 -0.0512729816
v -0.02201896 0.0209999564 -0.0471189616
v -0.03442198 0.020999957 -0.0391479716
v -0.04407697 0.0209999579 -0.0280050016
v -0.03442198 0.021199997 -0.0391479716
v -0.03455299 0.021399967 -0.0392989516
v -0.04407697 0.0211999979 -0.0280050016
v -0.044245 0.0213999679 -0.0281129416
v -0.05020195 0.0211999989 -0.0145939516
v -0.05020195 0.0209999589 -0.0145939516
v -0.05039399 0.0213999689 -0.0146499816
v -0.05229997 0.0212 -1.60055548e-09
v -0.05249994 0.02139997 -1.6156528e-09
v -0.05020195 0.0212000011 0.0145939484
v -0.05229997 0.02099996 -1.58545288e-09
v -0.05020195 0.0209999611 0.0145939484
v -0.04407697 0.0209999621 0.0280049984
v -0.03442198 0.020999963 0.0391479684
v -0.04407697 0.0212000021 0.0280049984
v -0.044245 0.0213999721 0.0281129384
v -0.03442198 0.021200003 0.0391479684
v -0.03455299 0.021399973 0.0392989484
v -0.02201896 0.0212000036 0.0471189584
v -0.007872998 0.0212000039 0.0512729784
v -0.02201896 0.0209999636 0.0471189584
v -0.02210199 0.0213999736 0.0473009884
v -0.007900953 0.0213999739 0.0514709884
v -0.0005 0.0213999739 0.0519999784
v -0.0005 0.021399974 0.0524999384
v 0.006899952 0.0213999739 0.0514709884
v 0.02110099 0.0213999736 0.0473009884
v 0.006871998 0.0212000039 0.0512729784
v 0.02101796 0.0212000036 0.0471189584
v 0.006871998 0.0209999639 0.0512729784
v -0.007872998 0.0209999639 0.0512729784
v 0.02101796 0.0209999636 0.0471189584
v 0.03342097 0.020999963 0.0391479684
v 0.04307699 0.0209999621 0.0280049984
v 0.03342097 0.021200003 0.0391479684
v 0.03355199 0.021399973 0.0392989484
v 0.04307699 0.0212000021 0.0280049984
v 0.04324495 0.0213999721 0.0281129384
v 0.04920095 0.0212000011 0.0145939484
v 0.04920095 0.0209999611 0.0145939484
v 0.05129998 0.0212 -1.60055548e-09
v 0.04939299 0.0213999711 0.0146499784
v 0.05149996 0.02139997 -1.6156528e-09
v 0.04939299 0.0213999689 -0.0146499816
v 0.04324495 0.0213999679 -0.0281129416
v 0.04920095 0.0211999989 -0.0145939516
v 0.04307699 0.0211999979 -0.0280050016
v 0.04920095 0.0209999589 -0.0145939516
v 0.05129998 0.02099996 -1.58545288e-09
v 0.04307699 0.0209999579 -0.0280050016
v 0.03342097 0.020999957 -0.0391479716
v 0.03342097 0.021199997 -0.0391479716
v 0.02101796 0.0209999564 -0.0471189616
v 0.02101796 0.0211999964 -0.0471189616
v 0.02110099 0.0213999664 -0.0473009916
v 0.03355199 0.021399967 -0.0392989516
v 0.006970942 0.0213999739 0.0519659484
v -0.007971942 0.0213999739 0.0519659484
v -0.02230995 0.0213999736 0.0477559484
v -0.008184969 0.019899964 0.0534499785
v -0.01134198 0.019899964 0.0528999485
v 0.004532992 0.0198999641 0.0537649885
v 0.004532992 0.00537598506 0.0537649896
v 0.007184982 0.019899964 0.0534499785
v 0.01997095 0.0198999638 0.0499689485
v 0.01997196 0.00537598477 0.0499689496
v 0.021932 0.0198999637 0.0491199385
v 0.03363597 0.0198999632 0.0418419785
v 0.02130895 0.0213999736 0.0477559484
v 0.03387999 0.021399973 0.0396769584
v 0.04366499 0.0213999721 0.0283839684
v 0.03486198 0.0198999631 0.0408099785
v 0.04434096 0.0198999623 0.0300869885
v 0.04434096 0.00537598327 0.0300869896
v 0.044927 0.0198999622 0.0291949485
v 0.05115896 0.0198999612 0.0157249485
v 0.05115896 0.00537598219 0.0157249496
v 0.05131196 0.0198999611 0.0152139585
v 0.04987299 0.0213999711 0.0147909484
v 0.05349999 0.01989996 -1.50240519e-09
v 0.05131196 0.0198999589 -0.0152139615
v 0.05349999 -0.00149995 1.13243075e-10
v 0.05199998 0.02139997 -1.6156528e-09
v 0.04987299 0.0213999689 -0.0147909516
v 0.04366499 0.0213999679 -0.0283839716
v 0.03387999 0.021399967 -0.0396769616
v 0.044927 0.0198999578 -0.0291949515
v 0.04434096 0.0198999577 -0.0300869915
v 0.05115896 0.0198999588 -0.0157249515
v 0.05115896 0.00537597981 -0.0157249504
v 0.05339896 0.00537598075 -0.00330197841
v 0.04434096 0.00537597873 -0.0300869904
v 0.03363597 0.00537597784 -0.0418419804
v 0.03363597 0.0198999568 -0.0418419815
v 0.01997196 0.00537597723 -0.0499689504
v 0.01997095 0.0198999562 -0.0499689515
v 0.004532992 0.00537597694 -0.0537649904
v -0.01134198 0.00537597701 -0.0528999504
v 0.004532992 0.0198999559 -0.0537649915
v -0.008184969 0.019899956 -0.0534499815
v 0.007184982 0.019899956 -0.0534499815
v 0.006970942 0.0213999661 -0.0519659516
v 0.02130895 0.0213999664 -0.0477559516
v 0.021932 0.0198999563 -0.0491199415
v -0.01134198 0.019899956 -0.0528999515
v -0.007971942 0.0213999661 -0.0519659516
v -0.02230995 0.0213999664 -0.0477559516
v -0.03488099 0.021399967 -0.0396769616
v -0.022933 0.0198999563 -0.0491199415
v -0.02523899 0.0198999564 -0.0479999715
v -0.02523899 0.00529998138 -0.0479999704
v -0.03586298 0.0198999569 -0.0408099815
v -0.03729295 0.019899957 -0.0395259815
v -0.03729295 0.00529998202 -0.0395259804
v -0.045928 0.0198999578 -0.0291949515
v -0.04466599 0.0213999679 -0.0283839716
v -0.04660797 0.0198999579 -0.0281080015
v -0.04660797 0.00529998288 -0.0281080004
v -0.05231297 0.0198999589 -0.0152139615
v -0.05087399 0.0213999689 -0.0147909516
v -0.05248999 0.0198999589 -0.0145979515
v -0.05248999 0.0052999839 -0.0145979504
v -0.05449998 0.01989996 -1.50240519e-09
v -0.05248999 0.0198999611 0.0145979485
v -0.05449998 0.005299985 -4.00137738e-10
v -0.05299997 0.02139997 -1.6156528e-09
v -0.05087399 0.0213999711 0.0147909484
v -0.04466599 0.0213999721 0.0283839684
v -0.05231297 0.0198999611 0.0152139585
v -0.04660797 0.0198999621 0.0281079985
v -0.045928 0.0198999622 0.0291949485
v -0.04660797 0.00529998712 0.0281079996
v -0.03729295 0.00529998798 0.0395259796
v -0.05248999 0.0052999861 0.0145979496
v -0.02523899 0.00529998862 0.0479999696
v -0.03729295 0.019899963 0.0395259785
v -0.03586298 0.0198999631 0.0408099785
v -0.03488099 0.021399973 0.0396769584
v -0.02523899 0.0198999636 0.0479999685
v -0.022933 0.0198999637 0.0491199385
v -0.01134198 0.00529998899 0.0528999496
v -0.01134198 0.00537598499 0.0528999496
v -0.01134198 0.00529998101 -0.0528999504
v 0.03486198 0.0198999569 -0.0408099815
v 0.05339896 -0.00149995025 -0.00330197789
v 0.05339896 -0.00149994975 0.00330197811
v 0.05339896 0.00537598125 0.00330197759
v 0.03363597 0.00537598416 0.0418419796
v -0.05039399 0.0213999711 0.0146499784
v -0.05394995 -0.007699966 5.81331263e-10
v -0.05394995 -0.03359997 2.53672718e-09
v -0.05178499 -0.00769996714 -0.0150589894
v -0.05178499 -0.00769996486 0.0150589906
v -0.04546499 -0.00769996382 0.0288969806
v -0.05178499 -0.0335999689 0.0150589925
v -0.05082595 -0.0345999489 0.0147770026
v -0.04546499 -0.0335999678 0.0288969825
v -0.04462397 -0.0345999479 0.0283569626
v -0.03550297 -0.033599967 0.0403949625
v -0.022704 -0.0335999663 0.0486199825
v -0.03484797 -0.034599947 0.0396389926
v -0.03550297 -0.00769996295 0.0403949606
v -0.022704 -0.00769996233 0.0486199806
v -0.008106946 -0.00769996201 0.0529059706
v 0.007106959 -0.00769996201 0.0529059706
v -0.008106946 -0.033599966 0.0529059725
v -0.007964968 -0.0345999461 0.0519160026
v 0.007106959 -0.033599966 0.0529059725
v 0.02170395 -0.0335999663 0.0486199825
v 0.006963968 -0.0345999461 0.0519160026
v 0.02128797 -0.0345999464 0.0477100026
v 0.03384697 -0.034599947 0.0396389926
v 0.03450196 -0.033599967 0.0403949625
v 0.04362297 -0.0345999479 0.0283569626
v 0.044465 -0.0335999678 0.0288969825
v 0.04982495 -0.0345999489 0.0147770026
v 0.05194997 -0.03459995 2.61222357e-09
v 0.05078399 -0.0335999689 0.0150589925
v 0.05078399 -0.00769996486 0.0150589906
v 0.05294996 -0.03359997 2.53672718e-09
v 0.05078399 -0.0335999711 -0.0150589875
v 0.05294996 -0.007699966 5.81331263e-10
v 0.05078399 -0.00769996714 -0.0150589894
v 0.044465 -0.00769996818 -0.0288969794
v 0.03450196 -0.00769996905 -0.0403949594
v 0.044465 -0.0335999722 -0.0288969775
v 0.04362297 -0.0345999521 -0.0283569574
v 0.03450196 -0.033599973 -0.0403949575
v 0.03384697 -0.034599953 -0.0396389874
v 0.02170395 -0.0335999737 -0.0486199775
v 0.007106959 -0.033599974 -0.0529059675
v 0.02128797 -0.0345999536 -0.0477099974
v 0.02170395 -0.00769996967 -0.0486199794
v 0.007106959 -0.00769996999 -0.0529059694
v -0.008106946 -0.00769996999 -0.0529059694
v -0.022704 -0.00769996967 -0.0486199794
v -0.008106946 -0.033599974 -0.0529059675
v -0.022704 -0.0335999737 -0.0486199775
v -0.007964968 -0.0345999539 -0.0519159974
v 0.006963968 -0.0345999539 -0.0519159974
v -0.02228897 -0.0345999536 -0.0477099974
v -0.03484797 -0.034599953 -0.0396389874
v -0.03550297 -0.033599973 -0.0403949575
v -0.04462397 -0.0345999521 -0.0283569574
v -0.04546499 -0.0335999722 -0.0288969775
v -0.05082595 -0.0345999511 -0.0147769974
v -0.05294996 -0.03459995 2.61222357e-09
v -0.05178499 -0.0335999711 -0.0150589875
v -0.04546499 -0.00769996818 -0.0288969794
v -0.03550297 -0.00769996905 -0.0403949594
v 0.04982495 -0.0345999511 -0.0147769974
v 0.044465 -0.00769996382 0.0288969806
v 0.03450196 -0.00769996295 0.0403949606
v 0.02170395 -0.00769996233 0.0486199806
v -0.02228897 -0.0345999464 0.0477100026
v -0.000666 -0.00769996192 0.0540079406
v -0.01587498 -0.00769996209 0.0517729506
v 0.014557 -0.00769996208 0.0518659906
v -0.000687 -0.00569998739 0.0609999804
v 0.01650595 -0.00569998758 0.0585809904
v -0.017865 -0.00569998759 0.0584759704
v -0.000687 0.00329995561 0.0609999798
v -0.000666 0.00529998908 0.0540079396
v -0.017865 0.00329995541 0.0584759698
v 0.01650595 0.00329995542 0.0585809898
v 0.014557 0.00529998892 0.0518659896
v 0.03232198 0.00329995488 0.0514169898
v 0.02855896 0.00529998844 0.0455229796
v 0.04547798 0.00329995403 0.0400879898
v 0.03232198 -0.00569998812 0.0514169904
v 0.02855896 -0.00769996256 0.0455229806
v 0.04547798 -0.00569998897 0.0400879904
v 0.04020696 -0.00769996332 0.0354920006
v 0.05490899 -0.00569999007 0.0255099504
v 0.04855799 -0.00769996429 0.0225859806
v 0.059852 -0.00569999133 0.00886595243
v 0.05490899 0.00329995293 0.0255099498
v 0.04855799 0.00529998671 0.0225859796
v 0.059852 0.00329995167 0.00886595175
v 0.05990499 0.00329995036 -0.00849699925
v 0.05293399 0.00529998559 0.0078499906
v 0.05298095 0.00529998443 -0.0075230004
v 0.04869496 0.00529998332 -0.0222849804
v 0.04042398 0.00529998234 -0.0352419604
v 0.05506396 0.0032999491 -0.0251699602
v 0.04572194 0.00329994799 -0.0398049902
v 0.05506396 -0.0056999939 -0.0251699596
v 0.05990499 -0.00569999264 -0.00849699857
v 0.04869496 -0.00769996768 -0.0222849794
v 0.04572194 -0.00569999501 -0.0398049896
v 0.04042398 -0.00769996866 -0.0352419594
v 0.03263598 -0.00569999587 -0.0512149896
v 0.02883797 -0.00769996942 -0.0453449394
v 0.01686495 -0.00569999641 -0.0584759696
v 0.03263598 0.00329994713 -0.0512149902
v 0.02883797 0.00529998158 -0.0453449404
v 0.01686495 0.00329994659 -0.0584759702
v 0.01487398 0.00529998109 -0.0517729504
v -0.000314 0.00329994639 -0.0609999802
v -0.000335 0.00529998092 -0.0540079404
v -0.01750695 0.00329994658 -0.0585809902
v -0.000314 -0.00569999661 -0.0609999796
v -0.000335 -0.00769997008 -0.0540079394
v -0.01750695 -0.00569999642 -0.0585809896
v -0.015558 -0.00769996992 -0.0518659894
v -0.03332197 -0.00569999588 -0.0514169896
v -0.02955996 -0.00769996944 -0.0455229794
v -0.04647898 -0.00569999503 -0.0400879896
v -0.03332197 0.00329994712 -0.0514169902
v -0.02955996 0.00529998156 -0.0455229804
v -0.04647898 0.00329994797 -0.0400879902
v -0.04120796 0.00529998232 -0.0354920004
v -0.05590999 0.00329994907 -0.0255099502
v -0.04955899 0.00529998329 -0.0225859804
v -0.060853 0.00329995033 -0.00886595225
v -0.05590999 -0.00569999393 -0.0255099496
v -0.04955899 -0.00769996771 -0.0225859794
v -0.060853 -0.00569999267 -0.00886595157
v -0.05393499 -0.00769996659 -0.00784999042
v -0.06090599 -0.00569999136 0.00849699943
v -0.05398195 -0.00769996543 0.00752300058
v -0.05606496 -0.0056999901 0.0251699604
v -0.06090599 0.00329995164 0.00849699875
v -0.05398195 0.00529998557 0.0075229996
v -0.05606496 0.0032999529 0.0251699598
v -0.04969596 0.00529998668 0.0222849796
v -0.04672294 0.00329995401 0.0398049898
v -0.04142498 0.00529998766 0.0352419596
v -0.03363698 0.00329995487 0.0512149898
v -0.04672294 -0.00569998899 0.0398049904
v -0.04142498 -0.00769996334 0.0352419606
v -0.03363698 -0.00569998813 0.0512149904
v -0.02983796 -0.00769996258 0.0453449406
v -0.04969596 -0.00769996432 0.0222849806
v -0.02983796 0.00529998842 0.0453449396
v -0.01587498 0.00529998891 0.0517729496
v -0.05393499 0.00529998441 -0.0078499914
v -0.04120796 -0.00769996868 -0.0354919994
v -0.015558 0.00529998108 -0.0518659904
v 0.01487398 -0.00769996991 -0.0517729494
v 0.05298095 -0.00769996657 -0.00752299942
v 0.05293399 -0.00769996541 0.00784999158
v 0.04020696 0.00529998768 0.0354919996
f 2 1 4
f 2 4 5
f 1 2 86
f 1 86 87
f 1 87 70
f 1 70 69
f 1 69 68
f 1 68 67
f 1 67 63
f 1 63 58
f 1 58 61
f 1 61 62
f 1 62 40
f 1 40 39
f 1 39 38
f 1 38 37
f 1 37 29
f 1 29 32
f 1 32 33
f 1 33 34
f 1 34 35
f 1 35 3
f 6 4 1
f 6 1 3
f 5 4 7
f 5 7 8
f 9 7 4
f 9 4 6
f 8 7 10
f 8 10 11
f 7 9 12
f 7 12 10
f 51 52 53
f 51 53 54
f 51 54 78
f 51 78 77
f 51 77 75
f 51 75 79
f 51 79 80
f 51 80 81
f 51 81 11
f 51 11 10
f 51 10 12
f 51 12 13
f 51 13 14
f 51 14 22
f 51 22 23
f 51 23 24
f 51 24 25
f 51 25 88
f 51 88 44
f 51 44 47
f 9 15 13
f 9 13 12
f 15 17 14
f 15 14 13
f 15 9 6
f 15 6 16
f 17 15 16
f 17 16 18
f 19 17 18
f 19 18 20
f 17 19 22
f 17 22 14
f 21 19 20
f 21 20 31
f 19 21 23
f 19 23 22
f 21 26 24
f 21 24 23
f 26 27 25
f 26 25 24
f 26 21 31
f 26 31 28
f 27 26 28
f 27 28 30
f 29 37 30
f 29 30 28
f 32 29 28
f 32 28 31
f 33 32 31
f 33 31 20
f 34 33 20
f 34 20 18
f 35 34 18
f 35 18 16
f 3 35 16
f 3 16 6
f 45 27 30
f 45 30 36
f 37 38 36
f 37 36 30
f 38 39 41
f 38 41 36
f 39 40 42
f 39 42 41
f 46 43 41
f 46 41 42
f 43 45 36
f 43 36 41
f 45 43 44
f 45 44 88
f 43 46 47
f 43 47 44
f 46 48 51
f 46 51 47
f 48 46 42
f 48 42 49
f 50 48 49
f 50 49 60
f 52 51 48
f 52 48 50
f 50 55 53
f 50 53 52
f 55 56 54
f 55 54 53
f 55 50 60
f 55 60 57
f 56 55 57
f 56 57 59
f 61 58 57
f 61 57 60
f 58 63 59
f 58 59 57
f 62 61 60
f 62 60 49
f 40 62 49
f 40 49 42
f 63 67 64
f 63 64 59
f 66 56 59
f 66 59 64
f 76 66 64
f 76 64 65
f 67 68 65
f 67 65 64
f 68 69 71
f 68 71 65
f 69 70 72
f 69 72 71
f 74 73 71
f 74 71 72
f 73 76 65
f 73 65 71
f 73 74 79
f 73 79 75
f 76 73 75
f 76 75 77
f 66 76 77
f 66 77 78
f 56 66 78
f 56 78 54
f 74 82 80
f 74 80 79
f 82 84 81
f 82 81 80
f 82 74 72
f 82 72 83
f 84 82 83
f 84 83 85
f 8 84 85
f 8 85 5
f 84 8 11
f 84 11 81
f 87 86 85
f 87 85 83
f 86 2 5
f 86 5 85
f 70 87 83
f 70 83 72
f 27 45 88
f 27 88 25
f 90 89 92
f 90 92 93
f 89 90 181
f 89 181 182
f 89 182 183
f 89 183 184
f 89 184 719
f 89 719 568
f 89 568 572
f 89 572 573
f 89 573 574
f 89 574 575
f 89 575 584
f 89 584 587
f 89 587 588
f 89 588 589
f 89 589 419
f 89 419 418
f 89 418 416
f 89 416 415
f 89 415 414
f 89 414 410
f 89 410 405
f 89 405 404
f 89 404 403
f 89 403 402
f 89 402 399
f 89 399 397
f 89 397 394
f 89 394 1227
f 89 1227 116
f 89 116 115
f 89 115 113
f 89 113 112
f 89 112 114
f 89 114 102
f 89 102 99
f 89 99 91
f 95 92 89
f 95 89 91
f 93 92 94
f 93 94 172
f 93 172 176
f 96 94 92
f 96 92 95
f 95 97 98
f 95 98 96
f 91 99 97
f 91 97 95
f 97 100 103
f 97 103 98
f 99 102 100
f 99 100 97
f 105 103 100
f 105 100 101
f 101 100 102
f 101 102 114
f 98 103 104
f 98 104 175
f 103 105 106
f 103 106 104
f 108 106 105
f 108 105 107
f 107 105 101
f 107 101 110
f 123 108 107
f 123 107 109
f 110 111 109
f 110 109 107
f 112 113 111
f 112 111 110
f 110 101 114
f 110 114 112
f 113 115 117
f 113 117 111
f 115 116 118
f 115 118 117
f 111 117 119
f 111 119 109
f 117 118 120
f 117 120 119
f 109 119 121
f 109 121 123
f 119 120 122
f 119 122 121
f 164 166 169
f 164 169 171
f 164 171 173
f 164 173 174
f 164 174 175
f 164 175 104
f 164 104 106
f 164 106 108
f 164 108 123
f 164 123 121
f 164 121 122
f 164 122 125
f 164 125 127
f 164 127 1233
f 164 1233 160
f 164 160 163
f 133 132 130
f 133 130 128
f 133 128 125
f 133 125 122
f 133 122 124
f 133 124 390
f 133 390 388
f 133 388 386
f 133 386 384
f 133 384 382
f 133 382 380
f 133 380 378
f 133 378 376
f 133 376 374
f 133 374 370
f 133 370 369
f 124 122 120
f 124 120 392
f 127 125 126
f 127 126 1235
f 127 1235 1234
f 129 126 125
f 129 125 128
f 128 130 131
f 128 131 143
f 128 143 129
f 130 132 134
f 130 134 137
f 130 137 131
f 132 133 135
f 132 135 134
f 134 135 357
f 134 357 136
f 137 134 136
f 137 136 138
f 143 131 137
f 143 137 138
f 143 138 140
f 139 142 140
f 139 140 138
f 354 139 138
f 354 138 136
f 140 141 126
f 140 126 129
f 140 129 143
f 142 145 141
f 142 141 140
f 142 139 351
f 142 351 144
f 142 144 146
f 142 146 145
f 145 146 148
f 145 148 147
f 150 151 141
f 150 141 145
f 150 145 147
f 148 343 149
f 148 149 147
f 154 152 150
f 154 150 147
f 154 147 149
f 151 150 152
f 151 152 153
f 151 153 1234
f 151 1234 1235
f 152 154 155
f 152 155 158
f 152 158 159
f 152 159 153
f 155 154 149
f 155 149 157
f 337 156 155
f 337 155 157
f 155 156 161
f 155 161 158
f 159 158 160
f 159 160 1233
f 158 161 163
f 158 163 160
f 164 163 161
f 164 161 162
f 260 162 161
f 260 161 156
f 260 156 261
f 259 165 164
f 259 164 162
f 259 162 260
f 259 260 258
f 267 167 166
f 267 166 164
f 267 164 165
f 270 168 166
f 270 166 167
f 169 166 168
f 169 168 177
f 169 177 170
f 171 169 170
f 171 170 176
f 171 176 172
f 172 94 173
f 172 173 171
f 174 173 94
f 174 94 96
f 175 174 96
f 175 96 98
f 178 180 93
f 178 93 176
f 178 176 170
f 178 170 177
f 186 179 178
f 186 178 177
f 186 177 168
f 186 168 270
f 186 270 274
f 186 274 273
f 182 181 180
f 182 180 178
f 182 178 179
f 181 90 93
f 181 93 180
f 183 182 179
f 183 179 186
f 183 186 185
f 185 187 188
f 185 188 184
f 185 184 183
f 187 185 186
f 187 186 273
f 187 273 271
f 187 271 272
f 187 272 192
f 187 192 191
f 187 191 189
f 189 190 878
f 189 878 188
f 189 188 187
f 190 189 191
f 190 191 193
f 190 193 195
f 277 283 290
f 277 290 291
f 277 291 292
f 277 292 293
f 277 293 294
f 277 294 295
f 277 295 296
f 277 296 297
f 277 297 298
f 277 298 299
f 277 299 300
f 277 300 301
f 277 301 302
f 277 302 303
f 277 303 304
f 277 304 305
f 277 305 306
f 277 306 307
f 277 307 308
f 277 308 309
f 277 309 310
f 277 310 311
f 277 311 312
f 277 312 313
f 277 313 314
f 277 314 194
f 277 194 193
f 277 193 191
f 277 191 192
f 193 194 200
f 193 200 199
f 193 199 196
f 193 196 195
f 197 878 190
f 197 190 195
f 197 195 196
f 198 552 197
f 198 197 196
f 199 201 202
f 199 202 198
f 199 198 196
f 201 199 200
f 201 200 204
f 201 204 203
f 203 205 206
f 203 206 202
f 203 202 201
f 205 203 204
f 205 204 208
f 205 208 207
f 207 209 211
f 207 211 212
f 207 212 879
f 207 879 522
f 207 522 527
f 207 527 528
f 207 528 206
f 207 206 205
f 208 1228 222
f 208 222 1229
f 208 1229 1230
f 208 1230 210
f 208 210 209
f 208 209 207
f 211 209 210
f 211 210 213
f 212 211 213
f 212 213 214
f 212 214 215
f 214 213 210
f 214 210 1231
f 214 1231 1232
f 214 1232 220
f 214 220 219
f 214 219 216
f 1225 215 214
f 1225 214 216
f 1225 216 218
f 216 217 889
f 216 889 218
f 219 221 223
f 219 223 217
f 219 217 216
f 221 219 220
f 221 220 1229
f 221 1229 222
f 222 1228 228
f 222 228 227
f 222 227 224
f 222 224 223
f 222 223 221
f 223 224 225
f 223 225 217
f 1203 225 224
f 1203 224 226
f 1203 226 1200
f 1203 1200 1202
f 226 224 227
f 226 227 229
f 226 229 336
f 230 227 228
f 230 228 335
f 230 335 334
f 230 334 333
f 230 333 332
f 230 332 330
f 230 330 329
f 230 329 328
f 230 328 327
f 230 327 326
f 230 326 325
f 230 325 324
f 230 324 322
f 230 322 321
f 230 321 320
f 230 320 319
f 230 319 318
f 230 318 317
f 230 317 316
f 230 316 233
f 230 233 232
f 229 227 230
f 229 230 231
f 229 231 261
f 229 261 156
f 229 156 337
f 231 230 232
f 231 232 234
f 231 234 236
f 231 236 237
f 231 237 238
f 231 238 240
f 231 240 241
f 231 241 242
f 231 242 244
f 231 244 245
f 231 245 246
f 231 246 247
f 231 247 248
f 231 248 249
f 231 249 250
f 231 250 251
f 231 251 252
f 231 252 253
f 231 253 254
f 231 254 255
f 231 255 257
f 288 281 235
f 288 235 234
f 288 234 232
f 288 232 233
f 235 315 256
f 235 256 255
f 235 255 254
f 235 254 253
f 235 253 252
f 235 252 251
f 235 251 250
f 235 250 249
f 235 249 248
f 235 248 247
f 235 247 246
f 235 246 245
f 235 245 243
f 235 243 242
f 235 242 241
f 235 241 239
f 235 239 238
f 235 238 237
f 235 237 236
f 235 236 234
f 256 262 259
f 256 259 258
f 256 258 257
f 256 257 255
f 261 231 257
f 261 257 258
f 261 258 260
f 165 259 262
f 165 262 263
f 165 263 265
f 165 265 267
f 262 256 315
f 262 315 279
f 262 279 264
f 262 264 263
f 265 263 264
f 265 264 275
f 265 275 268
f 265 268 266
f 266 269 270
f 266 270 167
f 266 167 267
f 266 267 265
f 272 271 269
f 272 269 266
f 272 266 268
f 271 273 274
f 271 274 270
f 271 270 269
f 192 272 268
f 192 268 275
f 192 275 276
f 192 276 277
f 264 279 278
f 264 278 276
f 264 276 275
f 278 280 282
f 278 282 283
f 278 283 277
f 278 277 276
f 315 235 281
f 315 281 280
f 315 280 278
f 315 278 279
f 281 288 286
f 281 286 284
f 281 284 282
f 281 282 280
f 282 284 285
f 282 285 289
f 282 289 194
f 282 194 314
f 282 314 313
f 282 313 312
f 282 312 311
f 282 311 310
f 282 310 309
f 282 309 308
f 282 308 307
f 282 307 306
f 282 306 305
f 282 305 304
f 282 304 303
f 282 303 302
f 282 302 301
f 282 301 300
f 282 300 299
f 282 299 298
f 282 298 297
f 282 297 296
f 282 296 295
f 282 295 294
f 282 294 293
f 282 293 292
f 282 292 291
f 282 291 290
f 282 290 283
f 286 287 208
f 286 208 204
f 286 204 285
f 286 285 284
f 233 316 317
f 233 317 318
f 233 318 319
f 233 319 320
f 233 320 321
f 233 321 322
f 233 322 323
f 233 323 325
f 233 325 326
f 233 326 327
f 233 327 328
f 233 328 329
f 233 329 331
f 233 331 332
f 233 332 333
f 233 333 334
f 233 334 335
f 233 335 228
f 233 228 287
f 233 287 286
f 233 286 288
f 228 1228 208
f 228 208 287
f 200 194 289
f 200 289 285
f 200 285 204
f 340 1201 336
f 340 336 229
f 340 229 337
f 340 337 338
f 338 337 157
f 338 157 341
f 342 339 338
f 342 338 341
f 338 339 1198
f 338 1198 340
f 344 342 341
f 344 341 343
f 343 341 157
f 343 157 149
f 345 344 343
f 345 343 148
f 1197 1198 339
f 1197 339 342
f 1197 342 344
f 1197 344 345
f 1197 345 346
f 1197 346 347
f 1197 347 1189
f 1197 1189 1191
f 1197 1191 1192
f 1197 1192 1193
f 1197 1193 1195
f 146 346 345
f 146 345 148
f 913 911 347
f 913 347 346
f 913 346 348
f 913 348 349
f 913 349 350
f 913 350 972
f 913 972 967
f 913 967 966
f 913 966 968
f 913 968 969
f 913 969 970
f 144 348 346
f 144 346 146
f 144 351 349
f 144 349 348
f 351 352 350
f 351 350 349
f 139 354 352
f 139 352 351
f 352 354 355
f 352 355 353
f 352 353 972
f 352 972 350
f 354 136 357
f 354 357 355
f 353 355 356
f 353 356 961
f 353 961 962
f 353 962 963
f 355 357 358
f 355 358 360
f 355 360 361
f 355 361 955
f 355 955 356
f 358 357 135
f 358 135 371
f 358 371 359
f 359 364 362
f 359 362 360
f 359 360 358
f 362 363 1020
f 362 1020 1019
f 362 1019 1018
f 362 1018 1017
f 362 1017 1016
f 362 1016 1015
f 362 1015 1014
f 362 1014 1013
f 362 1013 1012
f 362 1012 1011
f 362 1011 1010
f 362 1010 1008
f 362 1008 1007
f 362 1007 1005
f 362 1005 1004
f 362 1004 1003
f 362 1003 1002
f 362 1002 1000
f 362 1000 999
f 362 999 361
f 362 361 360
f 363 362 364
f 363 364 365
f 363 365 366
f 363 366 1023
f 364 359 371
f 364 371 369
f 364 369 367
f 364 367 365
f 368 1074 1075
f 368 1075 366
f 368 366 365
f 368 365 367
f 367 369 370
f 367 370 372
f 367 372 368
f 371 135 133
f 371 133 369
f 372 370 373
f 372 373 1076
f 375 413 373
f 375 373 370
f 375 370 374
f 377 409 375
f 377 375 374
f 377 374 376
f 376 378 379
f 376 379 377
f 381 379 378
f 381 378 380
f 383 381 380
f 383 380 382
f 382 384 385
f 382 385 383
f 384 386 387
f 384 387 385
f 389 387 386
f 389 386 388
f 391 389 388
f 391 388 390
f 390 124 392
f 390 392 391
f 389 391 393
f 389 393 396
f 391 392 395
f 391 395 393
f 393 395 1227
f 393 1227 394
f 396 393 394
f 396 394 397
f 397 399 398
f 397 398 396
f 396 398 387
f 396 387 389
f 399 402 400
f 399 400 398
f 398 400 385
f 398 385 387
f 383 385 400
f 383 400 401
f 401 400 402
f 401 402 403
f 406 401 403
f 406 403 404
f 404 405 407
f 404 407 406
f 406 407 379
f 406 379 381
f 381 383 401
f 381 401 406
f 409 377 379
f 409 379 407
f 409 407 408
f 408 407 405
f 408 405 410
f 413 375 409
f 413 409 408
f 413 408 411
f 411 408 410
f 411 410 414
f 1078 1077 1076
f 1078 1076 373
f 1078 373 413
f 1078 413 411
f 1078 411 412
f 412 411 414
f 412 414 415
f 417 1067 412
f 417 412 415
f 417 415 416
f 416 418 420
f 416 420 417
f 423 422 420
f 423 420 418
f 423 418 419
f 1067 417 420
f 1067 420 421
f 1067 421 1066
f 1067 1066 1065
f 424 426 421
f 424 421 420
f 424 420 422
f 422 423 592
f 422 592 593
f 422 593 594
f 422 594 597
f 422 597 425
f 422 425 424
f 426 424 425
f 426 425 429
f 426 429 427
f 1081 421 426
f 1081 426 427
f 1081 427 428
f 429 430 433
f 429 433 435
f 429 435 428
f 429 428 427
f 675 676 677
f 675 677 678
f 675 678 679
f 675 679 680
f 675 680 681
f 675 681 682
f 675 682 683
f 675 683 684
f 675 684 685
f 675 685 686
f 675 686 687
f 675 687 688
f 675 688 689
f 675 689 690
f 675 690 691
f 675 691 692
f 675 692 693
f 675 693 694
f 675 694 695
f 675 695 696
f 675 696 697
f 675 697 698
f 675 698 699
f 675 699 700
f 675 700 432
f 675 432 430
f 675 430 429
f 675 429 425
f 675 425 597
f 672 670 671
f 672 671 431
f 672 431 430
f 672 430 432
f 672 432 700
f 672 700 699
f 672 699 698
f 672 698 697
f 672 697 696
f 672 696 695
f 672 695 694
f 672 694 693
f 672 693 692
f 672 692 691
f 672 691 690
f 672 690 689
f 672 689 688
f 672 688 687
f 672 687 686
f 672 686 685
f 672 685 684
f 672 684 683
f 672 683 682
f 672 682 681
f 672 681 680
f 672 680 679
f 672 679 678
f 672 678 677
f 672 677 676
f 672 676 675
f 672 675 674
f 433 430 431
f 433 431 671
f 433 671 434
f 436 435 433
f 436 433 434
f 436 434 438
f 435 436 437
f 435 437 1186
f 435 1186 428
f 438 439 440
f 438 440 437
f 438 437 436
f 439 438 434
f 439 434 443
f 439 443 441
f 441 442 456
f 441 456 460
f 441 460 1160
f 441 1160 1124
f 441 1124 1161
f 441 1161 1162
f 441 1162 440
f 441 440 439
f 443 445 447
f 443 447 449
f 443 449 451
f 443 451 452
f 443 452 442
f 443 442 441
f 669 444 443
f 669 443 434
f 669 434 671
f 669 671 670
f 446 445 443
f 446 443 444
f 447 445 446
f 447 446 618
f 447 618 615
f 447 615 616
f 447 616 448
f 448 1226 450
f 448 450 449
f 448 449 447
f 449 450 454
f 449 454 453
f 449 453 451
f 452 451 453
f 457 455 452
f 457 452 453
f 457 453 454
f 457 454 450
f 457 450 1226
f 457 1226 458
f 456 442 452
f 456 452 455
f 460 456 455
f 460 455 457
f 460 457 459
f 461 459 457
f 461 457 458
f 461 458 462
f 459 461 463
f 459 463 464
f 459 464 1160
f 459 1160 460
f 463 461 462
f 463 462 465
f 467 468 464
f 467 464 463
f 467 463 465
f 462 701 466
f 462 466 465
f 469 467 465
f 469 465 466
f 470 473 475
f 470 475 477
f 470 477 1155
f 470 1155 1154
f 470 1154 1152
f 470 1152 1150
f 470 1150 1149
f 470 1149 1148
f 470 1148 1147
f 470 1147 1130
f 470 1130 468
f 470 468 467
f 470 467 469
f 471 470 469
f 471 469 466
f 706 472 470
f 706 470 471
f 706 471 703
f 706 703 704
f 474 473 470
f 474 470 472
f 474 476 475
f 474 475 473
f 478 475 476
f 478 476 479
f 506 508 509
f 506 509 1222
f 506 1222 1221
f 506 1221 1211
f 506 1211 1209
f 506 1209 1207
f 506 1207 1205
f 506 1205 477
f 506 477 475
f 506 475 478
f 506 478 480
f 506 480 482
f 506 482 505
f 483 480 478
f 483 478 479
f 502 482 480
f 502 480 481
f 485 499 481
f 485 481 480
f 485 480 483
f 485 483 484
f 487 486 484
f 487 484 483
f 487 483 479
f 487 479 715
f 488 485 484
f 488 484 486
f 488 486 487
f 488 487 716
f 488 716 489
f 490 488 489
f 490 489 491
f 493 485 488
f 493 488 490
f 492 490 491
f 492 491 801
f 494 493 490
f 494 490 492
f 493 494 496
f 493 496 495
f 485 493 495
f 485 495 497
f 485 497 499
f 500 498 497
f 500 497 495
f 500 495 496
f 500 496 793
f 498 502 481
f 498 481 499
f 498 499 497
f 501 498 500
f 501 500 748
f 503 502 498
f 503 498 501
f 502 503 505
f 502 505 482
f 503 501 751
f 503 751 504
f 503 504 507
f 503 507 506
f 503 506 505
f 508 506 507
f 508 507 752
f 508 752 753
f 508 753 755
f 508 755 757
f 508 757 758
f 508 758 512
f 508 512 510
f 509 508 510
f 509 510 511
f 509 511 1219
f 511 510 513
f 511 513 514
f 512 516 513
f 512 513 510
f 514 513 515
f 514 515 1223
f 515 513 516
f 515 516 518
f 517 516 512
f 517 512 758
f 517 758 757
f 520 519 518
f 520 518 516
f 520 516 517
f 515 518 519
f 515 519 520
f 515 520 521
f 515 521 522
f 515 522 879
f 515 879 880
f 515 880 882
f 515 882 883
f 523 521 520
f 523 520 517
f 523 517 524
f 527 522 521
f 527 521 523
f 527 523 525
f 526 525 523
f 526 523 524
f 526 524 550
f 528 527 525
f 528 525 526
f 528 526 529
f 529 530 531
f 529 531 532
f 529 532 533
f 529 533 534
f 529 534 535
f 529 535 536
f 529 536 537
f 529 537 538
f 529 538 540
f 529 540 541
f 529 541 542
f 529 542 543
f 529 543 545
f 529 545 546
f 529 546 547
f 529 547 548
f 529 548 549
f 529 549 202
f 529 202 206
f 529 206 528
f 550 552 198
f 550 198 202
f 550 202 549
f 550 549 548
f 550 548 547
f 550 547 546
f 550 546 544
f 550 544 543
f 550 543 542
f 550 542 541
f 550 541 539
f 550 539 538
f 550 538 537
f 550 537 536
f 550 536 535
f 550 535 534
f 550 534 533
f 550 533 532
f 550 532 531
f 550 531 530
f 550 530 529
f 550 529 526
f 550 524 756
f 550 756 759
f 550 759 551
f 551 762 763
f 551 763 764
f 551 764 765
f 551 765 766
f 551 766 767
f 551 767 768
f 551 768 769
f 551 769 770
f 551 770 771
f 551 771 773
f 551 773 774
f 551 774 775
f 551 775 776
f 551 776 778
f 551 778 779
f 551 779 780
f 551 780 781
f 551 781 782
f 551 782 554
f 551 554 553
f 551 553 552
f 551 552 550
f 555 197 552
f 555 552 553
f 555 553 554
f 555 554 787
f 555 787 556
f 557 555 556
f 557 556 788
f 557 788 560
f 557 560 559
f 555 557 558
f 555 558 878
f 555 878 197
f 557 559 561
f 557 561 563
f 557 563 558
f 562 561 559
f 562 559 560
f 562 560 877
f 562 877 876
f 562 876 875
f 562 875 874
f 562 874 873
f 562 873 872
f 562 872 871
f 562 871 870
f 562 870 869
f 562 869 868
f 562 868 867
f 562 867 866
f 562 866 865
f 562 865 864
f 562 864 863
f 562 863 862
f 562 862 861
f 562 861 860
f 562 860 859
f 562 859 858
f 562 858 857
f 562 857 856
f 562 856 855
f 562 855 854
f 562 854 853
f 562 853 852
f 562 852 725
f 563 561 562
f 563 562 720
f 563 720 567
f 563 567 566
f 563 566 564
f 564 565 188
f 564 188 878
f 564 878 558
f 564 558 563
f 565 564 566
f 565 566 568
f 565 568 719
f 569 566 567
f 569 567 570
f 566 569 572
f 566 572 568
f 571 569 570
f 571 570 580
f 569 571 573
f 569 573 572
f 571 576 574
f 571 574 573
f 575 574 576
f 575 576 577
f 580 578 576
f 580 576 571
f 577 576 578
f 577 578 579
f 721 800 799
f 721 799 801
f 721 801 491
f 721 491 489
f 721 489 716
f 721 716 714
f 721 714 713
f 721 713 712
f 721 712 709
f 721 709 717
f 721 717 718
f 721 718 603
f 721 603 602
f 721 602 600
f 721 600 598
f 721 598 594
f 721 594 593
f 721 593 595
f 721 595 582
f 721 582 581
f 721 581 579
f 721 579 578
f 721 578 580
f 721 580 570
f 721 570 567
f 721 567 720
f 579 581 583
f 579 583 577
f 585 583 581
f 585 581 582
f 587 584 583
f 587 583 585
f 577 583 584
f 577 584 575
f 582 595 591
f 582 591 586
f 582 586 585
f 588 587 585
f 588 585 586
f 589 588 586
f 589 586 591
f 589 591 590
f 419 589 590
f 419 590 592
f 419 592 423
f 595 593 592
f 595 592 590
f 595 590 591
f 673 596 594
f 673 594 598
f 673 598 599
f 673 599 622
f 673 622 623
f 673 623 624
f 673 624 625
f 673 625 626
f 597 594 596
f 597 596 674
f 597 674 675
f 599 598 600
f 599 600 601
f 605 601 600
f 605 600 602
f 605 602 604
f 604 602 603
f 604 603 607
f 621 605 604
f 621 604 606
f 621 606 617
f 606 604 607
f 606 607 609
f 603 718 608
f 603 608 607
f 607 608 610
f 607 610 609
f 612 611 609
f 612 609 610
f 611 613 615
f 611 615 617
f 611 617 606
f 611 606 609
f 613 611 612
f 613 612 702
f 613 702 701
f 613 701 614
f 616 615 613
f 616 613 614
f 617 615 618
f 617 618 620
f 617 620 621
f 619 618 446
f 619 446 668
f 619 668 667
f 619 667 666
f 619 666 665
f 619 665 664
f 619 664 663
f 619 663 662
f 619 662 661
f 619 661 660
f 619 660 658
f 619 658 657
f 619 657 656
f 619 656 654
f 619 654 653
f 619 653 652
f 619 652 651
f 619 651 650
f 619 650 649
f 620 618 619
f 620 619 624
f 620 624 623
f 620 623 622
f 601 605 621
f 601 621 620
f 601 620 622
f 601 622 599
f 649 647 646
f 649 646 645
f 649 645 644
f 649 644 643
f 649 643 642
f 649 642 641
f 649 641 640
f 649 640 638
f 649 638 637
f 649 637 636
f 649 636 635
f 649 635 634
f 649 634 632
f 649 632 631
f 649 631 630
f 649 630 629
f 649 629 628
f 649 628 627
f 649 627 625
f 649 625 624
f 649 624 619
f 648 626 625
f 648 625 627
f 648 627 628
f 648 628 629
f 648 629 630
f 648 630 631
f 648 631 632
f 648 632 633
f 648 633 635
f 648 635 636
f 648 636 637
f 648 637 638
f 648 638 639
f 648 639 641
f 648 641 642
f 648 642 643
f 648 643 644
f 648 644 645
f 648 645 646
f 648 646 647
f 647 649 650
f 647 650 651
f 647 651 652
f 647 652 653
f 647 653 654
f 647 654 655
f 647 655 657
f 647 657 658
f 647 658 659
f 647 659 661
f 647 661 662
f 647 662 663
f 647 663 664
f 647 664 665
f 647 665 666
f 647 666 667
f 647 667 668
f 647 668 446
f 647 446 444
f 647 444 669
f 647 669 648
f 670 672 673
f 670 673 626
f 670 626 648
f 670 648 669
f 674 596 673
f 674 673 672
f 1226 448 616
f 1226 616 614
f 1226 614 458
f 458 614 701
f 458 701 462
f 702 703 471
f 702 471 466
f 702 466 701
f 703 702 612
f 703 612 610
f 703 610 704
f 608 705 704
f 608 704 610
f 707 706 704
f 707 704 705
f 710 474 472
f 710 472 706
f 710 706 707
f 710 707 708
f 717 709 708
f 717 708 707
f 717 707 705
f 710 708 709
f 710 709 712
f 474 710 711
f 474 711 476
f 710 712 713
f 710 713 711
f 711 713 714
f 711 714 715
f 714 716 487
f 714 487 715
f 476 711 715
f 476 715 479
f 718 717 705
f 718 705 608
f 719 184 188
f 719 188 565
f 720 722 723
f 720 723 810
f 720 810 809
f 720 809 807
f 720 807 805
f 720 805 804
f 720 804 803
f 720 803 721
f 725 724 722
f 725 722 720
f 725 720 562
f 726 723 722
f 726 722 724
f 724 725 852
f 724 852 853
f 724 853 854
f 724 854 855
f 724 855 856
f 724 856 857
f 724 857 858
f 724 858 859
f 724 859 860
f 724 860 861
f 724 861 862
f 724 862 863
f 724 863 864
f 724 864 865
f 724 865 866
f 724 866 867
f 724 867 868
f 724 868 869
f 724 869 870
f 724 870 871
f 724 871 872
f 724 872 873
f 724 873 874
f 724 874 875
f 724 875 876
f 724 876 877
f 724 877 560
f 724 560 851
f 724 851 728
f 724 728 727
f 724 727 726
f 729 730 810
f 729 810 723
f 729 723 726
f 729 726 727
f 727 728 786
f 727 786 732
f 727 732 731
f 727 731 729
f 730 729 731
f 730 731 733
f 730 733 735
f 730 735 850
f 730 850 849
f 730 849 848
f 730 848 847
f 730 847 846
f 730 846 845
f 730 845 844
f 730 844 842
f 730 842 841
f 730 841 840
f 730 840 838
f 730 838 837
f 730 837 836
f 730 836 835
f 730 835 834
f 730 834 833
f 730 833 832
f 730 832 831
f 731 732 736
f 731 736 733
f 832 833 834
f 832 834 835
f 832 835 836
f 832 836 837
f 832 837 839
f 832 839 840
f 832 840 841
f 832 841 843
f 832 843 844
f 832 844 845
f 832 845 846
f 832 846 847
f 832 847 848
f 832 848 849
f 832 849 850
f 832 850 735
f 832 735 733
f 832 733 734
f 832 734 808
f 738 791 792
f 738 792 734
f 738 734 733
f 738 733 736
f 738 736 737
f 744 743 741
f 744 741 739
f 744 739 737
f 744 737 736
f 744 736 732
f 744 732 784
f 737 739 740
f 737 740 789
f 737 789 738
f 741 742 790
f 741 790 740
f 741 740 739
f 742 741 743
f 748 789 740
f 748 740 790
f 748 790 742
f 748 742 743
f 748 743 745
f 748 745 747
f 745 743 744
f 745 744 746
f 749 747 745
f 749 745 746
f 749 746 750
f 501 748 747
f 501 747 749
f 501 749 751
f 750 752 507
f 750 507 504
f 750 504 751
f 750 751 749
f 783 761 760
f 783 760 754
f 783 754 753
f 783 753 752
f 783 752 750
f 783 750 746
f 783 746 744
f 783 744 784
f 759 756 755
f 759 755 753
f 759 753 754
f 524 517 757
f 524 757 755
f 524 755 756
f 762 551 759
f 762 759 754
f 762 754 760
f 760 761 554
f 760 554 782
f 760 782 781
f 760 781 780
f 760 780 779
f 760 779 777
f 760 777 776
f 760 776 775
f 760 775 774
f 760 774 772
f 760 772 771
f 760 771 770
f 760 770 769
f 760 769 768
f 760 768 767
f 760 767 766
f 760 766 765
f 760 765 764
f 760 764 763
f 760 763 762
f 787 554 761
f 787 761 783
f 787 783 785
f 784 732 786
f 784 786 785
f 784 785 783
f 785 786 788
f 785 788 556
f 785 556 787
f 786 728 851
f 786 851 560
f 786 560 788
f 748 500 791
f 748 791 738
f 748 738 789
f 500 793 792
f 500 792 791
f 494 796 794
f 494 794 792
f 494 792 793
f 494 793 496
f 795 806 734
f 795 734 792
f 795 792 794
f 794 796 797
f 794 797 798
f 794 798 795
f 494 492 797
f 494 797 796
f 797 799 800
f 797 800 802
f 797 802 798
f 492 801 799
f 492 799 797
f 802 800 721
f 802 721 803
f 803 804 806
f 803 806 795
f 803 795 798
f 803 798 802
f 804 805 807
f 804 807 808
f 804 808 734
f 804 734 806
f 808 807 809
f 808 809 811
f 808 811 812
f 808 812 813
f 808 813 814
f 808 814 815
f 808 815 816
f 808 816 818
f 808 818 819
f 808 819 820
f 808 820 821
f 808 821 822
f 808 822 824
f 808 824 825
f 808 825 826
f 808 826 827
f 808 827 828
f 808 828 829
f 808 829 830
f 808 830 831
f 808 831 832
f 831 830 829
f 831 829 828
f 831 828 827
f 831 827 826
f 831 826 825
f 831 825 823
f 831 823 822
f 831 822 821
f 831 821 820
f 831 820 819
f 831 819 817
f 831 817 816
f 831 816 815
f 831 815 814
f 831 814 813
f 831 813 812
f 831 812 811
f 831 811 809
f 831 809 810
f 831 810 730
f 215 1225 881
f 215 881 880
f 215 880 879
f 215 879 212
f 884 882 880
f 884 880 881
f 884 881 886
f 900 901 902
f 900 902 904
f 900 904 1204
f 900 1204 1206
f 900 1206 1208
f 900 1208 1210
f 900 1210 1212
f 900 1212 1213
f 900 1213 1224
f 900 1224 883
f 900 883 882
f 900 882 884
f 900 884 885
f 885 884 886
f 885 886 887
f 881 1225 218
f 881 218 886
f 218 889 887
f 218 887 886
f 890 892 888
f 890 888 887
f 890 887 889
f 888 900 885
f 888 885 887
f 225 1203 891
f 225 891 890
f 225 890 889
f 225 889 217
f 892 890 891
f 892 891 895
f 892 895 893
f 896 898 900
f 896 900 888
f 896 888 892
f 896 892 893
f 897 896 893
f 897 893 894
f 1194 894 893
f 1194 893 895
f 1188 899 898
f 1188 898 896
f 1188 896 897
f 1188 897 1190
f 899 901 900
f 899 900 898
f 899 903 902
f 899 902 901
f 905 902 903
f 905 903 907
f 927 928 1140
f 927 1140 1159
f 927 1159 1158
f 927 1158 1151
f 927 1151 1153
f 927 1153 1156
f 927 1156 1157
f 927 1157 904
f 927 904 902
f 927 902 905
f 927 905 906
f 927 906 925
f 927 925 926
f 908 906 905
f 908 905 907
f 912 914 916
f 912 916 908
f 912 908 907
f 912 907 909
f 903 910 909
f 903 909 907
f 910 347 911
f 910 911 909
f 911 913 912
f 911 912 909
f 915 914 912
f 915 912 913
f 915 913 970
f 915 917 916
f 915 916 914
f 917 919 921
f 917 921 906
f 917 906 908
f 917 908 916
f 918 917 915
f 918 915 971
f 917 918 975
f 917 975 920
f 917 920 919
f 923 922 921
f 923 921 919
f 923 919 920
f 922 925 906
f 922 906 921
f 924 922 923
f 924 923 933
f 922 924 926
f 922 926 925
f 924 931 929
f 924 929 927
f 924 927 926
f 928 927 929
f 928 929 930
f 928 930 1185
f 928 1185 1118
f 928 1118 1138
f 928 1138 1137
f 928 1137 1136
f 928 1136 1134
f 936 930 929
f 936 929 931
f 936 931 932
f 936 932 934
f 924 933 932
f 924 932 931
f 933 977 935
f 933 935 934
f 933 934 932
f 934 935 938
f 934 938 937
f 934 937 936
f 1090 1085 1112
f 1090 1112 1116
f 1090 1116 1185
f 1090 1185 930
f 1090 930 936
f 1090 936 937
f 1090 937 939
f 1090 939 940
f 938 941 939
f 938 939 937
f 939 941 942
f 939 942 947
f 939 947 948
f 939 948 950
f 939 950 951
f 939 951 940
f 943 942 941
f 977 946 945
f 977 945 944
f 977 944 943
f 977 943 941
f 977 941 938
f 977 938 935
f 942 943 944
f 942 944 945
f 942 945 947
f 948 947 945
f 948 945 946
f 948 946 949
f 949 957 956
f 949 956 955
f 949 955 952
f 949 952 950
f 949 950 948
f 953 951 950
f 953 950 952
f 998 1187 953
f 998 953 952
f 998 952 954
f 998 954 978
f 998 978 979
f 998 979 980
f 998 980 981
f 998 981 983
f 998 983 984
f 998 984 985
f 998 985 986
f 998 986 987
f 998 987 988
f 998 988 990
f 998 990 991
f 998 991 992
f 998 992 993
f 998 993 994
f 998 994 995
f 998 995 996
f 998 996 997
f 999 997 996
f 999 996 995
f 999 995 994
f 999 994 993
f 999 993 992
f 999 992 991
f 999 991 990
f 999 990 989
f 999 989 987
f 999 987 986
f 999 986 985
f 999 985 984
f 999 984 983
f 999 983 982
f 999 982 980
f 999 980 979
f 999 979 978
f 999 978 954
f 999 954 952
f 999 952 955
f 999 955 361
f 961 356 955
f 961 955 956
f 961 956 959
f 976 958 956
f 976 956 957
f 973 960 959
f 973 959 956
f 973 956 958
f 973 958 974
f 959 960 964
f 959 964 962
f 959 962 961
f 964 966 967
f 964 967 963
f 964 963 962
f 965 968 966
f 965 966 964
f 973 965 964
f 973 964 960
f 965 971 969
f 965 969 968
f 971 915 970
f 971 970 969
f 973 918 971
f 973 971 965
f 963 967 972
f 963 972 353
f 918 973 974
f 918 974 975
f 976 923 920
f 976 920 975
f 976 975 974
f 976 974 958
f 977 976 957
f 977 957 949
f 977 949 946
f 933 923 976
f 933 976 977
f 997 999 1000
f 997 1000 1001
f 997 1001 1021
f 997 1021 998
f 1000 1002 1003
f 1000 1003 1004
f 1000 1004 1006
f 1000 1006 1007
f 1000 1007 1008
f 1000 1008 1009
f 1000 1009 1011
f 1000 1011 1012
f 1000 1012 1013
f 1000 1013 1014
f 1000 1014 1015
f 1000 1015 1016
f 1000 1016 1017
f 1000 1017 1018
f 1000 1018 1019
f 1000 1019 1020
f 1000 1020 363
f 1000 363 1023
f 1000 1023 1022
f 1000 1022 1001
f 1024 1026 1028
f 1024 1028 1021
f 1024 1021 1001
f 1024 1001 1022
f 1075 1025 1024
f 1075 1024 1022
f 1075 1022 1023
f 1075 1023 366
f 1072 1027 1026
f 1072 1026 1024
f 1072 1024 1025
f 1027 1032 1031
f 1027 1031 1029
f 1027 1029 1028
f 1027 1028 1026
f 1028 1029 1030
f 1028 1030 1187
f 1028 1187 998
f 1028 998 1021
f 1031 1033 1034
f 1031 1034 1035
f 1031 1035 1036
f 1031 1036 1037
f 1031 1037 1038
f 1031 1038 1039
f 1031 1039 1040
f 1031 1040 1041
f 1031 1041 1042
f 1031 1042 1043
f 1031 1043 1044
f 1031 1044 1045
f 1031 1045 1046
f 1031 1046 1047
f 1031 1047 1048
f 1031 1048 1049
f 1031 1049 1050
f 1031 1050 1051
f 1031 1051 1052
f 1031 1052 1053
f 1031 1053 1054
f 1031 1054 1055
f 1031 1055 1056
f 1031 1056 1057
f 1031 1057 1058
f 1031 1058 1060
f 1031 1060 1091
f 1031 1091 1030
f 1031 1030 1029
f 1064 1063 1061
f 1064 1061 1058
f 1064 1058 1057
f 1064 1057 1056
f 1064 1056 1055
f 1064 1055 1054
f 1064 1054 1053
f 1064 1053 1052
f 1064 1052 1051
f 1064 1051 1050
f 1064 1050 1049
f 1064 1049 1048
f 1064 1048 1047
f 1064 1047 1046
f 1064 1046 1045
f 1064 1045 1044
f 1064 1044 1043
f 1064 1043 1042
f 1064 1042 1041
f 1064 1041 1040
f 1064 1040 1039
f 1064 1039 1038
f 1064 1038 1037
f 1064 1037 1036
f 1064 1036 1035
f 1064 1035 1034
f 1064 1034 1033
f 1064 1033 1031
f 1064 1031 1032
f 1062 1079 1080
f 1062 1080 1059
f 1062 1059 1058
f 1062 1058 1061
f 1089 1091 1060
f 1089 1060 1058
f 1089 1058 1059
f 1062 1061 1063
f 1062 1063 1065
f 1062 1065 1066
f 1065 1063 1064
f 1065 1064 1068
f 1065 1068 1069
f 1065 1069 1078
f 1065 1078 412
f 1065 412 1067
f 1079 1062 1066
f 1079 1066 421
f 1079 421 1081
f 1032 1027 1072
f 1032 1072 1070
f 1032 1070 1068
f 1032 1068 1064
f 1070 1071 1073
f 1070 1073 1069
f 1070 1069 1068
f 1071 1070 1072
f 1071 1072 1025
f 1071 1025 1075
f 1071 1075 1074
f 1074 368 372
f 1074 372 1076
f 1074 1076 1073
f 1074 1073 1071
f 1073 1076 1077
f 1073 1077 1078
f 1073 1078 1069
f 1079 1082 1084
f 1079 1084 1087
f 1079 1087 1080
f 1079 1081 1083
f 1079 1083 1082
f 1113 1111 1110
f 1113 1110 1109
f 1113 1109 1108
f 1113 1108 1107
f 1113 1107 1106
f 1113 1106 1105
f 1113 1105 1104
f 1113 1104 1103
f 1113 1103 1102
f 1113 1102 1100
f 1113 1100 1099
f 1113 1099 1098
f 1113 1098 1097
f 1113 1097 1095
f 1113 1095 1094
f 1113 1094 1093
f 1113 1093 1092
f 1113 1092 1086
f 1113 1086 1084
f 1113 1084 1082
f 1113 1082 1083
f 1113 1083 1114
f 1087 1084 1085
f 1087 1085 1090
f 1087 1090 1088
f 1112 1085 1084
f 1112 1084 1086
f 1112 1086 1092
f 1112 1092 1093
f 1112 1093 1094
f 1112 1094 1096
f 1112 1096 1097
f 1112 1097 1098
f 1112 1098 1099
f 1112 1099 1101
f 1112 1101 1102
f 1112 1102 1103
f 1112 1103 1104
f 1112 1104 1105
f 1112 1105 1106
f 1112 1106 1107
f 1112 1107 1108
f 1112 1108 1109
f 1112 1109 1110
f 1112 1110 1111
f 1088 1089 1059
f 1088 1059 1080
f 1088 1080 1087
f 940 951 1089
f 940 1089 1088
f 940 1088 1090
f 1030 1091 1089
f 1030 1089 951
f 1030 951 953
f 1030 953 1187
f 1111 1113 1115
f 1111 1115 1116
f 1111 1116 1112
f 1114 1119 1117
f 1114 1117 1115
f 1114 1115 1113
f 1115 1117 1118
f 1115 1118 1185
f 1115 1185 1116
f 1119 1120 1138
f 1119 1138 1118
f 1119 1118 1117
f 1165 1122 1121
f 1165 1121 1119
f 1165 1119 1114
f 1121 1123 1125
f 1121 1125 1120
f 1121 1120 1119
f 1161 1124 1123
f 1161 1123 1121
f 1161 1121 1122
f 1129 1127 1126
f 1129 1126 1125
f 1129 1125 1123
f 1129 1123 1124
f 1129 1124 1160
f 1129 1160 464
f 1129 464 468
f 1129 468 1130
f 1125 1126 1127
f 1125 1127 1128
f 1125 1128 1120
f 1129 1132 1128
f 1129 1128 1127
f 1146 1131 1129
f 1146 1129 1130
f 1146 1130 1147
f 1133 1132 1129
f 1133 1129 1131
f 1135 1134 1132
f 1135 1132 1133
f 1136 1128 1132
f 1136 1132 1134
f 1140 928 1134
f 1140 1134 1135
f 1140 1135 1139
f 1120 1128 1136
f 1120 1136 1137
f 1120 1137 1138
f 1133 1143 1141
f 1133 1141 1139
f 1133 1139 1135
f 1159 1140 1139
f 1159 1139 1141
f 1159 1141 1142
f 1151 1158 1142
f 1151 1142 1141
f 1151 1141 1143
f 1151 1143 1144
f 1151 1144 1145
f 1151 1145 1149
f 1151 1149 1150
f 1131 1146 1144
f 1131 1144 1143
f 1131 1143 1133
f 1145 1144 1146
f 1145 1146 1147
f 1145 1147 1148
f 1148 1149 1145
f 1153 1151 1150
f 1153 1150 1152
f 1156 1153 1152
f 1156 1152 1154
f 1157 1156 1154
f 1157 1154 1155
f 1155 477 904
f 1155 904 1157
f 1142 1158 1159
f 1162 1161 1122
f 1162 1122 1165
f 1162 1165 1163
f 1163 1164 1166
f 1163 1166 1167
f 1163 1167 1168
f 1163 1168 1169
f 1163 1169 1170
f 1163 1170 1171
f 1163 1171 1172
f 1163 1172 1173
f 1163 1173 1174
f 1163 1174 1176
f 1163 1176 1177
f 1163 1177 1178
f 1163 1178 1179
f 1163 1179 1181
f 1163 1181 1182
f 1163 1182 1183
f 1163 1183 1184
f 1163 1184 437
f 1163 437 440
f 1163 440 1162
f 1114 1083 1186
f 1114 1186 437
f 1114 437 1184
f 1114 1184 1183
f 1114 1183 1182
f 1114 1182 1181
f 1114 1181 1180
f 1114 1180 1178
f 1114 1178 1177
f 1114 1177 1176
f 1114 1176 1175
f 1114 1175 1173
f 1114 1173 1172
f 1114 1172 1171
f 1114 1171 1170
f 1114 1170 1169
f 1114 1169 1168
f 1114 1168 1167
f 1114 1167 1166
f 1114 1166 1164
f 1114 1164 1163
f 1114 1163 1165
f 1186 1083 1081
f 1186 1081 428
f 1188 1189 347
f 1188 347 910
f 899 1188 910
f 899 910 903
f 1188 1190 1191
f 1188 1191 1189
f 1192 1191 1190
f 1192 1190 897
f 1192 897 894
f 1193 1192 894
f 1193 894 1194
f 1195 1193 1194
f 1195 1194 1196
f 1199 1197 1195
f 1199 1195 1196
f 1201 340 1198
f 1201 1198 1197
f 1201 1197 1199
f 336 1201 1199
f 336 1199 1200
f 336 1200 226
f 1200 1199 1196
f 1200 1196 1202
f 891 1203 1202
f 891 1202 895
f 1196 1194 895
f 1196 895 1202
f 1204 904 477
f 1204 477 1205
f 1205 1207 1206
f 1205 1206 1204
f 1207 1209 1208
f 1207 1208 1206
f 1209 1211 1210
f 1209 1210 1208
f 1211 1221 1220
f 1211 1220 1218
f 1211 1218 1217
f 1211 1217 1215
f 1211 1215 1214
f 1211 1214 1212
f 1211 1212 1210
f 1213 1212 1214
f 1214 1215 1216
f 1214 1216 1224
f 1214 1224 1213
f 1223 1216 1215
f 1223 1215 1217
f 1223 1217 514
f 514 1217 1218
f 514 1218 1219
f 514 1219 511
f 1222 509 1219
f 1222 1219 1218
f 1222 1218 1220
f 1220 1221 1222
f 1216 1223 515
f 1216 515 883
f 1216 883 1224
f 392 120 118
f 392 118 395
f 395 118 116
f 395 116 1227
f 1229 220 1232
f 1229 1232 1231
f 1229 1231 1230
f 210 1230 1231
f 1234 153 159
f 1234 159 1233
f 1234 1233 127
f 1235 126 141
f 1235 141 151
f 1272 1271 1270
f 1272 1270 1266
f 1272 1266 1264
f 1272 1264 1397
f 1272 1397 1257
f 1272 1257 1255
f 1272 1255 1252
f 1272 1252 1250
f 1272 1250 1240
f 1272 1240 1239
f 1272 1239 1236
f 1272 1236 1237
f 1272 1237 1354
f 1272 1354 1355
f 1272 1355 1356
f 1272 1356 1364
f 1272 1364 1368
f 1272 1368 1374
f 1272 1374 1375
f 1272 1375 1376
f 1272 1376 1386
f 1272 1386 1307
f 1272 1307 1306
f 1272 1306 1273
f 1236 1238 1303
f 1236 1303 1304
f 1236 1304 1293
f 1236 1293 1292
f 1236 1292 1291
f 1236 1291 1290
f 1236 1290 1286
f 1236 1286 1284
f 1236 1284 1275
f 1236 1275 1274
f 1236 1274 1272
f 1236 1272 1273
f 1236 1273 1305
f 1236 1305 1317
f 1236 1317 1318
f 1236 1318 1319
f 1236 1319 1327
f 1236 1327 1331
f 1236 1331 1332
f 1236 1332 1333
f 1236 1333 1334
f 1236 1334 1351
f 1236 1351 1350
f 1236 1350 1237
f 1238 1236 1239
f 1238 1239 1241
f 1238 1241 1242
f 1239 1240 1243
f 1239 1243 1241
f 1244 1245 1242
f 1244 1242 1241
f 1246 1244 1241
f 1246 1241 1243
f 1259 1260 1261
f 1259 1261 1262
f 1259 1262 1269
f 1259 1269 1279
f 1259 1279 1278
f 1259 1278 1280
f 1259 1280 1281
f 1259 1281 1282
f 1259 1282 1288
f 1259 1288 1297
f 1259 1297 1296
f 1259 1296 1298
f 1259 1298 1299
f 1259 1299 1301
f 1259 1301 1245
f 1259 1245 1244
f 1259 1244 1246
f 1259 1246 1247
f 1259 1247 1248
f 1259 1248 1254
f 1247 1246 1243
f 1247 1243 1249
f 1248 1247 1249
f 1248 1249 1251
f 1240 1250 1249
f 1240 1249 1243
f 1250 1252 1251
f 1250 1251 1249
f 1252 1255 1253
f 1252 1253 1251
f 1254 1248 1251
f 1254 1251 1253
f 1253 1256 1259
f 1253 1259 1254
f 1255 1257 1256
f 1255 1256 1253
f 1258 1256 1257
f 1258 1257 1397
f 1260 1259 1256
f 1260 1256 1258
f 1261 1260 1258
f 1261 1258 1263
f 1262 1261 1263
f 1262 1263 1265
f 1397 1264 1263
f 1397 1263 1258
f 1264 1266 1265
f 1264 1265 1263
f 1266 1270 1267
f 1266 1267 1265
f 1269 1262 1265
f 1269 1265 1267
f 1279 1269 1267
f 1279 1267 1268
f 1270 1271 1268
f 1270 1268 1267
f 1271 1272 1274
f 1271 1274 1276
f 1271 1276 1268
f 1274 1275 1277
f 1274 1277 1276
f 1278 1279 1268
f 1278 1268 1276
f 1280 1278 1276
f 1280 1276 1277
f 1281 1280 1277
f 1281 1277 1283
f 1282 1281 1283
f 1282 1283 1285
f 1275 1284 1283
f 1275 1283 1277
f 1284 1286 1285
f 1284 1285 1283
f 1286 1290 1287
f 1286 1287 1285
f 1288 1282 1285
f 1288 1285 1287
f 1297 1288 1287
f 1297 1287 1289
f 1290 1291 1289
f 1290 1289 1287
f 1291 1292 1294
f 1291 1294 1289
f 1292 1293 1295
f 1292 1295 1294
f 1296 1297 1289
f 1296 1289 1294
f 1298 1296 1294
f 1298 1294 1295
f 1299 1298 1295
f 1299 1295 1300
f 1301 1299 1300
f 1301 1300 1302
f 1245 1301 1302
f 1245 1302 1242
f 1304 1303 1302
f 1304 1302 1300
f 1303 1238 1242
f 1303 1242 1302
f 1293 1304 1300
f 1293 1300 1295
f 1305 1273 1306
f 1305 1306 1308
f 1305 1308 1310
f 1305 1310 1312
f 1306 1307 1388
f 1306 1388 1309
f 1306 1309 1308
f 1310 1308 1309
f 1310 1309 1390
f 1310 1390 1311
f 1311 1314 1313
f 1311 1313 1312
f 1311 1312 1310
f 1317 1305 1312
f 1317 1312 1313
f 1317 1313 1315
f 1314 1396 1316
f 1314 1316 1315
f 1314 1315 1313
f 1318 1317 1315
f 1318 1315 1316
f 1318 1316 1320
f 1319 1318 1320
f 1319 1320 1321
f 1319 1321 1323
f 1396 1322 1321
f 1396 1321 1320
f 1396 1320 1316
f 1322 1325 1324
f 1322 1324 1323
f 1322 1323 1321
f 1327 1319 1323
f 1327 1323 1324
f 1327 1324 1326
f 1325 1395 1394
f 1325 1394 1330
f 1325 1330 1328
f 1325 1328 1326
f 1325 1326 1324
f 1326 1328 1331
f 1326 1331 1327
f 1337 1329 1328
f 1337 1328 1330
f 1337 1330 1393
f 1337 1393 1339
f 1337 1339 1338
f 1332 1331 1328
f 1332 1328 1329
f 1333 1332 1329
f 1333 1329 1337
f 1333 1337 1335
f 1334 1333 1335
f 1334 1335 1336
f 1334 1336 1392
f 1336 1335 1337
f 1336 1337 1338
f 1336 1338 1340
f 1342 1392 1336
f 1342 1336 1340
f 1342 1340 1341
f 1344 1352 1342
f 1344 1342 1341
f 1344 1341 1343
f 1347 1349 1344
f 1347 1344 1343
f 1347 1343 1345
f 1345 1346 1353
f 1345 1353 1348
f 1345 1348 1347
f 1354 1237 1350
f 1354 1350 1349
f 1354 1349 1347
f 1354 1347 1348
f 1350 1351 1352
f 1350 1352 1344
f 1350 1344 1349
f 1351 1334 1392
f 1351 1392 1342
f 1351 1342 1352
f 1355 1354 1348
f 1355 1348 1353
f 1355 1353 1357
f 1356 1355 1357
f 1356 1357 1358
f 1356 1358 1360
f 1358 1357 1353
f 1358 1353 1346
f 1358 1346 1391
f 1358 1391 1359
f 1359 1362 1361
f 1359 1361 1360
f 1359 1360 1358
f 1364 1356 1360
f 1364 1360 1361
f 1364 1361 1363
f 1362 1366 1365
f 1362 1365 1363
f 1362 1363 1361
f 1368 1364 1363
f 1368 1363 1365
f 1368 1365 1367
f 1366 1370 1369
f 1366 1369 1367
f 1366 1367 1365
f 1374 1368 1367
f 1374 1367 1369
f 1374 1369 1371
f 1370 1373 1371
f 1370 1371 1369
f 1373 1382 1372
f 1373 1372 1371
f 1375 1374 1371
f 1375 1371 1372
f 1375 1372 1377
f 1376 1375 1377
f 1376 1377 1378
f 1376 1378 1379
f 1382 1380 1378
f 1382 1378 1377
f 1382 1377 1372
f 1380 1381 1384
f 1380 1384 1379
f 1380 1379 1378
f 1381 1383 1387
f 1381 1387 1385
f 1381 1385 1384
f 1386 1376 1379
f 1386 1379 1384
f 1386 1384 1385
f 1307 1386 1385
f 1307 1385 1387
f 1307 1387 1388
f 1383 1389 1390
f 1383 1390 1309
f 1383 1309 1388
f 1383 1388 1387
f 1401 1398 1399
f 1401 1399 1403
f 1456 1399 1398
f 1456 1398 1400
f 1430 1431 1432
f 1430 1432 1433
f 1430 1433 1441
f 1430 1441 1442
f 1430 1442 1443
f 1430 1443 1444
f 1430 1444 1458
f 1430 1458 1457
f 1430 1457 1400
f 1430 1400 1398
f 1430 1398 1401
f 1430 1401 1402
f 1430 1402 1410
f 1430 1410 1411
f 1430 1411 1412
f 1430 1412 1413
f 1430 1413 1462
f 1430 1462 1461
f 1430 1461 1460
f 1430 1460 1427
f 1403 1405 1402
f 1403 1402 1401
f 1403 1399 1455
f 1403 1455 1404
f 1405 1403 1404
f 1405 1404 1406
f 1405 1407 1410
f 1405 1410 1402
f 1407 1405 1406
f 1407 1406 1409
f 1407 1408 1411
f 1407 1411 1410
f 1408 1407 1409
f 1408 1409 1463
f 1408 1414 1412
f 1408 1412 1411
f 1414 1416 1413
f 1414 1413 1412
f 1414 1408 1463
f 1414 1463 1415
f 1416 1414 1415
f 1416 1415 1418
f 1416 1417 1462
f 1416 1462 1413
f 1417 1416 1418
f 1417 1418 1419
f 1455 1454 1452
f 1455 1452 1450
f 1455 1450 1449
f 1455 1449 1447
f 1455 1447 1448
f 1455 1448 1440
f 1455 1440 1437
f 1455 1437 1435
f 1455 1435 1459
f 1455 1459 1425
f 1455 1425 1424
f 1455 1424 1422
f 1455 1422 1420
f 1455 1420 1419
f 1455 1419 1418
f 1455 1418 1415
f 1455 1415 1463
f 1455 1463 1409
f 1455 1409 1406
f 1455 1406 1404
f 1421 1417 1419
f 1421 1419 1420
f 1423 1421 1420
f 1423 1420 1422
f 1426 1423 1422
f 1426 1422 1424
f 1428 1426 1424
f 1428 1424 1425
f 1423 1426 1427
f 1423 1427 1460
f 1426 1428 1430
f 1426 1430 1427
f 1429 1428 1425
f 1429 1425 1459
f 1431 1430 1428
f 1431 1428 1429
f 1429 1434 1432
f 1429 1432 1431
f 1434 1436 1433
f 1434 1433 1432
f 1434 1429 1459
f 1434 1459 1435
f 1436 1434 1435
f 1436 1435 1437
f 1436 1438 1441
f 1436 1441 1433
f 1438 1436 1437
f 1438 1437 1440
f 1438 1439 1442
f 1438 1442 1441
f 1439 1438 1440
f 1439 1440 1448
f 1439 1445 1443
f 1439 1443 1442
f 1445 1446 1444
f 1445 1444 1443
f 1445 1439 1448
f 1445 1448 1447
f 1446 1445 1447
f 1446 1447 1449
f 1451 1446 1449
f 1451 1449 1450
f 1453 1451 1450
f 1453 1450 1452
f 1456 1453 1452
f 1456 1452 1454
f 1454 1455 1399
f 1454 1399 1456
f 1453 1456 1400
f 1453 1400 1457
f 1451 1453 1457
f 1451 1457 1458
f 1446 1451 1458
f 1446 1458 1444
f 1421 1423 1460
f 1421 1460 1461
f 1417 1421 1461
f 1417 1461 1462
f 1465 1464 1467
f 1465 1467 1469
f 1464 1465 1541
f 1464 1541 1539
f 1464 1539 1542
f 1464 1542 1529
f 1464 1529 1527
f 1464 1527 1525
f 1464 1525 1546
f 1464 1546 1515
f 1464 1515 1513
f 1464 1513 1511
f 1464 1511 1548
f 1464 1548 1501
f 1464 1501 1499
f 1464 1499 1497
f 1464 1497 1549
f 1464 1549 1550
f 1464 1550 1483
f 1464 1483 1481
f 1464 1481 1479
f 1464 1479 1466
f 1468 1467 1464
f 1468 1464 1466
f 1473 1470 1467
f 1473 1467 1468
f 1469 1467 1470
f 1469 1470 1472
f 1472 1470 1471
f 1472 1471 1544
f 1474 1471 1470
f 1474 1470 1473
f 1468 1478 1475
f 1468 1475 1473
f 1473 1475 1476
f 1473 1476 1474
f 1475 1477 1551
f 1475 1551 1476
f 1478 1480 1477
f 1478 1477 1475
f 1466 1479 1478
f 1466 1478 1468
f 1479 1481 1480
f 1479 1480 1478
f 1481 1483 1482
f 1481 1482 1480
f 1480 1482 1485
f 1480 1485 1477
f 1483 1550 1484
f 1483 1484 1482
f 1482 1484 1487
f 1482 1487 1485
f 1477 1485 1486
f 1477 1486 1551
f 1485 1487 1489
f 1485 1489 1486
f 1484 1496 1488
f 1484 1488 1487
f 1487 1488 1490
f 1487 1490 1489
f 1471 1474 1476
f 1471 1476 1551
f 1471 1551 1486
f 1471 1486 1489
f 1471 1489 1490
f 1471 1490 1491
f 1471 1491 1492
f 1471 1492 1504
f 1471 1504 1506
f 1471 1506 1508
f 1471 1508 1547
f 1471 1547 1518
f 1471 1518 1520
f 1471 1520 1522
f 1471 1522 1545
f 1471 1545 1532
f 1471 1532 1534
f 1471 1534 1536
f 1471 1536 1543
f 1471 1543 1544
f 1488 1493 1491
f 1488 1491 1490
f 1493 1494 1492
f 1493 1492 1491
f 1496 1495 1493
f 1496 1493 1488
f 1495 1498 1494
f 1495 1494 1493
f 1549 1497 1495
f 1549 1495 1496
f 1497 1499 1498
f 1497 1498 1495
f 1499 1501 1500
f 1499 1500 1498
f 1498 1500 1503
f 1498 1503 1494
f 1501 1548 1502
f 1501 1502 1500
f 1500 1502 1505
f 1500 1505 1503
f 1494 1503 1504
f 1494 1504 1492
f 1503 1505 1506
f 1503 1506 1504
f 1505 1507 1508
f 1505 1508 1506
f 1502 1510 1507
f 1502 1507 1505
f 1507 1509 1547
f 1507 1547 1508
f 1510 1512 1509
f 1510 1509 1507
f 1548 1511 1510
f 1548 1510 1502
f 1511 1513 1512
f 1511 1512 1510
f 1513 1515 1514
f 1513 1514 1512
f 1512 1514 1517
f 1512 1517 1509
f 1515 1546 1516
f 1515 1516 1514
f 1514 1516 1519
f 1514 1519 1517
f 1509 1517 1518
f 1509 1518 1547
f 1517 1519 1520
f 1517 1520 1518
f 1519 1521 1522
f 1519 1522 1520
f 1516 1524 1521
f 1516 1521 1519
f 1521 1523 1545
f 1521 1545 1522
f 1524 1526 1523
f 1524 1523 1521
f 1546 1525 1524
f 1546 1524 1516
f 1525 1527 1526
f 1525 1526 1524
f 1527 1529 1528
f 1527 1528 1526
f 1526 1528 1531
f 1526 1531 1523
f 1529 1542 1530
f 1529 1530 1528
f 1528 1530 1533
f 1528 1533 1531
f 1523 1531 1532
f 1523 1532 1545
f 1531 1533 1534
f 1531 1534 1532
f 1533 1535 1536
f 1533 1536 1534
f 1530 1538 1535
f 1530 1535 1533
f 1535 1537 1543
f 1535 1543 1536
f 1538 1540 1537
f 1538 1537 1535
f 1542 1539 1538
f 1542 1538 1530
f 1539 1541 1540
f 1539 1540 1538
f 1541 1465 1469
f 1541 1469 1540
f 1540 1469 1472
f 1540 1472 1537
f 1537 1472 1544
f 1537 1544 1543
f 1550 1549 1496
f 1550 1496 1484
