# baked from FL_thigh.dae
v -0.00545299 -0.098999966 0.0536229675
v 0.02395796 -0.0989999664 0.0482829875
v 0.03688699 -0.098999967 0.0393009775
v 0.009522974 -0.098999966 0.0530519475
v 0.04666894 -0.098999968 0.0269669875
v 0.05234295 -0.098999969 0.0128629875
v 0.05119299 -0.0989999713 -0.0168659525
v 0.04431897 -0.0989999723 -0.0306769525
v 0.03342199 -0.0989999732 -0.0422869825
v 0.02007395 -0.0989999738 -0.0500219325
v 0.00545299 -0.098999974 -0.0536229525
v -0.009522974 -0.098999974 -0.0530519325
v -0.02395796 -0.0989999736 -0.0482829725
v -0.03688699 -0.098999973 -0.0393009625
v -0.04666894 -0.098999972 -0.0269669725
v -0.05234199 -0.098999971 -0.0128629725
v -0.05386096 -0.0989999698 0.00204599647
v -0.05119299 -0.0989999687 0.0168659675
v -0.04431897 -0.0989999677 0.0306769675
v -0.03342199 -0.0989999668 0.0422869975
v -0.02007395 -0.0989999662 0.0500229575
v 0.05386096 -0.0989999702 -0.00204598153
v -0.008484959 -0.016589008 -0.370373999
v -0.008364975 -0.0162840079 -0.370105999
v 0.001690983 -0.0165890081 -0.372287999
v -0.008524954 -0.016999978 -0.370462999
v -0.01670199 -0.0165890075 -0.364072999
v -0.01677799 -0.0169999775 -0.364134999
v -0.01647394 -0.0162840075 -0.363887999
v -0.03326594 -0.0165829859 -0.343681999
v -0.03301298 -0.0162809659 -0.343527999
v -0.04671895 -0.0165890043 -0.321206999
v -0.03336399 -0.0169930059 -0.343716999
v -0.03266799 -0.016999976 -0.344582999
v -0.04094195 -0.0169859751 -0.332737999
v -0.046808 -0.0169999743 -0.321244999
v -0.04090595 -0.0191210151 -0.332650999
v -0.04447197 -0.0191210146 -0.326106999
v -0.03260999 -0.019121016 -0.344535999
v -0.03148299 -0.0239730059 -0.343619998
v -0.01671999 -0.0191210175 -0.364087999
v -0.012591 -0.0191210178 -0.368015999
v -0.01559299 -0.0239730074 -0.363171998
v -0.012766 -0.0274899872 -0.360874998
v -0.01173299 -0.0239730077 -0.366843998
v -0.006081998 -0.0239730079 -0.369782998
v -0.000574 -0.023973008 -0.370851998
v -0.004913985 -0.0274899877 -0.366331998
v -0.006546974 -0.019121018 -0.371157999
v -0.008494973 -0.019121018 -0.370395999
v -0.000657 -0.0191210181 -0.372301999
v 0.001691997 -0.0191210181 -0.372311999
v 0.00169599 -0.0169999781 -0.372385999
v 0.005827963 -0.0191210181 -0.371720999
v 0.005488991 -0.023973008 -0.370308998
v 0.01164698 -0.0191210179 -0.369423999
v 0.011684 -0.0169999779 -0.369487999
v 0.01660096 -0.0191210176 -0.365602999
v 0.01093 -0.0239730078 -0.368160998
v 0.01556098 -0.0239730075 -0.364587998
v 0.01913297 -0.0239730072 -0.359658998
v 0.01295495 -0.0274899873 -0.362043998
v 0.01747494 -0.0274899867 -0.353616998
v 0.009448945 -0.0287720171 -0.358621998
v 0.004638969 -0.0274899877 -0.366766998
v 0.003495991 -0.0287720173 -0.362002998
v -0.003342986 -0.0287720173 -0.361691998
v -0.007635951 -0.0287720171 -0.359180998
v -0.002579987 -0.0287720167 -0.353792998
v -0.008964955 -0.028772017 -0.357784998
v -0.024854 -0.0287720155 -0.338232998
v -0.03552299 -0.0287720143 -0.321657998
v -0.028656 -0.0274899858 -0.341322998
v -0.03990995 -0.0274899844 -0.323838998
v -0.04317098 -0.0239730046 -0.325459998
v -0.04705494 -0.027489983 -0.304312998
v -0.05059295 -0.023973003 -0.305179998
v -0.04974597 -0.0274899814 -0.283694998
v -0.04229694 -0.0287720129 -0.303146998
v -0.04484796 -0.0287720114 -0.283600998
v -0.04501497 -0.0287720108 -0.274878998
v -0.04513698 -0.0278009903 -0.268545998
v -0.026865 -0.02877201 -0.265004998
v -0.04945397 -0.0277109909 -0.277273998
v -0.05005496 -0.0252919902 -0.267412998
v -0.04986494 -0.027489981 -0.277492998
v -0.05306297 -0.0245959911 -0.279179998
v -0.05347198 -0.0239730011 -0.279390998
v -0.05381494 -0.0215410103 -0.268977998
v -0.05413299 -0.0165979996 -0.259534999
v -0.05486899 -0.0189389703 -0.269497999
v -0.05519998 -0.0165549704 -0.269724999
v -0.05437695 -0.0220260211 -0.279847998
v -0.05491095 -0.0191210111 -0.280085999
v -0.05519396 -0.0166290004 -0.269888999
v -0.05557298 -0.000176021147 -0.280098
v -0.05483996 -0.0191210114 -0.283792999
v -0.05550098 -0.000176021427 -0.283806
v -0.05338799 -0.0239730014 -0.283764998
v -0.05200397 -0.0191210131 -0.305525999
v -0.05104196 -0.0191210133 -0.309154999
v -0.05123096 -0.0134660233 -0.309208999
v -0.05254596 -0.00872501001 -0.304819999
v -0.05119496 -0.0135460034 -0.309322999
v -0.05107599 -0.0132550234 -0.309486999
v -0.04923897 -0.0161969838 -0.315125999
v -0.04915595 -0.0158779838 -0.315183999
v -0.04675799 -0.0166790043 -0.321222999
v -0.04896497 -0.0156209638 -0.315184999
v -0.046606 -0.0164209842 -0.321157999
v -0.04869794 -0.0154540138 -0.315131999
v -0.05082595 -0.0130189834 -0.309570999
v -0.05049794 -0.0128860034 -0.309556999
v -0.05207097 -0.00838097205 -0.305286999
v -0.05238699 -0.00853797104 -0.305107999
v -0.05168199 -0.00830497605 -0.305295999
v -0.05261999 -0.00218900293 -0.303685
v -0.05283397 -0.00219996992 -0.303587
v -0.05260896 -0.00218798993 -0.303689
v -0.05256795 0.00123093207 -0.303754
v -0.05238896 -0.00217702293 -0.303717
v -0.05231696 0.00121793807 -0.303778
v -0.05218696 -0.00216599593 -0.303688
v -0.052181 -0.00216498193 -0.303686
v -0.05206596 0.00120792407 -0.303763
v -0.05199199 -0.00215496892 -0.303604
v -0.05189096 -0.000536022917 -0.303539
v -0.05183595 -0.00214596891 -0.303481
v -0.05185997 -0.000538022915 -0.303522
v -0.05145597 -0.007443987 -0.304681999
v -0.04016697 -0.00201096306 -0.292134
v -0.04015398 0.00133893593 -0.292362
v -0.02855497 -0.0018769712 -0.280843
v -0.02838999 -0.00616200825 -0.281462
v -0.02849799 -0.0018769712 -0.280787
v -0.02847498 0.00111494279 -0.280942
v -0.01682895 -0.00174196534 -0.26944
v -0.005322992 -0.0016100005 -0.258252
v -0.01679599 0.000889979652 -0.269522
v -0.01670598 0.00350693763 -0.269815
v -0.005273997 0.000668980502 -0.258256
v -0.005220949 0.0029659665 -0.258283
v -0.005193948 0.0043199455 -0.258312
v -0.005174994 0.0053029455 -0.258344
v -0.004142999 0.00434593362 -0.256719
v -0.004075944 0.0148899306 -0.256997001
v -0.004136979 0.00434593362 -0.256705
v -0.003613948 0.00437794176 -0.254887
v -0.004305958 -0.00782300938 -0.256717999
v -0.005323946 -0.0081200195 -0.258327999
v -0.004301965 -0.00782098238 -0.256708999
v -0.003794968 -0.00752301924 -0.254870999
v -0.004175961 -0.0152629794 -0.256669999
v -0.00377798 -0.0153719892 -0.254685999
v -0.004995942 -0.0151239795 -0.258478999
v -0.005132973 -0.0134689995 -0.258374999
v -0.004957973 -0.0153839695 -0.258510999
v -0.004951953 -0.0154189595 -0.258515999
v -0.01179897 -0.0157609703 -0.268428999
v -0.01246297 -0.0141759702 -0.268120999
v -0.01140797 -0.0161349903 -0.268624999
v -0.01891696 -0.015917021 -0.278722999
v -0.018314 -0.0161649711 -0.279076999
v -0.02602899 -0.0160070218 -0.289041999
v -0.01996797 -0.014643981 -0.278112999
v -0.02741599 -0.0150429818 -0.288150999
v -0.02083396 -0.012914021 -0.277614999
v -0.02160894 -0.0110290209 -0.277170999
v -0.02855294 -0.0136749917 -0.287429999
v -0.01300996 -0.0121270002 -0.267885999
v -0.013511 -0.00992997521 -0.267676999
v -0.005227982 -0.0112109895 -0.258328999
v -0.005300998 -0.0088560175 -0.258324999
v -0.01375895 -0.0087909892 -0.267574999
v -0.02220195 -0.0094629729 -0.276830999
v -0.02634996 -0.00979199124 -0.281377999
v -0.02795398 -0.00992002238 -0.283137999
v -0.03044795 -0.0105480116 -0.286245999
v -0.03066694 -0.0101359616 -0.286109999
v -0.02954196 -0.0121489917 -0.286808999
v -0.03827899 -0.0120049923 -0.295955999
v -0.03914499 -0.0108099723 -0.295404999
v -0.045946 -0.0131259731 -0.305789999
v -0.03724396 -0.0132450024 -0.296626999
v -0.03609699 -0.0143860125 -0.297381999
v -0.04480099 -0.0139879731 -0.306563999
v -0.04353499 -0.0147819732 -0.307429999
v -0.04924094 -0.0145169636 -0.312459999
v -0.04975998 -0.0137089635 -0.310798999
v -0.04863095 -0.0151909737 -0.314295999
v -0.04837697 -0.0154040038 -0.315027999
v -0.04788798 -0.0157249739 -0.316386999
v -0.04693198 -0.0160830241 -0.318867999
v -0.04208898 -0.0155049733 -0.308423999
v -0.04034298 -0.0160519634 -0.309631999
v -0.034774 -0.0153709825 -0.298265999
v -0.03316199 -0.0160510126 -0.299354999
v -0.03214198 -0.0161720127 -0.300048999
v -0.02516895 -0.0161720119 -0.289598999
v -0.03910899 -0.0161720134 -0.310490999
v -0.04000794 -0.0161720135 -0.311836999
v -0.04607397 -0.0161720142 -0.320928999
v -0.002802968 -0.0161720162 -0.346755999
v -0.003701984 -0.0161720163 -0.348094999
v -0.001863956 -0.0161720161 -0.345974999
v -0.001863956 -0.0287720161 -0.345974998
v 0.000827 -0.0161720161 -0.345184999
v 0.000827 -0.0287720161 -0.345184998
v 0.003518998 -0.0161720161 -0.345974999
v 0.003518998 -0.0287720161 -0.345974998
v 0.005356967 -0.0161720163 -0.348094999
v 0.00575596 -0.0161720165 -0.350871999
v 0.005356967 -0.0287720163 -0.348094998
v 0.004233956 -0.0287720162 -0.346532998
v 0.00575596 -0.0287720165 -0.350871998
v 0.004589974 -0.0287720167 -0.353423998
v 0.004589974 -0.0161720167 -0.353423999
v 0.002229988 -0.0287720168 -0.354940998
v -0.000576 -0.0287720168 -0.354940998
v 0.002229988 -0.0161720168 -0.354940999
v -0.000576 -0.0161720168 -0.354940999
v 0.004456996 -0.0161720167 -0.353569999
v 0.01639199 -0.0161720175 -0.364770999
v 0.011289 -0.0161720178 -0.368792999
v 0.01862198 -0.0161720173 -0.361951999
v 0.02207797 -0.0161720166 -0.352536999
v 0.01896196 -0.0162840073 -0.362176999
v 0.01148998 -0.0162840079 -0.369147999
v 0.019207 -0.0165890074 -0.362339999
v 0.022484 -0.0162840066 -0.352584999
v 0.02277594 -0.0165890066 -0.352619999
v 0.02129596 -0.0162840059 -0.342435999
v 0.02156996 -0.0165850158 -0.342335999
v 0.02129399 -0.0162829959 -0.342436999
v 0.020913 -0.0161720159 -0.342575999
v 0.01868599 -0.0162829953 -0.335302999
v 0.01830399 -0.0161720153 -0.335442999
v 0.01868695 -0.0162840053 -0.335301999
v 0.00998497 -0.0162840032 -0.307501999
v 0.01896095 -0.0165850153 -0.335201999
v 0.01896297 -0.0165890053 -0.335201999
v 0.01026898 -0.0165890032 -0.307426999
v 0.01905494 -0.0169930053 -0.335167999
v 0.02166396 -0.0169930058 -0.342300999
v 0.01905494 -0.0169999753 -0.335167999
v 0.01036399 -0.0169999732 -0.307401999
v 0.019041 -0.0174190053 -0.335172999
v 0.01902699 -0.0178449953 -0.335177999
v 0.02164995 -0.0174190058 -0.342306999
v 0.02166396 -0.0169999758 -0.342301999
v 0.02163594 -0.0178449958 -0.342311999
v 0.021622 -0.0182699758 -0.342316999
v 0.01901298 -0.0182699753 -0.335182999
v 0.02160799 -0.0186959758 -0.342321999
v 0.02159398 -0.0191210158 -0.342326999
v 0.01899898 -0.0186959753 -0.335187999
v 0.01898598 -0.0191210153 -0.335192999
v 0.01762199 -0.0239730053 -0.335691998
v 0.01029199 -0.0191210132 -0.307420999
v 0.008886992 -0.0239719932 -0.307788998
v 0.004257977 -0.0191210111 -0.278952999
v 0.002823948 -0.0239719911 -0.279186998
v 0.000936 -0.0191210089 -0.250041999
v 0.004330992 -0.0169999711 -0.278940999
v 0.001009941 -0.0169999689 -0.250036999
v 0.004233956 -0.0165890011 -0.278956999
v 0.003943979 -0.0162840011 -0.279003999
v 0.000913 -0.0165879889 -0.250043999
v 0.000619 -0.0162839989 -0.250062999
v 0.000613 -0.0165950185 -0.245151899
v 0.000655 -0.0166890185 -0.245148999
v 0.000487 -0.0164199585 -0.245159999
v 0.000101 -0.0165019783 -0.242852999
v 0.000319 -0.0162859685 -0.245170999
v 0.000228 -0.0162389985 -0.245177999
v -0.000162 -0.0162589683 -0.242958999
v -9.1e-05 -0.0161720085 -0.245198999
v 0.000212 -0.0161720089 -0.250090999
v -0.000499 -0.0161720084 -0.243093999
v -0.001662969 -0.0161720082 -0.241383999
v -0.00148195 -0.0162139682 -0.241205999
v -0.002994954 -0.0161720092 -0.254906999
v -0.001981973 -0.0160650182 -0.240585999
v -0.002113997 -0.0159189881 -0.240083999
v -0.003380954 -0.0160650192 -0.254746999
v -0.003514945 -0.0159660092 -0.254713999
v -0.003285944 -0.0161119792 -0.254777999
v -0.003143966 -0.0161569892 -0.254833999
v -0.004733979 -0.0161050095 -0.258699999
v -0.004809975 -0.0159719695 -0.258635999
v -0.004719972 -0.0161219995 -0.258712999
v -0.009890973 -0.0161720101 -0.266703999
v -0.004677951 -0.0161550195 -0.258747999
v -0.004669964 -0.0161599695 -0.258754999
v -0.004616975 -0.0161720095 -0.258799999
v -0.00683695 -0.0161720098 -0.262126999
v -0.01123398 -0.0161720103 -0.268715999
v -0.01819497 -0.0161720111 -0.279146999
v -0.004826962 -0.0159300095 -0.258621999
v -0.004896998 -0.0156920095 -0.258561999
v -0.003666996 -0.0157789692 -0.254688999
v -0.00367099 -0.0157730092 -0.254688999
v -0.003750979 -0.0155779892 -0.254682999
v -0.002180993 -0.0157719981 -0.239679999
v -0.002194941 -0.015371988 -0.238796999
v -0.001786947 -0.0119359577 -0.235033999
v -0.002226948 -0.015573988 -0.238578999
v -0.001961946 -0.0162249981 -0.239809999
v -0.00228095 -0.015661968 -0.238479999
v -0.002357959 -0.015741008 -0.238388999
v -0.001835942 -0.0122019777 -0.234832999
v -0.002017974 -0.0124200077 -0.234651999
v -0.001298964 -0.0100069774 -0.230362999
v -0.001264989 -0.0097829864 -0.230405999
v -0.001387 -0.0102139874 -0.230315999
v -0.001918971 -0.0119400177 -0.234012999
v -0.003381967 -0.0126559874 -0.230667999
v -0.000551 -0.00870098289 -0.223653999
v -0.000172 -0.00781197967 -0.220765999
v -0.000603 -0.00880797276 -0.208775899
v -0.000677 -0.00896300215 -0.187397999
v -0.004086971 -0.0134329858 -0.209079999
v 0.000765 -0.00317199575 -0.208657
v 0.000726 -0.00317199415 -0.187396
v 0.000773 -0.0031719961 -0.213235
v 0.000386 -0.00601799836 -0.216673
v 0.000773 -0.00317098314 -0.213733
v 0.000396 -0.00588001437 -0.216825
v 0.000773 -0.00317199617 -0.214193
v 0.000827 -0.00242199114 -0.21375
v 0.000531 -0.0049820103 -0.215907
v 0.000387 -0.00574000238 -0.21698
v -0.001749992 -0.00561799372 -0.234771
v -0.00168699 -0.0037430097 -0.23439
v -0.003787994 -0.00626399024 -0.254873
v -0.001773953 -0.00752301774 -0.234923999
v -0.000118 -0.00752301668 -0.220872899
v -0.000133 -0.00767000167 -0.220820999
v -0.00376898 -0.00486298324 -0.254868
v -0.003741979 -0.00333197824 -0.254866
v -0.003707945 -0.00167198824 -0.254866
v -0.001601994 -0.00189496766 -0.233887
v 0.00093 -0.000137016097 -0.213208
v -0.001506984 -5.40176181e-05 -0.233359
v -0.000213 0.00072698321 -0.2223899
v -0.001419961 0.00181494341 -0.232939
v -9.6e-05 0.00258295026 -0.221765
v -0.001387953 0.00282393042 -0.232848
v -0.00367099 0.000182980758 -0.254865
v -0.003632962 0.00231192476 -0.254871
v -0.001377999 0.00372497441 -0.23293
v -0.003619968 0.00339893476 -0.254877
v -0.00140196 0.00458995639 -0.233278
v -0.000105 0.00519393122 -0.222286
v -0.001469969 0.00528494734 -0.233954
v -0.000932 0.00553492869 -0.2292439
v -0.001511991 0.00526497931 -0.234331
v -0.002077996 0.00499693692 -0.239506
v -0.00228399 0.00891397477 -0.241464001
v -0.002645969 0.0091449425 -0.244978001
v -0.001910984 0.00871996204 -0.237949001
v -0.002573966 0.0115719816 -0.244329001
v -0.002778947 0.0149079314 -0.246424001
v -0.002276957 0.0113889318 -0.241448001
v -0.001970946 0.011173942 -0.238548001
v -0.002535998 0.0149109716 -0.244011901
v -0.002293944 0.0149129418 -0.241670001
v -0.002551972 0.0149109716 -0.244168901
v -0.002559959 0.0149109716 -0.244251001
v -0.002559959 0.0149109716 -0.244251001
v -0.002559959 0.0149109716 -0.244251001
v -0.002559959 0.0149109716 -0.244251001
v -0.002559959 0.0149109716 -0.244251001
v -0.002559959 0.0149109716 -0.244251001
v -0.002559959 0.0149109716 -0.244251001
v -0.002559959 0.0149109716 -0.244249901
v -0.002559959 0.0149109716 -0.244249901
v -0.002559959 0.0149109716 -0.244249901
v -0.002559959 0.0149109716 -0.244249901
v -0.002559959 0.0149109716 -0.244249901
v -0.002559959 0.0149109716 -0.244249901
v -0.002559959 0.0149109716 -0.244251001
v -0.002559959 0.0149109716 -0.244251001
v -0.002559959 0.0149109716 -0.244252001
v -0.002560973 0.0149109716 -0.244257001
v -0.00257498 0.0149109715 -0.244397901
v -0.002657949 0.0149089415 -0.245218001
v -0.002659976 0.0149089415 -0.245236901
v -0.002659976 0.0149089415 -0.245240001
v -0.002660989 0.0149089415 -0.245241901
v -0.002660989 0.0149089415 -0.245247001
v -0.002662956 0.0149089415 -0.245265001
v -0.00266695 0.0149089415 -0.245302001
v -0.002673983 0.0149089415 -0.245377001
v -0.002688944 0.0149089415 -0.245525001
v -0.002718985 0.0149079314 -0.245824001
v -0.002254962 0.0149139518 -0.241286901
v -0.002203941 0.0150089618 -0.240810001
v -0.002239942 0.0149969218 -0.241289001
v -0.002196967 0.0150909818 -0.241294001
v -0.002193987 0.0150519418 -0.240823001
v -0.002140998 0.0151729318 -0.240862001
v -0.002149999 0.0152389819 -0.240387001
v -0.002155959 0.0151889719 -0.240354001
v -0.002110958 0.0153349418 -0.240454001
v -0.002000987 0.0154779318 -0.240559001
v -0.002085983 0.0156269419 -0.240124001
v -0.002000987 0.0157199319 -0.240263001
v -0.002070963 0.0160299319 -0.239938001
v -0.002115964 0.0155219819 -0.239973001
v -0.002110958 0.0155819419 -0.239933001
v -0.001731991 0.0116849322 -0.236344901
v -0.00209397 0.0159999519 -0.239777001
v -0.002091944 0.0161419319 -0.239760001
v -0.002080976 0.0162599419 -0.239877001
v -0.001823961 0.0133489721 -0.237215901
v -0.003001987 0.0146359621 -0.237529901
v -0.001688957 0.0121619522 -0.235960001
v -0.00149095 0.0107459823 -0.234141001
v -0.002858996 0.0123689523 -0.234446001
v -0.001148998 0.00930796255 -0.231083001
v -0.001074969 0.0091549576 -0.230428901
v -0.001220941 0.00892392951 -0.231714001
v -0.001313984 0.00866697444 -0.232525001
v -2.9e-05 0.00594197026 -0.221709
v -0.001526951 0.0085209423 -0.234436001
v -0.001798987 0.0113619321 -0.236955001
v -0.002155959 0.0151879519 -0.240356001
v -0.000346 0.00575195007 -0.224304
v -0.000225 0.00581197214 -0.223305
v 0.000272 0.00626598044 -0.219303
v 0.000438 0.00567297455 -0.2179509
v 0.000199 0.00646696912 -0.197134
v -0.0004 0.00794093103 -0.224718001
v -0.000535 0.00828497111 -0.197160001
v -0.000696 0.00869898662 -0.164016001
v -0.004248976 0.0130089351 -0.197289001
v -0.004676997 0.0137019576 -0.163658001
v -0.00960195 0.0157439551 -0.197472001
v -0.003818988 0.0123189426 -0.230919001
v -0.002830982 0.0113999626 -0.230743001
v -0.005603969 0.0135819725 -0.231236001
v -0.005610942 0.0144889723 -0.235055001
v -0.008806943 0.0149369625 -0.231802901
v -0.00940299 0.0155419544 -0.206055001
v -0.02752798 0.0174639622 -0.235110001
v -0.008762955 0.0157729722 -0.235747001
v -0.008763968 0.0158739422 -0.235975001
v -0.008784949 0.0177369519 -0.239094001
v -0.02744299 0.0182399519 -0.240308001
v -0.02754294 0.0174639622 -0.235112001
v -0.02734196 0.0202679415 -0.245374002
v -0.04615896 0.0159029715 -0.244756901
v -0.04604697 0.0170469613 -0.247993001
v -0.04625695 0.014989952 -0.238411001
v -0.05176395 0.0119359219 -0.239378001
v -0.04628199 0.0155989342 -0.209250001
v -0.05209296 0.0124409542 -0.209637001
v -0.04630798 0.0162079764 -0.180088901
v -0.027839 0.0179329343 -0.207655001
v -0.02814996 0.0184159664 -0.180200901
v -0.009998977 0.0161479564 -0.180307001
v -0.02846097 0.0188999585 -0.152746001
v -0.04633295 0.0168169586 -0.150928001
v -0.01059496 0.0167539583 -0.154559001
v -0.02877199 0.0193929505 -0.125292001
v -0.02823597 0.0193899705 -0.125398901
v -0.046359 0.0174259408 -0.121767901
v -0.04643297 0.0180599531 -0.0919789614
v -0.05300498 0.0140359809 -0.120433001
v -0.04633295 0.0168169586 -0.150927001
v -0.05275499 0.0134539487 -0.150156001
v -0.05242395 0.0129469464 -0.179897001
v -0.05683797 0.0074579597 -0.149659001
v -0.05308896 0.0139629709 -0.120416001
v -0.05427998 0.0127869709 -0.120176001
v -0.05464196 0.0123739709 -0.120103001
v -0.05477195 0.0122189409 -0.120077001
v -0.05482399 0.0121549809 -0.120067001
v -0.05483597 0.0121399609 -0.120064001
v -0.05483895 0.0121359709 -0.120064001
v -0.05483996 0.0121349509 -0.120063001
v -0.05484098 0.0121339409 -0.120063001
v -0.05484098 0.0121339409 -0.120063001
v -0.05484098 0.0121329909 -0.120063001
v -0.05484098 0.0121329909 -0.120063001
v -0.05484098 0.0121329909 -0.120063001
v -0.05484098 0.0121339409 -0.120063001
v -0.05484098 0.0121339409 -0.120063001
v -0.05484098 0.0121339409 -0.120063001
v -0.05484098 0.0121339409 -0.120063001
v -0.05484098 0.0121339409 -0.120063001
v -0.05484199 0.0121319709 -0.120063001
v -0.05487996 0.0120849509 -0.120055001
v -0.05502897 0.0118969509 -0.120025001
v -0.05736899 0.00771193697 -0.119550001
v -0.05784696 0.00808995204 -0.0922229806
v -0.05866396 -0.000175008999 -0.119194
v -0.05856198 -0.003171989 -0.1192139
v -0.05808395 -0.000175011279 -0.149398
v -0.05918699 -0.000176006942 -0.09194695
v -0.05918794 -0.000176006939 -0.09190499
v -0.05909997 -0.00368899794 -0.0919299697
v -0.05976498 -0.000175004885 -0.06470495
v -0.05837196 0.0084349461 -0.0648979506
v -0.05976694 -0.000175004878 -0.06461197
v -0.05966097 -0.00511497688 -0.0646489796
v -0.06047397 -0.000175002829 -0.037467
v -0.05908495 0.00874596516 -0.0375789907
v -0.06047797 -0.000175002818 -0.03732198
v -0.06131595 -0.000174000772 -0.01023197
v -0.06033396 -0.00756597782 -0.0373769894
v -0.05970698 -0.00526899473 -0.0625939896
v -0.06043899 -0.00798499753 -0.0335159794
v -0.06049299 -0.0131189825 -0.032681999
v -0.06048399 -0.00817799741 -0.0318769794
v -0.06057596 -0.0131559923 -0.031061939
v -0.06112694 -0.0109519908 -0.0101219992
v -0.06130599 -0.0157719807 -0.00986999081
v -0.06143796 -0.01099199 0.00036100083
v -0.06162697 -0.00017599997 0.000397000013
v -0.06123596 -0.02259194 0.000323001706
v -0.06082099 -0.0225879508 -0.0100819383
v -0.06103396 -0.03419196 0.000284002581
v -0.06087696 -0.0341919597 0.00438094358
v -0.06015598 -0.0341919608 -0.0103209574
v -0.05950099 -0.034191961 -0.0135939674
v -0.06029397 -0.0253739908 -0.0104229981
v -0.05753695 -0.0281499616 -0.0206799479
v -0.06043398 -0.0244050008 -0.0103379382
v -0.05973094 -0.0258280011 -0.0142129581
v -0.05802994 -0.0264639816 -0.020953948
v -0.05822795 -0.0226579923 -0.0299779683
v -0.05996596 -0.0181139723 -0.0303809586
v -0.05815297 -0.0227829823 -0.0299719483
v -0.05465698 -0.0263609823 -0.030054978
v -0.05769997 -0.0229499924 -0.0316289583
v -0.05845296 -0.0217099724 -0.0316869584
v -0.05404394 -0.0262709824 -0.031782978
v -0.05385196 -0.0263769624 -0.031801988
v -0.05214399 -0.0214939746 -0.0614129884
v -0.04717099 -0.0233699647 -0.0620459882
v -0.051189 -0.0179079769 -0.0912259786
v -0.05674898 -0.0171889646 -0.0612379887
v -0.05593997 -0.0137949569 -0.090993999
v -0.05908 -0.0111989947 -0.0617619692
v -0.05844295 -0.0080300039 -0.0914489594
v -0.06032896 -0.0151239624 -0.0323909489
v -0.05976998 -0.0182189924 -0.0319989886
v -0.05909895 -0.00368595795 -0.0920219997
v -0.05828595 -0.005620965 -0.11927
v -0.05689495 -0.00972397003 -0.119551999
v -0.05636596 -0.00952501229 -0.149593999
v -0.05588996 -0.011447969 -0.119750999
v -0.05260396 -0.0149829991 -0.120408999
v -0.05222296 -0.0146190013 -0.150075999
v -0.05139696 -0.0158379691 -0.120650999
v -0.04664099 -0.0178319892 -0.121601899
v -0.04638195 -0.0174169614 -0.150729999
v -0.03999096 -0.0190599593 -0.122933999
v -0.04685395 -0.0189819974 -0.0976529686
v -0.04690599 -0.0195019869 -0.0917749985
v -0.04078894 -0.0199239877 -0.102016998
v -0.04270595 -0.0216909661 -0.0811729984
v -0.03343898 -0.020500008 -0.106297998
v -0.03320896 -0.0197179994 -0.124291999
v -0.02548998 -0.0205399983 -0.109420998
v -0.03388398 -0.0221219667 -0.0883399783
v -0.03447198 -0.0243009953 -0.0705119882
v -0.02885299 -0.0221869969 -0.0911569483
v -0.02361994 -0.022144977 -0.0932089583
v -0.02679795 -0.0267729744 -0.057716958
v -0.035124 -0.026740964 -0.052996988
v -0.02546095 -0.0267759544 -0.058323968
v -0.01777595 -0.0267829846 -0.061117938
v -0.02495098 -0.0273029843 -0.0571539879
v -0.02458995 -0.0283469543 -0.0563219679
v -0.01198095 -0.0273049446 -0.0612039479
v -0.03671395 -0.0272729938 -0.0503529879
v -0.03620594 -0.0283069637 -0.0496439879
v -0.04666495 -0.0272069531 -0.0411189679
v -0.03744 -0.0267259439 -0.051355948
v -0.04734897 -0.0266180032 -0.042069968
v -0.04730498 -0.0257599936 -0.0472999781
v -0.047508 -0.0266169932 -0.041874998
v -0.05379498 -0.0263789824 -0.031919948
v -0.04687196 -0.0270009631 -0.041305948
v -0.05331599 -0.0268389524 -0.031600948
v -0.05294299 -0.0274449524 -0.0313339779
v -0.04633498 -0.0276689531 -0.0408169579
v -0.05271697 -0.0281469824 -0.0311469979
v -0.05766099 -0.0272649516 -0.0207769779
v -0.04599297 -0.0285369731 -0.0404949678
v -0.05265295 -0.0288749923 -0.0310529378
v -0.05664795 -0.0282869917 -0.0229969579
v -0.05039995 -0.0291549526 -0.0345809978
v -0.050327 -0.0341919626 -0.0345309874
v -0.04588198 -0.029458993 -0.0403759378
v -0.04182499 -0.0295459634 -0.0445629878
v -0.03601896 -0.0296210037 -0.0493719478
v -0.04176896 -0.0341919634 -0.0445039774
v -0.04174494 -0.0472030034 -0.0444779864
v -0.02855294 -0.0341919641 -0.0539439874
v -0.02853995 -0.0472030041 -0.0539119764
v -0.02743899 -0.0341919641 -0.0545189874
v -0.01331198 -0.0341919645 -0.0595649374
v -0.02747398 -0.0296769741 -0.0545899778
v -0.02445596 -0.0296869842 -0.0560069578
v -0.01173394 -0.0296899645 -0.0599759778
v -0.01086997 -0.0296869845 -0.0601389978
v -0.01176095 -0.0288749945 -0.0601009678
v -0.01180297 -0.0283499946 -0.0603119679
v -0.003252983 -0.0287959546 -0.0611509578
v -0.003307998 -0.0276669847 -0.0617719779
v 0.005326986 -0.0285889546 -0.0609929478
v -0.003230988 -0.0295919746 -0.0610289478
v 0.005346953 -0.0293249446 -0.0608849478
v 0.00662595 -0.0292679646 -0.0607599578
v 0.006615996 -0.0341919646 -0.0606749574
v 0.01382297 -0.0288759445 -0.0595439578
v 0.01380497 -0.0282629745 -0.0596249579
v 0.02202194 -0.0283199543 -0.0570329979
v 0.02358698 -0.0281980043 -0.0564059579
v 0.02200996 -0.0278829943 -0.0570789479
v 0.02203696 -0.0272469543 -0.0572599679
v 0.022116 -0.0266639543 -0.057565978
v 0.01383495 -0.0273739645 -0.0599879579
v 0.02972996 -0.026259954 -0.053515968
v 0.03601598 -0.0220149737 -0.0495439683
v 0.02966099 -0.0258069641 -0.0537109881
v 0.02985197 -0.026758964 -0.053384948
v 0.03610295 -0.0221279837 -0.0494729783
v 0.03873395 -0.0170059836 -0.0475569887
v 0.03854399 -0.0341919636 -0.0473239974
v 0.03928196 -0.0145729736 -0.0471599589
v 0.03928995 -0.0145199836 -0.0471549589
v 0.03928899 -0.0145229636 -0.0471549589
v 0.039294 -0.0144940036 -0.0471519789
v 0.03948396 -0.0121719836 -0.0470459391
v 0.03266698 -0.010866994 -0.0533189692
v 0.03969699 -0.000176003559 -0.04714
v 0.02459198 -0.000177004731 -0.06265896
v 0.04847198 -0.000176002873 -0.03805899
v 0.03981995 0.00359093744 -0.0472169503
v 0.03918898 0.00887995549 -0.0464629507
v 0.024697 0.00337993526 -0.0627409803
v 0.02261096 0.00333797406 -0.0654399903
v 0.02458995 -0.000177004731 -0.062662
v 0.01283699 -0.000177006104 -0.08085
v 0.01292896 0.00316398689 -0.0809350002
v 0.01283597 -0.000177006104 -0.08085095
v 0.004890978 -0.000177007625 -0.100998
v 0.01270794 -0.0063719801 -0.0808029695
v 0.015944 -0.00716799966 -0.0749259495
v 0.01046496 -0.00580597545 -0.0854549996
v 0.00988996 -0.0104179965 -0.0857019992
v 0.006225943 -0.00469899827 -0.0962989896
v 0.006140947 -0.00601298328 -0.0963749795
v 0.004793941 -0.00431597962 -0.100967
v 0.004639983 -0.00427395866 -0.101518
v 0.003144979 -0.00386900512 -0.107572
v 0.001257956 -0.003348955 -0.119227
v 0.002400994 -0.00917995714 -0.107849999
v 0.000739 -0.00743497302 -0.119444999
v 0.004898965 -0.0119909673 -0.0966579891
v 0.000175 -0.0139129782 -0.107981999
v -0.00356996 -0.0171839581 -0.107910999
v -0.00139898 -0.012281009 -0.119590899
v 0.002321958 -0.0162809473 -0.0967369588
v -0.001705944 -0.0191919873 -0.0966229986
v 0.004831969 -0.0191179565 -0.0858739586
v 0.000364 -0.0214719765 -0.0856919784
v 0.007975995 -0.0155469765 -0.0858819988
v 0.007420957 -0.0220599757 -0.0752309483
v 0.01019698 -0.0252469749 -0.0648389981
v -0.003216981 -0.0246160056 -0.0746059981
v 0.01130998 -0.0194329657 -0.0753529585
v 0.01490795 -0.0236600049 -0.0650869582
v 0.01412898 -0.0154500057 -0.0753109988
v 0.01873099 -0.0209499549 -0.0651989484
v 0.02324998 -0.0264099843 -0.057262948
v 0.02072596 -0.0180629449 -0.0651659886
v 0.02201497 -0.0142830049 -0.0650239489
v 0.02669697 -0.0253189842 -0.0560469581
v 0.02851599 -0.0222100042 -0.0559869983
v 0.02559995 -0.0264160042 -0.056034978
v 0.02746397 -0.0262549542 -0.054996958
v 0.03106695 -0.025332984 -0.0528519681
v 0.03012996 -0.0154849842 -0.0556839688
v 0.03563195 -0.0222489838 -0.0498339483
v 0.02505397 -0.00926697667 -0.0617989793
v 0.03064095 -0.0104569742 -0.0554059692
v 0.02442097 -0.00912595173 -0.0625899993
v 0.02276498 -0.00875497289 -0.0647329593
v 0.01619595 -0.00722897562 -0.0745019895
v 0.03593897 -0.0219099537 -0.0496159683
v 0.03836297 -0.0178859836 -0.0478379686
v 0.03915494 -0.0152359636 -0.0472509788
v 0.03928297 -0.0145619536 -0.0471589489
v 0.02217996 -0.0263800044 -0.057781988
v 0.01401299 -0.0263419746 -0.061025968
v 0.01393395 -0.0266429746 -0.060605998
v 0.01117295 -0.0263879847 -0.061842968
v 0.005416989 -0.0265179848 -0.062988988
v 0.005376994 -0.0267679647 -0.062411958
v -0.001324951 -0.0266649748 -0.063482988
v -0.003416955 -0.0266999648 -0.063458968
v -0.001432955 -0.0265460048 -0.064062948
v -0.01221698 -0.0266519748 -0.063273958
v -0.01206696 -0.0249789956 -0.0739759781
v -0.01222997 -0.0267789947 -0.062459998
v -0.01209896 -0.0269669847 -0.061800948
v -0.003378987 -0.0269050047 -0.062807968
v -0.01205396 -0.0248399957 -0.0748589581
v -0.01803499 -0.0219889871 -0.0944619683
v -0.01191198 -0.0232519564 -0.0848979882
v -0.004985988 -0.0227109764 -0.0853750083
v -0.01179498 -0.021930997 -0.0932089583
v -0.01239198 -0.0217179672 -0.0948009984
v -0.01177299 -0.0216809572 -0.0947839584
v -0.01175498 -0.0214830072 -0.0960249884
v -0.01159298 -0.0197219881 -0.107478999
v -0.006762981 -0.0208019673 -0.0963499484
v -0.008402943 -0.0190770081 -0.107672999
v -0.009630978 -0.017881989 -0.119334999
v -0.004984974 -0.015751959 -0.119543999
v -0.01014798 -0.0175209697 -0.128909999
v -0.01142698 -0.018327959 -0.119229999
v -0.01129299 -0.0178319897 -0.128680999
v -0.01154696 -0.0192709584 -0.110741999
v -0.01707696 -0.0199809684 -0.110840998
v -0.01873195 -0.0191659996 -0.127190999
v -0.02611899 -0.0197799895 -0.125711999
v -0.02896696 -0.0198319594 -0.125140999
v -0.02865499 -0.0194079915 -0.152595899
v -0.02834296 -0.0189939836 -0.180051999
v -0.01092797 -0.0174169617 -0.154461999
v -0.01080596 -0.0172789723 -0.163055999
v -0.005006968 -0.0144969923 -0.163529999
v -0.01056295 -0.0170019936 -0.180243999
v -0.01031994 -0.0167250149 -0.197430999
v -0.008886992 -0.0163179749 -0.197363999
v -0.01019895 -0.0165869656 -0.206024999
v -0.009833991 -0.0161720075 -0.231805999
v -0.02803099 -0.0185790157 -0.207506999
v -0.02771896 -0.0181639877 -0.234961999
v -0.04586398 -0.0165869658 -0.208987999
v -0.045605 -0.016172008 -0.238117899
v -0.04612296 -0.0170019936 -0.179858999
v -0.05146098 -0.0138909958 -0.209413999
v -0.05530995 -0.00912596283 -0.209688999
v -0.05107998 -0.0135279981 -0.239083999
v -0.05184197 -0.0142549936 -0.179744999
v -0.05583798 -0.00932599456 -0.179641999
v -0.057401 -0.00317199356 -0.1796039
v -0.05798095 -0.00317199128 -0.149408
v -0.05681997 -0.00317199584 -0.209799
v -0.05623996 -0.00317199812 -0.239994
v -0.05478197 -0.0089270051 -0.239736999
v -0.05595594 -0.00566400889 -0.25019
v -0.05634194 -0.00017601812 -0.240012
v -0.05524796 0.00669596688 -0.239984001
v -0.05614995 -0.000176018875 -0.250009
v -0.05692297 -0.00017601584 -0.209808
v -0.05577796 0.00694994515 -0.209876001
v -0.05750298 -0.00017601356 -0.179603
v -0.05630797 0.00720398243 -0.179767001
v -0.05551296 0.00722394413 -0.249987001
v -0.05614995 -0.000176018877 -0.250034
v -0.05595695 -0.000176019634 -0.260055
v -0.05595499 -0.000176019639 -0.260133
v -0.05557495 -0.0111469796 -0.260039999
v -0.05594599 -0.00580300791 -0.250495
v -0.05557096 -0.0112089696 -0.260141999
v -0.05428397 -0.0118339789 -0.250028999
v -0.05062997 -0.0159430088 -0.249022999
v -0.05450397 -0.0094559961 -0.239687999
v -0.04549598 -0.0181740087 -0.247695999
v -0.05040597 -0.0206030195 -0.258247998
v -0.05082696 -0.013726008 -0.239038999
v -0.045358 -0.0224549894 -0.256583998
v -0.04545199 -0.0194810189 -0.250716999
v -0.045255 -0.0253849798 -0.262353998
v -0.04519695 -0.02671899 -0.265416998
v -0.02729594 -0.0259589692 -0.254740998
v -0.009282946 -0.0253949887 -0.247108898
v -0.02709996 -0.0279529796 -0.259828998
v -0.02753996 -0.0210259685 -0.245207998
v -0.02763199 -0.0189709781 -0.240155899
v -0.009634971 -0.0195009881 -0.239879999
v -0.009550988 -0.0211590083 -0.241965998
v -0.009664952 -0.018880978 -0.239023999
v -0.006385982 -0.017785978 -0.238161999
v -0.009753942 -0.0170959978 -0.235948999
v -0.009759962 -0.0169879878 -0.235697999
v -0.006369948 -0.0157559677 -0.234968999
v -0.003388941 -0.0136010177 -0.234328999
v -0.006388962 -0.0148699975 -0.231197999
v -0.008826971 -0.0159030075 -0.231628999
v -0.003919959 -0.0131499874 -0.230762999
v -0.008864998 -0.0161720058 -0.209497999
v -0.003481984 -0.0157919679 -0.237404999
v -0.00358498 -0.0184229781 -0.240096999
v -0.002407968 -0.0146899979 -0.237128999
v -0.002579987 -0.015864978 -0.238232999
v -0.002547979 -0.016455958 -0.238853999
v -0.002296984 -0.0169400081 -0.239516999
v -0.002205967 -0.0170369881 -0.239678999
v -0.002147972 -0.0167909981 -0.239537999
v -0.002029955 -0.0166040181 -0.239599999
v -0.001700997 -0.0170829981 -0.240194999
v -0.001618981 -0.0168349881 -0.240227899
v -0.001825988 -0.0172829781 -0.240212999
v -0.001106977 -0.0171479682 -0.240836999
v -0.001174986 -0.0173869882 -0.240903999
v -0.00109297 -0.0169919882 -0.240822999
v -0.00109899 -0.0168539982 -0.240828999
v 0.000234 -0.0168469683 -0.242798999
v 0.000207 -0.0172199783 -0.242809999
v 0.000495 -0.0171259784 -0.243666999
v 5.5e-05 -0.0172529983 -0.242496999
v 5.9e-05 -0.0187729684 -0.243867899
v -0.000549 -0.0173359682 -0.241585999
v -0.001439988 -0.0188189883 -0.241897999
v -0.001400947 -0.0173850182 -0.240681999
v -0.001466989 -0.0216189785 -0.244481998
v -0.003659963 -0.0211669983 -0.242671998
v -0.003666996 -0.0238179685 -0.245363998
v -0.006381988 -0.0227759584 -0.243667998
v -0.006316959 -0.0252570086 -0.246489998
v -0.006396949 -0.0202239882 -0.240969998
v -0.009413957 -0.0235470085 -0.244798998
v -0.009241998 -0.0258730187 -0.247760998
v -0.00615698 -0.0273689789 -0.249725898
v -0.003538966 -0.0260369888 -0.248452998
v -0.00901395 -0.027861969 -0.251142998
v -0.005829989 -0.0283140091 -0.253569998
v -0.003991961 -0.0274899791 -0.252583998
v -0.008708 -0.0287720093 -0.255127998
v -0.005605995 -0.0287720112 -0.280560998
v -0.000771 -0.0274899811 -0.279772998
v 0.000624 -0.0287720134 -0.309952998
v 0.009599983 -0.0287720156 -0.338625998
v 0.005362987 -0.0274899833 -0.308711998
v 0.01420098 -0.0274899854 -0.336942998
v 0.01680898 -0.027489986 -0.344076998
v 0.01220899 -0.0287720161 -0.345759998
v 0.02022999 -0.0239730059 -0.342825998
v 0.02140694 -0.0239730063 -0.348021998
v 0.02103596 -0.0239730068 -0.354380998
v 0.02285295 -0.0191210163 -0.347884999
v 0.02279895 -0.0191210166 -0.352621999
v 0.02245599 -0.0191210168 -0.354685999
v 0.02287197 -0.0169999766 -0.352630999
v 0.01928895 -0.0169999774 -0.362393999
v 0.01922696 -0.0191210174 -0.362352999
v 0.02042096 -0.0191210172 -0.360329999
v 0.010176 -0.0287720157 -0.340202998
v 0.012685 -0.0287720166 -0.352588998
v -0.003149986 -0.026938989 -0.252134998
v -0.000989 -0.0247609789 -0.250995998
v -0.000473 -0.0239719889 -0.250727998
v -0.001211941 -0.0246240088 -0.249186898
v -0.001358985 -0.0239240087 -0.247449898
v 0.00025 -0.0218929788 -0.248483998
v 0.000144 -0.0211619886 -0.246769998
v 0.000406 -0.0220469989 -0.250281998
v 0.000825 -0.0188189887 -0.248192999
v 0.000787 -0.0185119687 -0.247418899
v 0.000851 -0.0169999687 -0.247464999
v 0.000747 -0.0179810086 -0.246452999
v 0.000706 -0.0170109985 -0.245144999
v -0.009022951 -0.027803969 -0.251012998
v -0.001165986 -0.0165799982 -0.240894999
v -0.001967966 -0.0164119781 -0.239691999
v -0.001298964 -0.0163570182 -0.241025999
v -0.001379966 -0.0162779782 -0.241104999
v -0.04553794 -0.0170799585 -0.244485999
v -0.02772295 -0.0181639877 -0.234962899
v -0.05586999 0.00739393637 -0.260055001
v -0.05576395 -0.00017602039 -0.270071
v -0.05576097 -0.000176020404 -0.270262
v -0.05575597 0.0074339296 -0.270186001
v -0.05525797 0.0151969496 -0.270176001
v -0.05538594 0.00725696285 -0.280152001
v -0.05552595 0.00446293585 -0.280125
v -0.05528098 0.00910995185 -0.280170001
v -0.054892 0.0150639788 -0.280224001
v -0.05257195 0.00907692906 -0.303911001
v -0.05272996 0.00468692805 -0.303939
v -0.052239 0.0183659471 -0.303851001
v -0.05180996 0.0183629669 -0.305678001
v -0.05464696 0.0183949186 -0.283942001
v -0.05422496 0.0209239486 -0.283937002
v -0.054717 0.0184009388 -0.280235001
v -0.05429995 0.0209349689 -0.280058002
v -0.053752 0.0223539189 -0.279791002
v -0.05324995 0.0232719489 -0.279539002
v -0.05435496 0.0195259796 -0.270228001
v -0.05439394 0.0191589297 -0.269427001
v -0.05293995 0.0218019197 -0.268751002
v -0.054708 0.0149069803 -0.261440001
v -0.05474799 0.0141619804 -0.260130001
v -0.054753 0.0140649404 -0.259960001
v -0.05499595 0.00916693609 -0.250448001
v -0.05336195 0.0167689704 -0.259420001
v -0.05116695 0.0190809705 -0.258646001
v -0.05063897 0.0240059198 -0.267797002
v -0.045614 0.0214669506 -0.256792002
v -0.05153596 0.0142269512 -0.249450001
v -0.05178099 0.0119209619 -0.239381001
v -0.04591798 0.0183819311 -0.250957001
v -0.04529798 0.0245169702 -0.262540002
v -0.04514396 0.02588895 -0.265548002
v -0.02708899 0.0251849608 -0.254916002
v -0.02689898 0.0271979304 -0.259995002
v -0.008841991 0.0244909313 -0.247202002
v -0.008845984 0.0225669515 -0.244877902
v -0.008834958 0.0249799213 -0.247846002
v -0.005965948 0.0243469214 -0.246583002
v -0.008748948 0.027000941 -0.251137002
v -0.008744001 0.027052971 -0.251249002
v -0.008497953 0.0280059307 -0.255289002
v -0.005900979 0.0265509211 -0.249833002
v -0.005613982 0.0275429208 -0.253727002
v -0.003296971 0.0252119612 -0.248563002
v -0.003371953 0.0229099715 -0.245467002
v -0.001134991 0.0231009513 -0.247566002
v -0.003155946 0.0259519611 -0.250386002
v -0.002927958 0.026155921 -0.252285002
v -0.000994 0.0238249612 -0.249318002
v -0.000773 0.023967961 -0.251145002
v 0.000453 0.0210989512 -0.248620002
v 0.000348 0.0203519814 -0.246894002
v 0.001017987 0.0180429613 -0.248332001
v 0.000609 0.0212559511 -0.250432002
v -0.000272 0.0231989411 -0.250883002
v 0.001128971 0.0183459311 -0.250191001
v 0.00119996 0.0162179211 -0.250183001
v 0.004450976 0.0183039689 -0.279102001
v 0.01048499 0.0182579468 -0.307570001
v 0.003024995 0.0231569789 -0.279342002
v 0.004520952 0.0161799489 -0.279087001
v 0.01055395 0.0161359668 -0.307549001
v 0.004423975 0.0157709489 -0.279103001
v 0.01045799 0.0157249268 -0.307573001
v 0.004132986 0.0154669589 -0.279149001
v 0.00110197 0.0158129711 -0.250190001
v 0.000808 0.0155089211 -0.250209001
v 0.000802 0.0158269815 -0.245298001
v 0.000844 0.0159189515 -0.245295001
v 0.000676 0.0156529315 -0.245306001
v 3.6e-05 0.0157659417 -0.242449001
v 0.000508 0.0155179315 -0.245317001
v 0.000418 0.0154719715 -0.245323001
v -0.000215 0.0155039817 -0.242592001
v 9.7e-05 0.0154049715 -0.245344901
v 0.000401 0.0153979411 -0.250236001
v -0.000544 0.0154089717 -0.242778001
v -0.001756966 0.0154129618 -0.241340001
v -0.003112971 0.0153979407 -0.255106001
v -0.001856982 0.0153929318 -0.241329001
v -0.001803994 0.0154529618 -0.240975001
v -0.001889944 0.0154219618 -0.240957001
v -0.001830995 0.0155259718 -0.240748001
v -0.001842975 0.0155779518 -0.240642001
v -0.001871943 0.0157919319 -0.240377001
v -0.00187695 0.0158499219 -0.240332001
v -0.001886963 0.0160819619 -0.240230001
v -0.001887977 0.0161719719 -0.240216001
v -0.00199896 0.0160589619 -0.240097001
v -0.00199896 0.0164329819 -0.240114001
v -0.002011954 0.0164389419 -0.240092001
v -0.00199896 0.0164639719 -0.240124001
v -0.001884996 0.0164009719 -0.240244001
v -0.001886963 0.0162849819 -0.240218901
v -0.001871943 0.0166149519 -0.240360001
v -0.001865983 0.0166799818 -0.240416001
v -0.001125991 0.0166389718 -0.240996001
v -0.000389 0.0165799617 -0.241743001
v -0.001169979 0.0178759417 -0.242022001
v -0.003301978 0.0201749617 -0.242781902
v -0.001220941 0.0207339315 -0.244597002
v 0.000266 0.0179309616 -0.243993001
v 0.00068 0.0163629416 -0.243800001
v 0.000263 0.0164879317 -0.242702001
v 9.9e-05 0.0165179717 -0.242415001
v 0.000149 0.0161329317 -0.242386001
v 0.000896 0.0162429615 -0.245292001
v 0.001039981 0.0162289513 -0.247611001
v 0.000938 0.0171989514 -0.246583001
v 0.00098 0.0177399313 -0.247566901
v -0.003164947 0.0173479719 -0.240216001
v -0.005919992 0.0217719416 -0.243762002
v -0.005823969 0.0191269318 -0.241069001
v -0.00882095 0.0200959817 -0.242043002
v -0.005708992 0.016598972 -0.238261901
v -0.00879395 0.0183619619 -0.239930001
v -0.001887977 0.0162619719 -0.240217001
v -0.001887977 0.0162569619 -0.240216001
v -0.001887977 0.0162549419 -0.240216001
v -0.001887977 0.0162489819 -0.240216001
v -0.001887977 0.0162259719 -0.240215001
v -0.002068996 0.0163009519 -0.239924001
v -0.001997947 0.0153469818 -0.240925001
v -0.001987993 0.0153199818 -0.241316001
v -0.00208199 0.0152399318 -0.241306001
v -0.001933991 0.0153559818 -0.241321001
v -0.003289997 0.0153389307 -0.255102001
v -0.003224968 0.0153709407 -0.255103001
v -0.003343999 0.0153049607 -0.255101001
v -0.004782974 0.0152329605 -0.258807001
v -0.003440976 0.0152249707 -0.255100001
v -0.00346595 0.0151989207 -0.255100001
v -0.004851996 0.0151259605 -0.258780001
v -0.003555953 0.0150749407 -0.255100001
v -0.003568947 0.0150509207 -0.255101001
v -0.003614962 0.0148989307 -0.255103001
v -0.004893958 0.0150239205 -0.258764001
v -0.004912972 0.0149549605 -0.258758001
v -0.01527094 0.0150549793 -0.274063001
v -0.004922986 0.0148959505 -0.258754001
v -0.004945993 0.0142629505 -0.258733001
v -0.01540297 0.0145139393 -0.273764001
v -0.004988968 0.0128669505 -0.258670001
v -0.01563894 0.0133749594 -0.273155001
v -0.005064964 0.0102159705 -0.258552001
v -0.005123972 0.00770697949 -0.258438001
v -0.01603597 0.0110309495 -0.272043001
v -0.01634198 0.00859794953 -0.271096001
v -0.02707195 0.0118489584 -0.285613001
v -0.03810799 0.0126669774 -0.299183001
v -0.02631598 0.0138829683 -0.287677001
v -0.02765399 0.00949297157 -0.283859001
v -0.02807098 0.00687394367 -0.282469001
v -0.038966 0.0103889476 -0.296622001
v -0.05027794 0.0112849166 -0.309384001
v -0.03957998 0.00766197576 -0.294597001
v -0.039967 0.00460294587 -0.293172
v -0.05109 0.00845197484 -0.306725001
v -0.05159795 0.00515094998 -0.30485
v -0.05057096 0.0104429467 -0.308456001
v -0.05099999 0.0105439767 -0.308454001
v -0.04895299 0.0142989463 -0.314461001
v -0.05133497 0.0107779267 -0.308289001
v -0.05213195 0.00441995901 -0.304543
v -0.05205696 0.00440696501 -0.304559
v -0.052248 0.00444493301 -0.304504
v -0.05242896 0.00449893502 -0.3044
v -0.05251997 0.00453493602 -0.304321
v -0.05259096 0.00456992403 -0.304239
v -0.05271297 0.00466296705 -0.304002
v -0.052809 0.00124696507 -0.303683
v -0.05302196 0.00126496608 -0.303551
v -0.05310398 0.00127396609 -0.303452
v -0.05308896 -0.000471022906 -0.303398
v -0.05304199 -0.00220998391 -0.303388
v -0.05317497 -0.000464022898 -0.303288
v -0.05312699 -0.00221296389 -0.303236
v -0.05321598 -0.00045802289 -0.303184
v -0.05316895 -0.00221499088 -0.303103
v -0.05321794 -0.000176022892 -0.303214
v -0.05314397 0.0012809401 -0.30335
v -0.05289 0.00341293808 -0.303633
v -0.05276197 0.00442496606 -0.303867
v -0.05298596 -0.00220700391 -0.303457
v -0.05186295 0.00438395801 -0.304572
v -0.05179595 0.00251797505 -0.303984
v -0.05167198 0.00437394401 -0.304544
v -0.05183297 0.00156394307 -0.303782
v -0.05184298 0.00120095007 -0.303719
v -0.05185896 0.00019797708 -0.303585
v -0.05148297 0.0110819667 -0.308006001
v -0.049263 0.0145779563 -0.314439001
v -0.04652696 0.0157959757 -0.321351001
v -0.04940098 0.0149539463 -0.314323001
v -0.04768598 0.0160529359 -0.318833001
v -0.04760795 0.0183389459 -0.318806001
v -0.04661899 0.0162039657 -0.321392001
v -0.04075199 0.0161749449 -0.332883001
v -0.04652899 0.0158009257 -0.321352001
v -0.033077 0.015745964 -0.343827001
v -0.03296595 0.015574964 -0.343763001
v -0.03317397 0.016154974 -0.343864001
v -0.01651096 0.0156929125 -0.364217001
v -0.01651298 0.0156969725 -0.364219001
v -0.01641499 0.0155259625 -0.364139001
v -0.01628994 0.0153959625 -0.364037001
v -0.016285 0.0153929225 -0.364033001
v -0.03282397 0.0154439541 -0.343673001
v -0.03248494 0.0153339241 -0.343445001
v -0.04625296 0.0154919357 -0.321232001
v -0.04588598 0.0153839258 -0.321074001
v -0.04625797 0.0154949757 -0.321235001
v -0.04767096 0.0148999361 -0.316720001
v -0.03984296 0.0153859564 -0.311991001
v -0.035519 0.0153869669 -0.305492001
v -0.002802968 0.0152809338 -0.346756001
v -0.003701984 0.0152809337 -0.348095001
v -0.001863956 0.0152799139 -0.345975001
v 0.000827 0.0152769339 -0.345185001
v -0.001863956 0.0278799239 -0.345975002
v -0.003701984 0.0278809337 -0.348095002
v 0.000827 0.0278769439 -0.345185002
v 0.003518998 0.0278719339 -0.345975002
v 0.004233956 0.0278699638 -0.346533002
v 0.003518998 0.0152719339 -0.345975001
v 0.005356967 0.0152659737 -0.348095001
v 0.00575596 0.0152619135 -0.350872001
v 0.005356967 0.0278659737 -0.348095002
v 0.00575596 0.0278619235 -0.350872002
v 0.004589974 0.0278599533 -0.353424002
v 0.004589974 0.0152599533 -0.353424001
v 0.002229988 0.0278619232 -0.354941002
v -0.000576 0.0278669232 -0.354941002
v 0.002229988 0.0152619132 -0.354941001
v 0.004456996 0.0152599533 -0.353570001
v -0.000576 0.0152669232 -0.354941001
v -0.002934992 0.0152729433 -0.353424001
v -0.004100978 0.0152779535 -0.350872001
v -0.002934992 0.0278729433 -0.353424002
v -0.004100978 0.0278779535 -0.350872002
v -0.002579987 0.0278719333 -0.353793002
v -0.00762099 0.0278729429 -0.359165002
v -0.003133952 0.0278619227 -0.361853002
v -0.008755981 0.027876943 -0.357946002
v -0.02464497 0.0279269545 -0.338394002
v -0.01255899 0.0265969327 -0.361034002
v -0.01539194 0.0230809726 -0.363327002
v -0.02844899 0.0266479542 -0.341482002
v -0.004706978 0.0265769623 -0.366492002
v -0.005880951 0.0230569521 -0.369938002
v 0.004845976 0.0265609323 -0.366926002
v 0.005689978 0.023036922 -0.370464002
v 0.01316195 0.0265529427 -0.362204002
v 0.003704965 0.0278509527 -0.362164002
v 0.009657979 0.0278449329 -0.358783002
v 0.01289397 0.0278479734 -0.352750002
v 0.01241797 0.0278569739 -0.345921002
v 0.01768195 0.0265559233 -0.353776002
v 0.02123695 0.0230319132 -0.354536002
v 0.01701599 0.026568914 -0.344237002
v 0.02043199 0.0230479541 -0.342981002
v 0.01440697 0.0265829245 -0.337103002
v 0.009808957 0.0278699644 -0.338787002
v 0.01782298 0.0230609446 -0.335847002
v 0.005569994 0.0266329367 -0.308872002
v -0.000564 0.0266799689 -0.279932002
v 0.009087979 0.0231109568 -0.307944002
v 0.000833 0.0279219466 -0.310114002
v -0.005396962 0.0279689788 -0.280723002
v -0.003784954 0.0267199609 -0.252744002
v 0.01917898 0.0182079347 -0.335342001
v 0.01924496 0.0160869647 -0.335314001
v 0.021788 0.0181949441 -0.342476001
v 0.02185398 0.0160739741 -0.342448001
v 0.02304595 0.0181859437 -0.348034001
v 0.02299195 0.0181799234 -0.352771001
v 0.02160799 0.0230389537 -0.348177002
v 0.02306199 0.0160589534 -0.352777001
v 0.02264899 0.0181779532 -0.354835001
v 0.02061396 0.0181739628 -0.360479001
v 0.01941996 0.0181729426 -0.362502001
v 0.01933497 0.0230279228 -0.359814002
v 0.01576298 0.0230279225 -0.364744002
v 0.01679396 0.0181739624 -0.365752001
v 0.01113098 0.0230309622 -0.368316002
v 0.01183998 0.0181769421 -0.369573001
v 0.006021976 0.0181839719 -0.371870001
v 0.01187294 0.0160559721 -0.369634001
v 0.01947796 0.0160519126 -0.362540001
v 0.001884996 0.0160679519 -0.372532001
v 0.01182496 0.0156439221 -0.369549001
v 0.01939594 0.0156409426 -0.362486001
v 0.01167899 0.0153399421 -0.369293001
v 0.00187999 0.0156569119 -0.372434001
v 0.001864969 0.0153529319 -0.372140001
v -0.008295953 0.015675932 -0.370520001
v -0.008334994 0.016087912 -0.370610001
v -0.008176982 0.015371942 -0.370251001
v -0.008010983 0.0152599521 -0.369879001
v 0.001844942 0.0152419519 -0.371733001
v -0.01596897 0.0152809325 -0.363776001
v 0.01147699 0.0152289521 -0.368938001
v 0.01656496 0.0152259124 -0.364933001
v 0.01881098 0.0152259127 -0.362097001
v 0.01915097 0.0153369626 -0.362323001
v 0.02226698 0.0152319334 -0.352683001
v 0.02267199 0.0153429234 -0.352730001
v 0.02110099 0.0152469541 -0.342721001
v 0.02148497 0.0153579441 -0.342581001
v 0.01849198 0.0152599547 -0.335588001
v 0.009778976 0.0153099568 -0.307750001
v 0.01887595 0.0153719447 -0.335448001
v 0.01915198 0.0156759347 -0.335347001
v 0.01017397 0.0154209468 -0.307647001
v 0.021761 0.0156619241 -0.342481001
v 0.02296495 0.0156469634 -0.352765001
v 0.003729999 0.0153559789 -0.279215001
v -0.008301973 0.018208952 -0.370545001
v -0.01658797 0.0161089525 -0.364281001
v -0.01652699 0.0182299325 -0.364237001
v -0.03247797 0.016159924 -0.344729001
v -0.03241699 0.018280954 -0.344685001
v -0.04071295 0.0183099249 -0.332800001
v -0.03130197 0.023089974 -0.343791002
v -0.04290997 0.0231319354 -0.325590002
v -0.03128194 0.023131934 -0.343775002
v -0.02848899 0.0266189242 -0.341514002
v -0.03967899 0.0266589255 -0.323989002
v -0.04682397 0.026695937 -0.304464002
v -0.03531497 0.0279659357 -0.321817002
v -0.04208797 0.0280009271 -0.303311002
v -0.04463797 0.0280299486 -0.283762002
v -0.044806 0.0280409792 -0.275040002
v -0.04950594 0.0267729486 -0.283854002
v -0.04962497 0.026780939 -0.277636002
v -0.04958999 0.0267259186 -0.283856002
v -0.05317097 0.0232679586 -0.283920002
v -0.05321097 0.0232029286 -0.283921002
v -0.05032896 0.0231699669 -0.305317002
v -0.04987597 0.026634969 -0.277770002
v -0.05209296 0.0248199489 -0.278940002
v -0.04500097 0.0270339597 -0.268714002
v -0.02666598 0.02802393 -0.265173002
v -0.04427999 0.0183239254 -0.326253001
v -0.012398 0.0182189622 -0.368165001
v -0.01153194 0.0230699423 -0.367000002
v -0.006353974 0.018204952 -0.371307001
v -0.000464 0.0181929719 -0.372451001
v -0.000373 0.023045922 -0.371007002
v 0.001884996 0.0181899319 -0.372461001
v 0.01028394 0.0278679443 -0.340088002
v -0.02515298 0.0153899481 -0.289910001
v -0.03577297 0.015346977 -0.305089001
v -0.03598999 0.015255957 -0.304677001
v -0.02542698 0.0153169381 -0.289649001
v -0.025294 0.0153699281 -0.289784001
v -0.01508098 0.0152859393 -0.274209001
v -0.02562999 0.0151559482 -0.289370001
v -0.02586996 0.0147649382 -0.288807001
v -0.036336 0.0150159271 -0.303850001
v -0.03699296 0.0143919272 -0.302198001
v -0.004764974 0.0152549505 -0.258813001
v -0.01493996 0.0153629493 -0.274275001
v -0.01478695 0.0153929293 -0.274328001
v -0.00464797 0.0153579505 -0.258859001
v -0.004604995 0.0153799405 -0.258876001
v -0.004676997 0.0153379805 -0.258847001
v -0.004528999 0.0153949605 -0.258908001
v -0.00316298 0.0153909707 -0.255105001
v -0.04855597 0.0141939263 -0.314381001
v -0.04914295 0.0134849264 -0.312752001
v -0.02833598 0.00405494175 -0.281493
v -0.01656097 0.00608495759 -0.270342
v -0.003482997 0.0148999408 -0.253692001
v -0.003615975 0.00961593775 -0.254994001
v -0.003335952 0.00952897497 -0.252014001
v -0.002995967 0.00936196324 -0.248494001
v -0.003131985 0.00453196014 -0.249822
v -0.002618968 0.00474594153 -0.244686
v -0.003252983 0.014902921 -0.251261001
v -0.003016948 0.0149049512 -0.248831001
v -0.003392994 0.0149009609 -0.252738001
v -0.003428995 0.0149009609 -0.253111001
v -0.003430962 0.0149009609 -0.253134001
v -0.003431975 0.0149009609 -0.253144001
v -0.003431975 0.0149009609 -0.253144001
v -0.003431975 0.0149009609 -0.253145001
v -0.003431975 0.0149009609 -0.253147001
v -0.003433942 0.0149009609 -0.253163001
v -0.003436982 0.0149009609 -0.253197001
v -0.003443956 0.0149009609 -0.253273001
v -0.002170979 0.0151329418 -0.241295901
v -0.05500596 0.00898693012 -0.250016001
v -0.05515199 0.00709692759 -0.243800001
v -0.008904993 -0.0164359941 -0.187412999
v -0.004780948 -0.0141489641 -0.187404999
v -0.00425595 -0.0137130141 -0.187403999
v -0.000825 -0.00926901315 -0.187397999
v -0.000911 -0.00945897137 -0.163884899
v 0.000685 -0.00317199238 -0.164022
v -0.001038968 -0.00972397087 -0.130734999
v -0.002172946 -0.0116349499 -0.130507999
v 4.8e-05 -0.00691295589 -0.130952999
v 0.000628 -0.0031719899 -0.131069
v 0.000793 0.00259493709 -0.131197
v 0.000677 -0.00317199202 -0.159232
v 0.000843 0.00252793997 -0.159303
v 0.000852 0.00251595861 -0.164153
v 0.000894 0.00246094185 -0.187409
v 0.000167 0.00655494685 -0.1874099
v 0.000902 0.00174497085 -0.187407
v 0.000913 0.00150798088 -0.213546
v 0.000904 0.00176994287 -0.213659
v 0.000793 0.00342093178 -0.214789
v 0.000698 0.00424496672 -0.215688
v -5.7e-05 0.00355295627 -0.221632
v 0.000585 0.00497095064 -0.216701
v -5.5e-05 0.00440095126 -0.221759
v 0.003615975 0.00290094997 -0.1063539
v -0.000845 0.00911896412 -0.130875001
v -0.000873 0.00917594612 -0.130869001
v -0.005086958 0.0144009402 -0.130030001
v 0.001843988 0.00959693497 -0.106424001
v -0.002434968 0.015018982 -0.105770001
v 0.009493947 0.00988297966 -0.0839889607
v 0.005849957 0.0154749638 -0.0819119812
v 0.02167898 0.0101599552 -0.0636689608
v 0.01096796 0.00312798559 -0.0849459702
v 0.005009949 0.00296895838 -0.1009629
v 0.01884895 0.0158229355 -0.0602369912
v 0.03872799 0.0105279565 -0.0459269808
v 0.03613197 0.0155289668 -0.0430409912
v 0.03567498 0.0160739968 -0.0425499612
v 0.04658395 0.0155289676 -0.0314419812
v 0.05361396 0.0155359487 -0.0168129812
v 0.05038797 0.00887798943 -0.0340059907
v 0.04058694 0.0191139479 -0.0273969714
v 0.03106695 0.0191159771 -0.0378449514
v 0.04670596 0.0191199689 -0.0146600014
v 0.04812097 0.0191249793 -0.00891798844
v 0.01659297 0.0234539493 -0.00897795077
v 0.048913 0.0191339799 -0.000704001445
v 0.05614894 0.0155519799 -0.000782001174
v 0.04702198 0.019154961 0.0132979686
v 0.04450798 0.0191679515 0.0200969486
v 0.05397897 0.0155760012 0.0153019988
v 0.04728496 0.0156049723 0.0300869888
v 0.05839198 0.00892895525 0.0165809893
v 0.060431 0.00891298045 0.00602197533
v 0.05639195 0.00893998269 0.0224119993
v 0.05748897 -0.000175998323 0.02220797
v 0.05114799 0.00896197746 0.0325819793
v 0.04798698 0.0089719918 0.0370499393
v 0.039617 0.00899696646 0.0458319693
v 0.04888796 0.00448799381 0.0372769797
v 0.04923397 -0.000175997201 0.03706997
v 0.03676098 0.00450498172 0.0492449897
v 0.03723299 -0.000175996292 0.04910999
v 0.03586995 0.00900698068 0.0487989693
v 0.02181398 0.00452196934 0.0574229897
v 0.02239894 -0.000175995665 0.05741399
v 0.005196988 0.00453699062 0.0611839797
v 0.02098196 0.00904196928 0.0567469493
v 0.007850944 0.00906700253 0.0599439693
v 0.02476894 0.00903398117 0.0552159493
v 0.02290999 0.0156719639 0.0509989788
v 0.03662997 0.0156389432 0.0423289488
v 0.007278978 0.0157029642 0.0553679388
v 0.01997298 0.0192389433 0.0443709385
v 0.03191697 0.0192099828 0.0368239785
v 0.01619595 0.0192479435 0.0458629685
v 0.006365954 0.0192669636 0.0481729485
v 0.01649397 0.0228070015 0.0200429483
v -0.01616299 0.0228610015 0.0199849583
v -0.01596695 0.0193009935 0.0458059885
v -0.01615798 0.0235099693 -0.00898599777
v -0.04418599 0.0193150015 0.0199399485
v -0.04174596 0.0193169719 0.0246329885
v -0.04709398 0.0193089809 0.0115569785
v -0.04846596 0.0192929498 -0.00250399246
v -0.05413597 0.015751001 0.0133029788
v -0.047993 0.0157600021 0.0283259688
v -0.058613 0.00911897509 0.0144179393
v -0.05573797 0.0157349698 -0.00221794919
v -0.05583 0.0156549798 -0.00221699518
v -0.06035095 0.00910097283 -0.00224697569
v -0.054645 0.0154079676 -0.0317599712
v -0.05383998 0.0150369954 -0.0613139811
v -0.04733198 0.0190949976 -0.0322989814
v -0.05927395 0.00881194762 -0.0315839607
v -0.060063 0.00905996422 -0.0102669507
v -0.04732596 0.0190929675 -0.0324929914
v -0.03054797 0.0215209673 -0.0354399616
v -0.04670494 0.0186509353 -0.0621289614
v -0.04670494 0.0186499853 -0.0621479714
v -0.03411597 0.0204739451 -0.0646280015
v -0.02233695 0.0209909549 -0.0682119716
v -0.02683395 0.0200449727 -0.0966559615
v -0.01115 0.0203999745 -0.0727030015
v -0.01484894 0.0222309769 -0.0404229717
v -0.004329979 0.023780999 -0.0136899918
v -0.000387 0.0214269664 -0.0470639416
v 0.01449495 0.0225119482 -0.0243249517
v 0.01377999 0.0189529558 -0.0562639814
v 0.000359 0.018527974 -0.0788969914
v 0.01405096 0.0189589758 -0.0558989614
v 0.000338 0.018526964 -0.0789429514
v -0.008360981 0.0179579722 -0.103785001
v -0.008446991 0.0179489721 -0.104154001
v -0.01119196 0.0173589403 -0.128811001
v -0.005094945 0.0144069602 -0.130028001
v 0.01653498 0.0222269781 -0.0257489617
v -0.016007 0.0235179593 -0.00903797278
v -0.04643398 0.0180639531 -0.0917669514
v -0.02600598 0.0227419695 -0.00606995972
v -0.05333995 0.0145839931 -0.0908730011
v -0.05846196 0.0084819744 -0.0609309606
v -0.05787998 0.00811695318 -0.0902679506
v -0.06139099 0.00454997993 -0.000937000344
v -0.05926996 0.00455898121 0.0159679597
v -0.05258798 0.00456297539 0.0316409397
v -0.05917698 -0.000175998701 0.01720994
v -0.05858498 0.0091189751 0.0145289793
v -0.05226099 0.00912797628 0.0301679893
v -0.05196398 0.00912898932 0.0306749893
v -0.04186797 0.00912797728 0.0434559493
v -0.04186099 0.00456297639 0.0448769897
v -0.04093098 0.00912797735 0.0443409593
v -0.03779697 0.0157589931 0.0409529788
v -0.02821195 0.00911796403 0.0533639693
v -0.02791196 0.00455898413 0.0546599597
v -0.02643996 0.0091169511 0.0542669793
v -0.02440696 0.0157489738 0.0501249988
v -0.012353 0.00909996446 0.0591199893
v -0.01181399 0.00454998455 0.0602389497
v -0.009710967 0.0090959705 0.0596179893
v -0.008947968 0.0157299642 0.0550679488
v 0.004480957 0.00907296355 0.0602779893
v -0.007758975 0.0192899736 0.0479109785
v -0.01111698 -0.000175995424 0.06061697
v -0.02492499 -0.000175995745 0.05636298
v -0.007922947 -0.000175995386 0.06111699
v -0.007846951 -0.0341919554 0.0605279826
v 0.005863964 -0.000175995368 0.06134897
v 0.009728968 -0.000175995406 0.06085598
v 0.009634971 -0.0341919554 0.0602689926
v 0.01553499 -0.0341919555 0.0590239726
v -0.001713991 -0.0341919554 0.0610100026
v -0.001719951 -0.0472029954 0.0609759636
v 0.005226969 -0.0472029954 0.0607759936
v -0.01263695 -0.0472029955 0.0596770036
v -0.01263695 -0.0476229655 0.0596770036
v -0.01882696 -0.0472029956 0.0580239836
v -0.01883596 -0.0341919556 0.0580549826
v -0.02407497 -0.0472029958 0.0560489836
v -0.01882696 -0.0556229856 0.0580239842
v -0.01882696 -0.0757229856 0.0580239857
v -0.01806294 -0.0556229856 0.0582609742
v -0.02407497 -0.0556229858 0.0560489842
v -0.02407497 -0.0546229358 0.0560479741
v -0.03925997 -0.0556229865 0.0466869442
v -0.02407497 -0.0757229858 0.0560489857
v -0.031901 -0.0757229861 0.0519939657
v -0.03925997 -0.0757229865 0.0466869457
v -0.03179597 -0.0759229561 0.0518229657
v -0.04549098 -0.075922957 0.0403379757
v -0.018004 -0.0759229556 0.0580729857
v -0.01806294 -0.0757229856 0.0582630057
v -0.003891944 -0.0759229554 0.0606749657
v 0.01391899 -0.0759229555 0.0591849657
v -0.003903985 -0.0757229854 0.0608749957
v 0.005226969 -0.0757229854 0.0607759957
v -0.01263594 -0.0757229855 0.0596749757
v -0.01263594 -0.0556229855 0.0596739642
v 0.005225956 -0.0556229854 0.0607739642
v -0.01263695 -0.0546229355 0.0596770041
v -0.01214295 -0.0546229356 0.0581209641
v -0.01312696 -0.0544879955 0.0595709641
v 0.005226969 -0.0546229354 0.0607759941
v 0.02263998 -0.0546229357 0.0566429441
v 0.02263897 -0.0556229857 0.0566419942
v 0.03810399 -0.0546229364 0.0476349541
v 0.05028897 -0.0546229374 0.0345259941
v 0.03810399 -0.0556229864 0.0476340042
v 0.02263998 -0.0556229857 0.0566409842
v 0.03810495 -0.0556229864 0.0476329942
v 0.05028796 -0.0556229874 0.0345259942
v 0.03810596 -0.0757229864 0.0476340057
v 0.03062796 -0.075722986 0.0527539857
v 0.04464399 -0.0757229869 0.0415689957
v 0.04449695 -0.0759229569 0.0414319657
v 0.05028998 -0.0757229874 0.0345249757
v 0.05028897 -0.0556229874 0.0345239642
v 0.054802 -0.075722988 0.0267919857
v 0.05814498 -0.0757229886 0.0184440057
v 0.05462199 -0.075922958 0.0267030057
v 0.060027 -0.0759229593 0.00966698473
v 0.06024396 -0.0759229606 -0.00820499027
v 0.06022399 -0.0757229893 0.00969899272
v 0.06099498 -0.0757229899 0.000775005717
v 0.06099599 -0.0556229899 0.000775004199
v 0.06044197 -0.0757229906 -0.00823199128
v 0.058595 -0.0757229913 -0.0169599543
v 0.05859595 -0.0556229913 -0.0169599558
v 0.05543696 -0.0757229919 -0.0254509943
v 0.05525499 -0.0759229619 -0.0253679643
v 0.05115097 -0.0757229925 -0.0332349443
v 0.05115199 -0.0556229925 -0.0332349458
v 0.045641 -0.0757229931 -0.0404709443
v 0.04549098 -0.075922963 -0.0403379643
v 0.03930497 -0.0757229935 -0.0466489643
v 0.03930598 -0.0556229935 -0.0466499858
v 0.031901 -0.0757229939 -0.0519929443
v 0.03179699 -0.0759229639 -0.0518229543
v 0.02407598 -0.0757229942 -0.0560489743
v 0.01882696 -0.0757229944 -0.0580249943
v 0.02407598 -0.0556229942 -0.0560489758
v 0.01882696 -0.0556229944 -0.0580249958
v 0.02407497 -0.0546229442 -0.0560479659
v 0.02361297 -0.0544889542 -0.0562439459
v 0.02358096 -0.0546229441 -0.0544919859
v 0.03930497 -0.0546229435 -0.0466489659
v 0.05115199 -0.0546229425 -0.0332339959
v 0.058595 -0.0546229413 -0.0169589459
v 0.051153 -0.0556229925 -0.0332349458
v 0.06099498 -0.0546229399 0.000777004124
v 0.05859595 -0.0556229913 -0.0169589458
v 0.05814397 -0.0546229386 0.0184449541
v 0.06099599 -0.0556229899 0.000777004199
v 0.05814498 -0.0556229886 0.0184440042
v 0.05814498 -0.0556229886 0.0184449542
v 0.02311897 -0.0544889541 -0.0546899959
v 0.03773999 -0.0546229435 -0.0458389459
v 0.03773999 -0.0476229735 -0.0458389464
v 0.04951196 -0.0546229425 -0.0327719959
v 0.04951196 -0.0476229725 -0.0327719964
v 0.05693995 -0.0546229413 -0.0168309759
v 0.05693995 -0.0476229713 -0.0168309764
v 0.05937194 -0.05462294 0.000587004124
v 0.05937194 -0.04762297 0.000587003595
v 0.05659598 -0.0546229386 0.0179539941
v 0.05659598 -0.0476229686 0.0179539936
v 0.04885399 -0.0546229375 0.0337449941
v 0.04885399 -0.0476229675 0.0337449936
v 0.036825 -0.0546229365 0.0465759641
v 0.036825 -0.0476229665 0.0465759636
v 0.02156597 -0.0546229358 0.0553199641
v 0.02156597 -0.0476229658 0.0553199636
v 0.004413962 -0.0546229355 0.0592109541
v 0.004413962 -0.0476229655 0.0592109536
v -0.01214295 -0.0476229656 0.0581209636
v -0.01263397 -0.0477569556 0.0580160036
v -0.01312696 -0.0477579755 0.0595709636
v -0.01299297 -0.0481229956 0.0579369636
v -0.01312398 -0.0486229556 0.0579069837
v -0.01348698 -0.0481219755 0.0594899636
v -0.01361697 -0.0486229555 0.0594609937
v -0.01361697 -0.0536229555 0.059460994
v -0.01312398 -0.0536229556 0.057906984
v -0.01348698 -0.0541239855 0.0594899641
v -0.01299297 -0.0541229756 0.0579369641
v -0.01263397 -0.0544889456 0.0580160041
v 0.02358096 -0.0476229741 -0.0544919864
v 0.02311897 -0.0477569641 -0.0546899964
v 0.02407497 -0.0476229742 -0.0560479664
v 0.02361297 -0.0477569642 -0.0562439464
v 0.03930497 -0.0476229735 -0.0466489664
v 0.02407497 -0.0472030042 -0.0560489764
v 0.03440296 -0.0472030038 -0.0503749764
v 0.01882696 -0.0472030044 -0.0580249964
v 0.01883596 -0.0341919644 -0.0580549774
v 0.01205796 -0.0472030045 -0.0597969764
v 0.002858996 -0.0472030046 -0.0609339364
v 0.01205796 -0.0476229745 -0.0597959664
v 0.01263695 -0.0476229745 -0.0596769964
v -0.00575596 -0.0476229746 -0.0607279464
v -0.02307796 -0.0476229743 -0.0564659764
v -0.00575596 -0.0472030046 -0.0607279464
v -0.013318 -0.0472030045 -0.0595289364
v -0.02307796 -0.0472030043 -0.0564659764
v -0.03842699 -0.0476229736 -0.0473749564
v -0.05048894 -0.0476229726 -0.0342329664
v -0.03842699 -0.0472030036 -0.0473749564
v -0.05823296 -0.0476229714 -0.0181629564
v -0.05048894 -0.0472030026 -0.0342329664
v -0.052917 -0.0472030023 -0.0303439364
v -0.05293899 -0.0341919623 -0.0303749974
v -0.05823296 -0.0472030014 -0.0181629564
v -0.05947095 -0.047203001 -0.0135699464
v -0.06099796 -0.047203 -0.000539996436
v -0.06099796 -0.04762297 -0.000539996405
v -0.06084299 -0.0472029997 0.00437695056
v -0.05854594 -0.0472029987 0.0171290036
v -0.05691295 -0.0472029983 0.0219529836
v -0.05854594 -0.0476229687 0.0171290036
v -0.05108696 -0.0476229675 0.0333330036
v -0.03925997 -0.0476229665 0.0466869436
v -0.05108797 -0.0472029975 0.0333330036
v -0.04801696 -0.0472029972 0.0376219736
v -0.04805594 -0.0341919572 0.0376269826
v -0.03925997 -0.0472029965 0.0466869436
v -0.03494 -0.0472029962 0.0500029936
v -0.03497499 -0.0341919562 0.0500189626
v -0.02468496 -0.0341919558 0.0558199826
v -0.03949695 -0.0341919565 0.0465319726
v -0.03988099 -0.000175996453 0.04698395
v -0.04130995 -0.000175996547 0.04573398
v -0.02724999 -0.000175995827 0.05527597
v -0.05156499 -0.000175997452 0.03374999
v -0.05222898 -0.00017599753 0.03271496
v -0.05106794 -0.0341919575 0.0334249726
v -0.05694496 -0.0341919583 0.0219639526
v -0.05844897 -0.0341919587 0.0175759726
v -0.05901795 -0.00017599866 0.01774698
v -0.02407497 -0.0476229658 0.0560479736
v -0.02358096 -0.0476229659 0.0544919936
v -0.02361297 -0.0477579758 0.0562439536
v -0.02311998 -0.0477569559 0.0546909536
v -0.02327197 -0.0481219757 0.0563859936
v -0.02314895 -0.0486229557 0.0564369537
v -0.02278196 -0.0481229959 0.0548359736
v -0.02265799 -0.0486229559 0.0548879537
v -0.02265697 -0.0536229559 0.054885984
v -0.02278095 -0.0541229759 0.0548329941
v -0.02314895 -0.0536229557 0.056436954
v -0.02327197 -0.0541239857 0.0563859941
v -0.02361297 -0.0544879958 0.0562439541
v -0.02311998 -0.0544889459 0.0546900041
v -0.02358096 -0.0546229359 0.0544919941
v -0.03773897 -0.0546229365 0.0458389541
v -0.04951095 -0.0546229375 0.0327729541
v -0.03773897 -0.0476229665 0.0458389536
v -0.04951095 -0.0476229675 0.0327729536
v -0.05693995 -0.0476229687 0.0168309836
v -0.05693995 -0.0546229387 0.0168309841
v -0.05937194 -0.04762297 -0.000586996405
v -0.05659598 -0.0476229714 -0.0179539864
v -0.05937194 -0.05462294 -0.000586995876
v -0.05659598 -0.0546229414 -0.0179539859
v -0.04885399 -0.0546229425 -0.0337449859
v -0.036825 -0.0546229435 -0.0465759559
v -0.04885399 -0.0476229725 -0.0337449864
v -0.036825 -0.0476229735 -0.0465759564
v -0.02156597 -0.0476229742 -0.0553199564
v -0.004413962 -0.0476229745 -0.0592109464
v -0.02156597 -0.0546229442 -0.0553199559
v -0.004413962 -0.0546229445 -0.0592109459
v 0.01214295 -0.0546229444 -0.0581209559
v 0.01263695 -0.0546229445 -0.0596769959
v 0.01263397 -0.0544889544 -0.0580159959
v 0.01312696 -0.0544880045 -0.0595709559
v 0.01299297 -0.0541229844 -0.0579369559
v 0.01348698 -0.0541239945 -0.0594899559
v 0.01312398 -0.0536229644 -0.057906976
v 0.01312398 -0.0486229644 -0.0579069763
v 0.01361697 -0.0536229645 -0.059460986
v 0.01361697 -0.0486229645 -0.0594609863
v 0.01348698 -0.0481219845 -0.0594899564
v 0.01312696 -0.0477579845 -0.0595709564
v 0.01299297 -0.0481230044 -0.0579369564
v 0.01263397 -0.0477569644 -0.0580159964
v 0.01214295 -0.0476229744 -0.0581209564
v 0.01205796 -0.0546229445 -0.0597959659
v -0.00575596 -0.0546229446 -0.0607279459
v 0.01205694 -0.0556229945 -0.0597949558
v -0.005756974 -0.0556229946 -0.0607259758
v 0.01205694 -0.0757229945 -0.0597939343
v 0.01806294 -0.0556229944 -0.0582619858
v 0.01806294 -0.0757229944 -0.0582619843
v 0.01844495 -0.0757229944 -0.0581429543
v 0.01838499 -0.0759229644 -0.0579549543
v 0.003891944 -0.0759229646 -0.0606749543
v 0.003904998 -0.0757229946 -0.0608749843
v -0.01391899 -0.0759229645 -0.0591849543
v -0.03052699 -0.075922964 -0.0525809443
v -0.01396495 -0.0757229945 -0.0593799843
v -0.005756974 -0.0757229946 -0.0607279443
v -0.02307897 -0.0757229943 -0.0564659743
v -0.03062796 -0.075722994 -0.0527539743
v -0.02307897 -0.0556229943 -0.0564639458
v -0.02307796 -0.0556229943 -0.0564649658
v -0.03842598 -0.0556229936 -0.0473749558
v -0.03842699 -0.0556229936 -0.0473739458
v -0.03842699 -0.0546229436 -0.0473749559
v -0.02307796 -0.0546229443 -0.0564659759
v -0.05048894 -0.0546229426 -0.0342329659
v -0.05048799 -0.0556229926 -0.0342329658
v -0.05823296 -0.0546229414 -0.0181629559
v -0.05823296 -0.0556229914 -0.0181629558
v -0.06099796 -0.05462294 -0.000539995876
v -0.05854594 -0.0546229387 0.0171290041
v -0.06099796 -0.05562299 -0.000539995801
v -0.05823397 -0.0556229914 -0.0181619458
v -0.06099796 -0.05562299 -0.000538995801
v -0.05854594 -0.0556229887 0.0171290042
v -0.06099796 -0.07572299 -0.000538994283
v -0.06022399 -0.0757229907 -0.00969898128
v -0.06044197 -0.0757229894 0.00823200272
v -0.06024396 -0.0759229594 0.00820500173
v -0.05854594 -0.0757229887 0.0171299557
v -0.05854594 -0.0556229887 0.0171299542
v -0.05543696 -0.0757229881 0.0254510057
v -0.05525499 -0.0759229581 0.0253679757
v -0.05108696 -0.0757229875 0.0333339557
v -0.05108696 -0.0556229875 0.0333339542
v -0.045641 -0.0757229869 0.0404709557
v -0.05108797 -0.0556229875 0.0333330042
v -0.05108696 -0.0546229375 0.0333330041
v -0.03925997 -0.0546229365 0.0466869441
v -0.04815095 -0.0759229572 0.0371229657
v -0.04316198 -0.0759229575 0.0332759657
v -0.04464197 -0.0759229576 0.0312619857
v -0.03402596 -0.0759229568 0.0425729757
v -0.03402596 -0.0974959668 0.0425729774
v -0.02065396 -0.0759229562 0.0504349457
v -0.005607962 -0.0759229559 0.0542109657
v -0.02065396 -0.0974959662 0.0504349474
v -0.02105599 -0.0974959662 0.0502679974
v -0.005717992 -0.0974959659 0.0541989874
v -0.00545299 -0.098999966 0.0536229675
v -0.005607962 -0.0974959659 0.0542109674
v 0.009891986 -0.097495966 0.0535949474
v 0.01019597 -0.097495966 0.0535379674
v 0.009891986 -0.075922956 0.0535949457
v 0.02459096 -0.0759229563 0.0486369757
v 0.03729695 -0.075922957 0.0397389557
v 0.02459096 -0.0974959663 0.0486369774
v 0.02499097 -0.0974959663 0.0484329474
v 0.03729695 -0.097495967 0.0397389574
v 0.02395796 -0.0989999664 0.0482829875
v 0.03688699 -0.098999967 0.0393009775
v 0.009522974 -0.098999966 0.0530519475
v 0.04666894 -0.098999968 0.0269669875
v 0.05234295 -0.098999969 0.0128629875
v 0.04675298 -0.0974959679 0.0280079874
v 0.04698199 -0.0974959679 0.0276209774
v 0.05278497 -0.097495969 0.0135659574
v 0.04698199 -0.0759229579 0.0276209757
v 0.05286097 -0.075922959 0.0132659657
v 0.05286097 -0.097495969 0.0132659674
v 0.05445694 -0.0759229602 -0.00216394027
v 0.05445694 -0.0974959702 -0.00216393864
v 0.05164098 -0.0759229613 -0.0174189743
v 0.04464197 -0.0759229624 -0.0312619743
v 0.051642 -0.0974959713 -0.0174189726
v 0.05445295 -0.0974959702 -0.00227498264
v 0.05150097 -0.0974959713 -0.0178309526
v 0.05119299 -0.0989999713 -0.0168659525
v 0.04464197 -0.0974969824 -0.0312619726
v 0.04446196 -0.0974969824 -0.0315179726
v 0.04431897 -0.0989999723 -0.0306769525
v 0.03426998 -0.0974969832 -0.0423769826
v 0.03402596 -0.0974969832 -0.0425729626
v 0.03342199 -0.0989999732 -0.0422869825
v 0.02007395 -0.0989999738 -0.0500219325
v 0.00545299 -0.098999974 -0.0536229525
v 0.02105695 -0.0974969838 -0.0502679826
v 0.02065396 -0.0974969838 -0.0504349326
v 0.005718946 -0.0974969841 -0.0541989726
v 0.02065396 -0.0759229638 -0.0504349343
v 0.03402596 -0.0759229632 -0.0425729643
v 0.005607962 -0.0759229641 -0.0542109543
v -0.009891986 -0.075922964 -0.0535949343
v 0.005607962 -0.0974969841 -0.0542109526
v -0.009891986 -0.097496984 -0.0535949326
v -0.01019597 -0.097496984 -0.0535379526
v -0.009522974 -0.098999974 -0.0530519325
v -0.02458995 -0.0974969837 -0.0486369626
v -0.02459096 -0.0759229637 -0.0486369643
v -0.02499097 -0.0974969837 -0.0484329326
v -0.02395796 -0.0989999736 -0.0482819525
v -0.03729695 -0.097496983 -0.0397389426
v -0.03729695 -0.075922963 -0.0397389443
v -0.03688597 -0.098999973 -0.0393009625
v -0.04675298 -0.0974969821 -0.0280079726
v -0.04698199 -0.0974969821 -0.0276209626
v -0.04666799 -0.098999972 -0.0269669725
v -0.05234199 -0.098999971 -0.0128629725
v -0.05386096 -0.0989999698 0.00204599647
v -0.05278497 -0.097496981 -0.0135659426
v -0.05286097 -0.097496981 -0.0132659526
v -0.05445694 -0.0974969798 0.00216395336
v -0.05286097 -0.075922961 -0.0132659543
v -0.04698199 -0.0759229621 -0.0276209643
v -0.05445694 -0.0759229598 0.00216395173
v -0.05164098 -0.0759229587 0.0174189857
v -0.05164098 -0.0974969787 0.0174189874
v -0.054452 -0.0974969798 0.00227499736
v -0.05149996 -0.0974969787 0.0178309674
v -0.05119299 -0.0989999687 0.0168659675
v -0.04464197 -0.0974969776 0.0312619874
v -0.04446196 -0.0974969776 0.0315179874
v -0.04431897 -0.0989999677 0.0306769675
v -0.03426998 -0.0974959668 0.0423769974
v -0.03342199 -0.0989999668 0.0422869975
v -0.02007299 -0.0989999662 0.0500229575
v 0.04316198 -0.0759229625 -0.0332759543
v 0.04815095 -0.0759229628 -0.0371229543
v 0.05386096 -0.0989999702 -0.00204598153
v -0.06002599 -0.0759229607 -0.00966697327
v -0.05462199 -0.075922962 -0.0267029943
v -0.04449695 -0.0759229631 -0.0414319543
v -0.054802 -0.075722992 -0.0267919743
v -0.05048996 -0.0757229926 -0.0342319543
v -0.05823397 -0.0757229914 -0.0181619443
v -0.04464399 -0.0757229931 -0.0415689843
v -0.05048894 -0.0556229926 -0.0342319558
v -0.03842699 -0.0757229936 -0.0473749543
v -0.05655199 -0.0341919617 -0.0229579774
v 0.002858996 -0.0341919646 -0.0609679774
v -0.01085597 -0.0341919645 -0.0600609674
v 0.02354598 -0.0341919643 -0.0563099874
v 0.03443795 -0.0341919638 -0.0503909474
v 0.03930598 -0.0472030035 -0.0466499864
v 0.04720199 -0.0472030029 -0.0386409664
v 0.047239 -0.0341919629 -0.0386479374
v 0.051153 -0.0472030025 -0.0332349464
v 0.05115199 -0.0476229725 -0.0332339964
v 0.05618 -0.0472030018 -0.0237669864
v 0.05859595 -0.0472030013 -0.0169589464
v 0.05620896 -0.0341919618 -0.0237839774
v 0.05037897 -0.0341919626 -0.0344549974
v 0.05807995 -0.0341919614 -0.0187579874
v 0.05864596 -0.00017600143 -0.01894098
v 0.06063395 -0.0341919605 -0.00697898542
v 0.06059998 -0.0472030005 -0.00698196444
v 0.06101495 -0.0341919601 -0.00152295542
v 0.06014299 -0.0341919592 0.0103909926
v 0.06160897 -0.000176000116 -0.00153797799
v 0.061369 -0.000175999573 0.00565397701
v 0.06057798 -0.000176000855 -0.01132899
v 0.059789 0.00889199818 -0.0108469707
v 0.05799496 0.00888597763 -0.0181739907
v 0.06073999 0.00890296594 -0.000826000672
v 0.05451595 0.00887995697 -0.0268839507
v 0.05517697 -0.000176002072 -0.02745097
v 0.05086898 -0.000176002627 -0.03478997
v 0.05951696 -0.000175998793 0.01599198
v 0.05894398 -0.0341919588 0.0158379626
v 0.05478197 -0.034191958 0.0269099426
v 0.05203497 -0.0341919576 0.0318979626
v 0.05475395 -0.047202998 0.0268889636
v 0.05028897 -0.0472029974 0.0345259936
v 0.05814498 -0.0472029986 0.0184449536
v 0.06011295 -0.0472029992 0.0103679836
v 0.05814397 -0.0476229686 0.0184449536
v 0.06099498 -0.0476229699 0.000777003595
v 0.05028897 -0.0476229674 0.0345259936
v 0.03810399 -0.0476229664 0.0476349536
v 0.02263998 -0.0476229657 0.0566429436
v 0.03810399 -0.0472029964 0.0476349536
v 0.03152698 -0.0472029961 0.0522219536
v 0.04495596 -0.0472029969 0.0412309736
v 0.04498594 -0.0341919569 0.0412479626
v 0.04085695 -0.0341919566 0.0453419626
v 0.03153496 -0.0341919561 0.0522559826
v 0.04125499 -0.000175996543 0.04578399
v 0.026326 -0.0341919558 0.0550649726
v 0.02658295 -0.000175995802 0.055601
v 0.02263998 -0.0472029957 0.0566439636
v 0.01553696 -0.0472029955 0.0589889836
v 0.005226969 -0.0476229654 0.0607759936
v 0.058595 -0.0476229713 -0.0169589464
v 0.06099498 -0.0472029999 0.000776003564
v 0.05254197 -0.000175997568 0.03220897
v 0.02327299 -0.0481230043 -0.0563859864
v 0.02314895 -0.0486229643 -0.0564369463
v 0.02278 -0.0481230041 -0.0548319764
v 0.02265596 -0.0486229641 -0.0548829963
v 0.02265596 -0.0536229641 -0.054882996
v 0.02314895 -0.0536229643 -0.056436946
v 0.02278 -0.0541229841 -0.0548319759
v 0.02327299 -0.0541229843 -0.0563859859
v 0.03052699 -0.075922956 0.0525809557
v 0.022641 -0.0757229857 0.0566429457
v 0.01396495 -0.0757229855 0.0593799957
v 0.005226969 -0.0556229854 0.0607739642
v -0.02121496 0.0193069533 0.0436079485
v -0.03287094 0.0193159527 0.0356249785
v 0.04119294 0.019180952 0.0261679786
v 0.04781395 0.00887798917 -0.0375399507
v -0.005329966 -0.0149829998 -0.129875999
v -0.00564897 -0.0152269698 -0.129811999
v 0.005329966 -0.0275369846 -0.0615209879
v -0.01188898 -0.0277249846 -0.0607399879
v -0.04608899 -0.0282109931 -0.0405879579
v -0.04536896 -0.0240579846 -0.0604989482
v -0.04720497 -0.0239819844 -0.0581929582
v -0.04704296 -0.0212679558 -0.0764189884
v -0.05998098 -0.0180469723 -0.0303889486
v -0.06104397 -0.0210269608 -0.00994795341
v -0.06057596 -0.0131599923 -0.031060989
v -0.01039695 0.0165519577 -0.163142001
v -0.002014994 -0.0160499981 -0.239949999
v 0.003541946 -0.0161720111 -0.279069999
v 0.00958997 -0.0161720132 -0.307604999
v 0.02157199 -0.0165890058 -0.342334999
v 0.01163595 -0.0165890079 -0.369402999
v 0.001676976 -0.0162840081 -0.371994999
v 0.001656949 -0.0161720181 -0.371586999
v -0.008198976 -0.0161720179 -0.369732999
v -0.01615697 -0.0161720175 -0.363629999
v -0.03267395 -0.0161720159 -0.343298999
v -0.002934992 -0.0161720167 -0.353423999
v -0.004100978 -0.0161720165 -0.350871999
v -0.002934992 -0.0287720167 -0.353423998
v -0.004100978 -0.0287720165 -0.350871998
v -0.003701984 -0.0287720163 -0.348094998
v -0.046377 -0.0162430042 -0.321058999
v -0.04644894 -0.0162840042 -0.321089999
v -0.02524298 -0.0161720119 -0.289550999
v -0.05015999 -0.0128820134 -0.309449999
v -0.05020499 -0.0127750234 -0.309294999
v -0.05058497 -0.0117190032 -0.307946999
v -0.04698199 -0.012177013 -0.305104999
v -0.04021096 -0.0108949724 -0.296572999
v -0.04761999 -0.011483983 -0.304696999
v -0.05133497 -0.00832500304 -0.305142999
v 0.03079295 -0.0143319858 0.0562299411
v 0.03344398 -0.00212496042 0.0606519502
v 0.033167 -0.0143369959 0.0548709611
v 0.01817995 -0.0143039754 0.0614410011
v 0.01287597 -0.0142939553 0.0627539711
v 0.01766794 -0.0134909655 0.059687971
v 0.01251494 -0.0134819654 0.060961961
v 0.02992296 -0.0135129559 0.054624971
v 0.03250396 -0.00173496755 0.0589289601
v 0.03222894 -0.013517966 0.053305981
v 0.04470098 -0.0135449667 0.043446951
v 0.04600298 -0.0143709666 0.0447209411
v 0.04785495 -0.0041819775 0.0462979603
v 0.054497 -0.0135779877 0.030349961
v 0.05608499 -0.0144049476 0.0312409911
v 0.05827599 -0.00421297256 0.0323119703
v 0.06054997 -0.0136079689 0.015156981
v 0.06470698 -0.00424498178 0.0160969403
v 0.06244397 -0.0136319901 -0.00108796197
v 0.06231397 -0.0144359388 0.0156039511
v 0.06647396 -0.00507294975 0.0165429704
v 0.06426399 -0.0144609801 -0.00111496291
v 0.06570297 -0.0112989501 -0.00116395815
v 0.062963 -0.014453941 -0.0129799789
v 0.06490695 -0.009596944 -0.0132139893
v 0.062963 -0.014453941 -0.0129829589
v 0.05937099 -0.0144329618 -0.0243769789
v 0.06114798 -0.013704001 -0.012601969
v 0.06114399 -0.013704001 -0.012623959
v 0.05762898 -0.0137969818 -0.023629959
v 0.06308698 -0.00887495297 -0.0128019993
v 0.06278896 -0.00926298001 -0.0133709893
v 0.06345295 -0.00838094991 -0.0121149994
v 0.06358796 -0.0081939699 -0.0118659694
v 0.06364297 -0.00811696089 -0.0117649994
v 0.06366699 -0.00808298588 -0.0117199994
v 0.06366896 -0.00808095988 -0.0117169594
v 0.06366997 -0.00807797988 -0.0117139794
v 0.063681 -0.00806397188 -0.0116949594
v 0.06370198 -0.00803399088 -0.0116559794
v 0.06374299 -0.00797498287 -0.0115809994
v 0.06447798 -0.00688898578 -0.0102899595
v 0.06602799 -0.0043099526 -0.00797498167
v 0.06658196 -0.00426799029 -0.00379598068
v 0.06626898 -0.00387299058 -0.00764095671
v 0.06700396 -0.0019309525 -0.00656896785
v 0.06622099 -0.0037979486 -0.00793695371
v 0.06281095 -0.00898295703 -0.0136359893
v 0.06609797 -0.00369298463 -0.00837194872
v 0.06608897 -0.00368595163 -0.00839799572
v 0.06277 -0.00865197206 -0.0140069693
v 0.06268596 -0.00835597608 -0.0143349694
v 0.05932599 -0.0120829916 -0.0206309491
v 0.05929297 -0.0116039516 -0.0208089891
v 0.05928397 -0.0128609515 -0.020306999
v 0.05947399 -0.0127139615 -0.019927969
v 0.05948197 -0.0127079415 -0.019911999
v 0.05948197 -0.0127069915 -0.019910989
v 0.05948299 -0.0127069915 -0.019910989
v 0.05948299 -0.0127069915 -0.019910989
v 0.05948299 -0.0127069915 -0.019910989
v 0.05948299 -0.0127069915 -0.019910989
v 0.05948299 -0.0127069915 -0.019910989
v 0.05948299 -0.0127069915 -0.019910989
v 0.05948299 -0.0127069915 -0.019910989
v 0.05948299 -0.0127069915 -0.019910989
v 0.05948299 -0.0127069915 -0.019910989
v 0.05948299 -0.0127069915 -0.019910989
v 0.05948895 -0.0127019815 -0.019898949
v 0.05950295 -0.0126909615 -0.019870989
v 0.05953097 -0.0126689615 -0.019815979
v 0.05964297 -0.0125779515 -0.0195929991
v 0.05986696 -0.0123879914 -0.0191499491
v 0.06084895 -0.0114639913 -0.0172079791
v 0.05926799 -0.0114089816 -0.0208739591
v 0.059255 -0.0113309616 -0.0208979791
v 0.06264799 -0.00825899909 -0.0144379694
v 0.06264096 -0.00824296509 -0.0144549594
v 0.06586796 -0.00352394567 -0.00892394673
v 0.06593698 -0.00357699366 -0.00877994173
v 0.06585395 -0.00351297868 -0.00894999473
v 0.06584095 -0.00350099868 -0.00897198874
v 0.06583499 -0.00349599168 -0.00898194274
v 0.062635 -0.00823098509 -0.0144669994
v 0.06263196 -0.00822597809 -0.0144709894
v 0.06263101 -0.00822395109 -0.0144729594
v 0.06583297 -0.00349295168 -0.00898599574
v 0.06262999 -0.00822198409 -0.0144739694
v 0.05924898 -0.0112980016 -0.0209069791
v 0.06262898 -0.00822097109 -0.0144749794
v 0.06582999 -0.00349098468 -0.00898998874
v 0.06582796 -0.00348794468 -0.00899296874
v 0.06582695 -0.00348699068 -0.00899499574
v 0.06262898 -0.00821995809 -0.0144759994
v 0.06582599 -0.00348597768 -0.00899594974
v 0.06262898 -0.00821995809 -0.0144759994
v 0.06582397 -0.00348496468 -0.00899797574
v 0.06262797 -0.00821894509 -0.0144759994
v 0.06582295 -0.00348395168 -0.00899898974
v 0.065822 -0.00348198468 -0.00900095674
v 0.06262797 -0.00821894509 -0.0144769494
v 0.06262695 -0.00821894509 -0.0144769494
v 0.06262695 -0.00821799109 -0.0144769494
v 0.06582099 -0.00348097068 -0.00900196974
v 0.05924296 -0.0112689716 -0.0209139491
v 0.059246 -0.0112829816 -0.0209109691
v 0.05575895 -0.0123119921 -0.0278839991
v 0.05215096 -0.0106969426 -0.0350149792
v 0.05604296 0.0159469779 -0.0281629512
v 0.05558997 -0.0139249521 -0.0278519889
v 0.05411797 -0.0138319723 -0.030679999
v 0.05411797 -0.0138319723 -0.030679999
v 0.05732697 -0.0143919522 -0.0287279389
v 0.05754595 -0.0121809822 -0.0287729491
v 0.05577999 -0.0144239624 -0.0316209689
v 0.04019397 -0.014413954 -0.0524139989
v 0.053276 -0.0129459528 -0.036545989
v 0.04967498 -0.00866496829 -0.0435899393
v 0.05394595 -0.0105699827 -0.0358879492
v 0.05068695 -0.00670397519 -0.0422879995
v 0.049281 -0.0040809544 -0.0450929897
v 0.04867297 -0.0025699765 -0.0463329498
v 0.048114 -0.00577897152 -0.0466879596
v 0.04779696 -0.00505495357 -0.0473319796
v 0.04231196 -0.00505298705 -0.0535909496
v 0.04743695 -0.00413096263 -0.0480739397
v 0.04712694 -0.00320995168 -0.0487269698
v 0.04707199 -0.00302094569 -0.0488469598
v 0.04704397 -0.00290596769 -0.0489139498
v 0.04703599 -0.00287294669 -0.0489319498
v 0.04703199 -0.0028559597 -0.0489419598
v 0.04703199 -0.0028549467 -0.0489429798
v 0.04703199 -0.0028539927 -0.0489429798
v 0.04703199 -0.0028539927 -0.0489429798
v 0.04703199 -0.0028539927 -0.0489429798
v 0.04703199 -0.0028539927 -0.0489429798
v 0.04703199 -0.0028539927 -0.0489429798
v 0.04703199 -0.0028549467 -0.0489429798
v 0.04703199 -0.0028549467 -0.0489429798
v 0.04703199 -0.0028549467 -0.0489419598
v 0.04703199 -0.0028549467 -0.0489429798
v 0.04703199 -0.0028549467 -0.0489429798
v 0.04703199 -0.0028549467 -0.0489429798
v 0.04703199 -0.0028539927 -0.0489429798
v 0.04703199 -0.0028529797 -0.0489429798
v 0.04702496 -0.0028229987 -0.0489599698
v 0.04700899 -0.0027529627 -0.0489979898
v 0.04699796 -0.0027029547 -0.0490249898
v 0.046992 -0.0026739867 -0.0490409698
v 0.04698896 -0.0026609927 -0.0490479398
v 0.04698699 -0.0026549727 -0.0490509798
v 0.04696196 -0.00254196271 -0.0491119598
v 0.04690396 -0.00228298072 -0.0492469598
v 0.04279899 -0.00228494806 -0.0538329398
v 0.04649299 -0.000328003786 -0.05014598
v 0.04716396 -0.0020659597 -0.0489579998
v 0.04739499 -0.00184196567 -0.0486649799
v 0.04649096 0.00278597618 -0.0506289602
v 0.04673898 0.0029119802 -0.0502919502
v 0.04621398 0.00269698615 -0.0509669702
v 0.04662197 0.00535899018 -0.0506109504
v 0.04707795 0.00778793823 -0.0498989806
v 0.04688495 0.00543695221 -0.0502409904
v 0.04712599 0.00553899623 -0.0498729904
v 0.04736095 0.00779997926 -0.0494959906
v 0.04762297 0.00784796029 -0.0490869806
v 0.04894995 0.0115779565 -0.0465139709
v 0.04922896 0.0114779365 -0.0460889909
v 0.05092495 0.0141249768 -0.0425319611
v 0.04865097 0.0117219565 -0.0469089709
v 0.05063998 0.0143819968 -0.0428429811
v 0.04834598 0.0119959664 -0.0472079509
v 0.05034697 0.0147309768 -0.0430309711
v 0.04677897 0.0078949882 -0.0502699606
v 0.04666298 0.00739395219 -0.0504699906
v 0.04354196 0.00737297092 -0.0540699906
v 0.043549 0.00726794692 -0.0540729705
v 0.04184997 0.014664936 -0.0535519711
v 0.04174995 0.014890956 -0.0535219911
v 0.02314394 0.0127609841 -0.078293971
v 0.02384799 0.0062989531 -0.0781679705
v 0.01969498 0.0186999941 -0.0776590114
v 0.01586496 0.0118259631 -0.0919499909
v 0.01622694 0.00581996908 -0.0916829704
v 0.01066595 0.010924982 -0.106512001
v 0.004348993 0.00929998268 -0.136669001
v 0.01095896 0.00535695898 -0.106257
v 0.008129954 0.016152962 -0.106229001
v 0.001974999 0.0139229697 -0.136433001
v 0.004003942 0.019902992 -0.105551002
v 0.01445496 0.0228229642 -0.0765089917
v -0.00100398 0.0225159421 -0.104674002
v -0.001742959 0.0173899397 -0.135947001
v -0.01138597 0.0210519898 -0.134611002
v -0.004161953 0.0157889574 -0.166721901
v -0.009849965 0.0184199675 -0.166204001
v -0.003395974 0.0152049474 -0.166791001
v -0.002976 0.014533975 -0.198788001
v -0.000664 0.0124069874 -0.167039001
v 0.00110495 0.00956992938 -0.167197001
v 0.001258969 0.00916694 -0.198624001
v 0.001722991 0.00816093537 -0.167252001
v 0.002856969 0.00256793337 -0.1673499
v 0.002867996 0.0025599459 -0.173544
v 0.002954959 -0.000427012635 -0.167356
v 0.003017961 -0.00236399164 -0.1673589
v 0.003963947 -0.000395010608 -0.140501
v 0.003674983 -0.0023299556 -0.1403419
v 0.00435096 -0.000390010286 -0.13624
v 0.004816949 -0.00038500996 -0.131928
v 0.00287199 2.19900569e-05 -0.1317009
v 0.004746973 -0.000988009922 -0.131422
v 0.004954993 0.000468990021 -0.132175
v 0.005131959 0.00134294203 -0.132036
v 0.003003954 0.000839990039 -0.1319389
v 0.003176987 0.00168495305 -0.131789
v 0.003362953 0.00239395009 -0.131281
v 0.005319952 0.00206994007 -0.13154
v 0.003538966 0.00282697815 -0.130505
v 0.004076957 0.00293897542 -0.12694
v 0.005495965 0.00251393513 -0.130774
v 0.006024956 0.00259893139 -0.127239
v 0.006596982 0.00259493766 -0.123703
v 0.007226943 0.00259094493 -0.120177
v 0.004658997 0.00296395069 -0.123373
v 0.005300998 0.00298797095 -0.119815
v 0.006004989 0.00300996522 -0.116268
v 0.006777942 0.00302993349 -0.112734
v 0.007919967 0.00258897819 -0.116664
v 0.008678972 0.00258593846 -0.113167
v 0.009489953 0.00250797572 -0.109688
v 0.009575963 0.00206898778 -0.1088989
v 0.007602989 0.00297497875 -0.109217
v 0.007696986 0.00255995081 -0.108423
v 0.007636964 0.00185798685 -0.107906
v 0.00743097 0.00102894586 -0.107762
v 0.009507 0.00133096282 -0.108381
v 0.009290993 0.000462991829 -0.108231
v 0.008979976 -0.000362008187 -0.108446
v 0.007131993 0.000247991847 -0.1079879
v 0.008690953 -0.000921008219 -0.108864
v 0.009714961 -0.000359007972 -0.105596
v 0.01488697 -0.000349006865 -0.09093296
v 0.01612097 -0.000348006672 -0.08837199
v 0.01552098 -0.00228196965 -0.0880489898
v 0.02269899 -0.000345005851 -0.07749295
v 0.03084897 -0.000346005078 -0.06725597
v 0.029383 0.000113995019 -0.06597596
v 0.03074795 -0.00111997607 -0.0670899699
v 0.03126996 0.000657994934 -0.067097
v 0.03191399 0.00133996698 -0.0665569901
v 0.02978998 0.00105797703 -0.0658130001
v 0.030429 0.00170295907 -0.0652679801
v 0.03114998 0.00187694513 -0.0644909701
v 0.03262996 0.00153094003 -0.0657879701
v 0.03177899 0.00153296619 -0.0636849901
v 0.03324896 0.00117998809 -0.0649920101
v 0.03235197 0.00103896325 -0.0629090001
v 0.03381198 0.000670995151 -0.0642229901
v 0.03292697 0.000543995309 -0.06213498
v 0.03437697 0.000162995209 -0.06345498
v 0.03321599 0.000294995338 -0.061746
v 0.03336 0.000170995353 -0.06155198
v 0.03466099 -9.10047617e-05 -0.06306999
v 0.03480297 -0.000219004747 -0.06287699
v 0.03487396 -0.00028200474 -0.06278097
v 0.03490996 -0.000314004736 -0.06273299
v 0.03343194 0.00010899536 -0.06145596
v 0.03346794 7.79953639e-05 -0.06140697
v 0.03348594 6.19953657e-05 -0.06138294
v 0.03492695 -0.000330004734 -0.06270897
v 0.03349494 5.49953666e-05 -0.06137096
v 0.03493595 -0.000338004733 -0.06269699
v 0.03349596 5.39953667e-05 -0.06136995
v 0.03493899 -0.000340004733 -0.06269299
v 0.03493797 -0.000340004733 -0.06269395
v 0.03494298 -0.000344004733 -0.06268799
v 0.03494197 -0.000343004733 -0.06268996
v 0.03494095 -0.000342004733 -0.06269097
v 0.03349697 5.39953668e-05 -0.061369
v 0.03494 -0.000341004733 -0.06269198
v 0.03494 -0.000341004733 -0.06269299
v 0.03494399 -0.000345004733 -0.06268596
v 0.03494399 -0.000345004733 -0.06268697
v 0.033499 5.29953669e-05 -0.06136697
v 0.03494495 -0.000345004733 -0.06268596
v 0.04165995 -4.90039701e-05 -0.05258595
v 0.033499 5.29953669e-05 -0.06136697
v 0.03494495 -0.000346004733 -0.06268697
v 0.03494495 -0.000346004733 -0.06268596
v 0.03494495 -0.000347004733 -0.06269097
v 0.04310899 -0.000349004072 -0.05393397
v 0.03715497 -0.00228298151 -0.0597579398
v 0.04053395 -0.00228494824 -0.0562139698
v 0.04008895 -0.00479698523 -0.0559959996
v 0.03573095 -0.00190395541 -0.0584049799
v 0.03911 -0.00195199614 -0.0548499799
v 0.03867095 -0.00440997213 -0.0546399897
v 0.04060298 -0.00606698093 -0.0521089995
v 0.042032 -0.00649595603 -0.0534409795
v 0.04203099 -0.00649696903 -0.0534409795
v 0.04088199 -0.00464999994 -0.0522529396
v 0.04060798 -0.00607198793 -0.0521019595
v 0.04203796 -0.00650096303 -0.0534329995
v 0.04203695 -0.00649995003 -0.0534339495
v 0.04203599 -0.00649899603 -0.0534359795
v 0.04203498 -0.00649798303 -0.0534369895
v 0.04060798 -0.00607198793 -0.0521019595
v 0.04060298 -0.00606698093 -0.0521089995
v 0.04203397 -0.00649696903 -0.0534389595
v 0.042032 -0.00649595603 -0.0534399695
v 0.04203999 -0.00650298903 -0.0534299595
v 0.04061299 -0.00607699493 -0.0520949895
v 0.04062896 -0.00608998893 -0.0520739495
v 0.04204797 -0.00650996303 -0.0534189895
v 0.04206299 -0.00652397003 -0.0533979495
v 0.042095 -0.00655299803 -0.0533539595
v 0.04215699 -0.00660896702 -0.0532679495
v 0.04065996 -0.00611800293 -0.0520299595
v 0.04072099 -0.00617295892 -0.0519459795
v 0.040847 -0.00628596891 -0.0517709795
v 0.04111695 -0.00652796388 -0.0513949895
v 0.04228496 -0.00672495701 -0.0530909795
v 0.04255795 -0.00697398498 -0.0527089795
v 0.04300898 -0.00754696493 -0.0520119594
v 0.04314196 -0.00842798089 -0.0515469894
v 0.04156196 -0.00708896283 -0.0507099595
v 0.04169195 -0.00795394479 -0.0502539794
v 0.04147398 -0.00891197079 -0.0501409693
v 0.04098194 -0.0097399988 -0.0503749793
v 0.04292398 -0.00940198088 -0.0514279593
v 0.042427 -0.0102439539 -0.0516619592
v 0.04176598 -0.0107809939 -0.0521909492
v 0.04107797 -0.010888994 -0.0529129492
v 0.04032599 -0.0102709538 -0.0508999792
v 0.03964596 -0.0103809839 -0.0516119492
v 0.03777098 -0.00885898209 -0.0541959993
v 0.03876298 -0.0138389439 -0.051140959
v 0.03668195 -0.013439954 -0.053625999
v 0.03810697 -0.0139819941 -0.0549209689
v 0.03351294 -0.0100809944 -0.0582939892
v 0.034931 -0.0105289845 -0.0596309892
v 0.02985596 -0.00711697776 -0.0631049795
v 0.03128194 -0.00752199087 -0.0644479894
v 0.03068399 -0.0027119558 -0.0635399798
v 0.02261096 -0.0061309984 -0.0714889695
v 0.02410399 -0.00658995449 -0.0727369695
v 0.01596599 -0.00607497108 -0.0805569795
v 0.01759898 -0.00661296216 -0.0815779495
v 0.01314795 -0.00606197745 -0.0854379495
v 0.01438897 -0.0016169605 -0.0861339499
v 0.01066499 -0.00604695683 -0.0904669695
v 0.006820976 -0.00602496363 -0.1010349
v 0.01240795 -0.00662899689 -0.0912549995
v 0.01484996 -0.00661999552 -0.0863279695
v 0.008646965 -0.00664497167 -0.101562999
v 0.006088972 -0.00664497248 -0.112290999
v 0.007376968 -0.00230098551 -0.1126739
v 0.003098964 -0.00658799255 -0.139679
v 0.004210948 -0.00605899845 -0.111926
v 0.005508959 -0.00170696548 -0.112281
v 0.001116991 -0.00632799654 -0.139602
v 0.001116991 -0.00632799654 -0.1396239
v 0.001154959 -0.00659896164 -0.167364
v 0.001743972 -0.00201595854 -0.139649
v 0.001716971 -0.00202096557 -0.140016
v 0.005370974 -0.00171197253 -0.112934
v 0.005615949 -0.000859008535 -0.1130509
v 0.006165981 -0.000844008346 -0.11054
v 0.005502998 -0.000862008576 -0.113592
v 0.007375955 -0.00144798361 -0.113977
v 0.004894971 -0.000883008807 -0.116654
v 0.004341959 -0.000905009039 -0.119725
v 0.006781995 -0.00144500383 -0.117007
v 0.006240963 -0.00144196406 -0.120047
v 0.005750954 -0.00143797129 -0.123097
v 0.005307972 -0.00143296452 -0.126155
v 0.003838956 -0.000930009272 -0.1228049
v 0.003383994 -0.000956009505 -0.125891
v 0.002976 -0.000984009738 -0.128983
v 0.002808988 -0.000922009852 -0.130493
v 0.004910945 -0.00142795776 -0.12922
v 0.004749 -0.00134999487 -0.130719
v 0.002804994 -0.000567009905 -0.131198
v 0.007426977 -0.00144899659 -0.113727
v 0.00802499 -0.00145096338 -0.11096
v 0.007183969 -0.00230199858 -0.113604
v 0.003708958 -0.00232995556 -0.139859
v 0.003094971 -0.00658697855 -0.139771
v 0.003153979 -0.00653297964 -0.167357
v 0.003163993 -0.00653900005 -0.172897
v 0.001164972 -0.00660396905 -0.172901
v 0.003173947 -0.00654400647 -0.178436
v 0.001174986 -0.00660897647 -0.17844
v 0.003182947 -0.00654895489 -0.1839759
v 0.001184999 -0.00661499689 -0.183979
v 0.003192961 -0.00655497531 -0.1895149
v 0.001194 -0.00662000331 -0.189519
v 0.003197968 -0.00641895773 -0.1950449
v 0.001198947 -0.00648398673 -0.195049
v 0.003159999 -0.00509799993 -0.197784
v 0.003126978 -0.00405998499 -0.198588
v 0.001160979 -0.00516296893 -0.197787
v 0.001127958 -0.00412501399 -0.198592
v 0.00109297 -0.00303597702 -0.198902
v 0.00309199 -0.00296999502 -0.198899
v 0.000914 0.00246195394 -0.199521
v 0.000913 0.00246296801 -0.198558
v 0.000142 0.00663994176 -0.201819001
v 0.002912998 0.00252698294 -0.199518
v 0.002032995 0.00729195676 -0.201819001
v 0.002910971 0.00252793701 -0.1985549
v 0.002904951 0.0025329433 -0.194705
v 0.002882957 0.0026349281 -0.184125
v 0.002914965 0.00227098126 -0.19525
v 0.002932965 0.00174795022 -0.195774
v 0.002958953 0.000952985195 -0.196094
v 0.002988994 4.09851996e-05 -0.1960369
v 0.003013968 -0.000747014766 -0.195582
v 0.003027975 -0.00121100172 -0.194928
v 0.003030955 -0.00137896761 -0.1935369
v 0.003024995 -0.00137497337 -0.190398
v 0.003019988 -0.00137098014 -0.187259
v 0.003013968 -0.0013669859 -0.1841199
v 0.003008961 -0.00136299266 -0.18098
v 0.003002941 -0.00135899843 -0.177841
v 0.002997994 -0.00135500519 -0.174702
v 0.002989947 -0.00118298608 -0.173312
v 0.00297296 -0.000718013035 -0.172659
v 0.002946972 7.09869988e-05 -0.172206
v 0.002916991 0.000982987003 -0.172151
v 0.002891957 0.00177697998 -0.172473
v 0.00287497 0.00229893794 -0.172998
v 0.001284956 0.00910095761 -0.203797901
v 0.000588 0.0103749445 -0.205850001
v -0.000726 0.0121999741 -0.210566001
v -0.001121997 0.00934092546 -0.205846001
v -0.002263963 0.0109239641 -0.210557001
v -0.000508 0.00821398062 -0.203776001
v -0.000533 0.00827895 -0.198622001
v -0.004236996 0.012981935 -0.198772001
v -0.000686 0.00867395238 -0.167156901
v -0.002610981 0.0116419574 -0.166957001
v -0.000244 0.00768898638 -0.167204001
v 0.002357959 0.0090079797 -0.136445001
v 0.000858 0.00249795837 -0.167342
v 0.000956 -0.000492012635 -0.167358
v 0.000869 0.0024949769 -0.173548
v 0.000876 0.00223396894 -0.173001
v 0.000884 0.0025649521 -0.184128
v 0.000906 0.0024679743 -0.194708
v 0.000915 0.00220595226 -0.195254
v 0.000934 0.00168196822 -0.1957769
v 0.00096 0.000886985195 -0.196098
v 0.00099 -2.50148006e-05 -0.19604
v 0.001014947 -0.000813014766 -0.195586
v 0.001028954 -0.00127597072 -0.194932
v 0.001031994 -0.00144500961 -0.193541
v 0.001025974 -0.00144095637 -0.190402
v 0.001020967 -0.00143696214 -0.1872619
v 0.001014947 -0.0014329689 -0.184123
v 0.001009941 -0.00142897466 -0.180984
v 0.00100398 -0.00142498143 -0.177844
v 0.000999 -0.00142098719 -0.174705
v 0.000991 -0.00124896808 -0.173315
v 0.000975 -0.000784013036 -0.172662
v 0.000948 4.98699858e-06 -0.172209
v 0.000918 0.000916987003 -0.172154
v 0.000893 0.00171195098 -0.172477
v 0.002010941 -8.9010581e-05 -0.14015
v 0.001018941 -0.00242896064 -0.167378
v 0.00238496 -3.40102772e-05 -0.136125
v 0.008698999 0.010789982 -0.106021001
v 3.6e-05 0.0131529397 -0.136160001
v -0.00365597 0.0162589398 -0.135650001
v 0.006193995 0.015423942 -0.105731001
v 0.002038955 0.0188199721 -0.105060001
v 0.017838 0.0179549942 -0.0767759614
v 0.02137696 0.0125959442 -0.077277951
v 0.01240897 0.0217799443 -0.0757060016
v 0.03504097 0.0205479762 -0.0508959816
v 0.03589898 0.0198499461 -0.0511339915
v 0.03067499 0.0233679963 -0.0496609818
v 0.04030597 0.0277819583 -0.0228610021
v 0.02771997 0.0248649663 -0.0488029719
v 0.01743996 0.0286679765 -0.0457469822
v 0.01819199 0.0290599967 -0.0434409922
v 0.01519495 0.0285749964 -0.0480099922
v 0.01782196 0.0305769965 -0.0462029523
v 0.01856499 0.0309739667 -0.0438829623
v 0.02992296 0.0258849762 -0.049905002
v 0.01555699 0.0304919363 -0.0484499923
v 0.01245695 0.0308659563 -0.0492050023
v 0.01214694 0.0289329763 -0.0487959922
v 0.012097 0.0309269963 -0.0491829523
v 0.001868963 0.0276929644 -0.0735949821
v 0.009416997 0.0314819764 -0.0482969824
v 0.009172976 0.0295329564 -0.0479199822
v 0.007076978 0.0321409665 -0.0461339924
v 0.004837989 0.0327169767 -0.0438379625
v 0.006891965 0.0301799665 -0.0457839923
v 0.004703998 0.0307479467 -0.0435119823
v 0.002501964 0.0312379469 -0.0412289524
v 0.002591967 0.0332129469 -0.0415359725
v -0.001681983 0.0319829472 -0.0368989724
v -0.002589941 0.031607977 -0.0396759524
v -0.00307697 0.031632947 -0.0395279524
v -0.012196 0.0275389447 -0.0699589821
v -0.01559394 0.0318049673 -0.0356999624
v -0.01907098 0.0319669776 -0.0321019824
v -0.01185494 0.031498957 -0.0396909724
v -0.015706 0.0337889673 -0.0359259826
v -0.01192098 0.033482957 -0.0399349925
v -0.002489984 0.033583987 -0.0399760025
v -0.01933097 0.0339519876 -0.0322079626
v -0.01626998 0.0352149583 -0.0221759627
v -0.02074295 0.0339819677 -0.0307599926
v -0.020563 0.0320009477 -0.0305569724
v -0.02578598 0.0339219481 -0.0255889826
v -0.02552497 0.0319469481 -0.0254119624
v -0.03082895 0.0335619985 -0.0204209625
v -0.03047299 0.0315989785 -0.0202749924
v -0.03399699 0.0331559687 -0.0171769825
v -0.03103697 0.0343399595 -0.00702899859
v -0.03586 0.0328469788 -0.0152699925
v -0.04114097 0.0316369492 -0.0105359524
v -0.03539299 0.0309059589 -0.0151549523
v -0.04054796 0.0297279892 -0.0104549522
v -0.03337699 0.0312349687 -0.0172539924
v -0.03044897 0.0324099595 -0.00714796945
v -0.03823095 0.0306959701 0.000927997683
v -0.02474695 0.033039979 -0.0130579425
v -0.01601696 0.0332269583 -0.0220899525
v -0.02502697 0.035015999 -0.0131919926
v -0.01109695 0.0329989679 -0.0271719625
v -0.01118898 0.0349849379 -0.0273919726
v -0.001598954 0.0339549672 -0.0372359726
v -0.03880095 0.0326129701 0.000927997538
v -0.03866899 0.0305639501 0.00138294369
v -0.04561799 0.0280389703 0.00363796688
v -0.04448294 0.0283469506 0.00742196786
v -0.04475796 0.0282189806 0.00770795087
v -0.04745697 0.0267619409 0.011407968
v -0.04551994 0.0300659506 0.00781094773
v -0.04830795 0.0285649809 0.0115679478
v -0.04538697 0.0301280006 0.00767498973
v -0.03941196 0.0324269501 0.00155394955
v -0.04653698 0.0298159703 0.00385898075
v -0.05445897 0.0257079605 0.00647795006
v -0.05415999 0.0256569882 -0.0241159719
v -0.05514395 0.0251409982 -0.0238119919
v -0.04883098 0.0280469581 -0.0257619621
v -0.05038797 0.0246699955 -0.0601229619
v -0.03956997 0.0310259978 -0.0286069523
v -0.03571498 0.0316399875 -0.0325509924
v -0.044568 0.0298089882 -0.0235009723
v -0.03905498 0.0290979679 -0.0284689622
v -0.04722696 0.026527998 -0.025922952
v -0.03529995 0.0296909776 -0.0323879722
v -0.04390597 0.0279239982 -0.0233889821
v -0.04833495 0.0265189986 -0.018036962
v -0.04869598 0.0264569488 -0.016294002
v -0.04911398 0.0283589886 -0.0181379921
v -0.04948794 0.0282909788 -0.0163879921
v -0.04932397 0.0284489889 -0.0146019421
v -0.04755997 0.0293109991 -0.0116389922
v -0.04853397 0.0266139489 -0.014516942
v -0.04681199 0.0274569891 -0.0115669921
v -0.04385197 0.0286399692 -0.0100789622
v -0.04452598 0.0305219792 -0.0101490023
v -0.03363698 0.0298779574 -0.0341209723
v -0.03152298 0.0300569473 -0.0363219923
v -0.03694999 0.0263799952 -0.063529962
v -0.024652 0.027610945 -0.0667929621
v -0.04887199 0.0231369655 -0.0602189817
v -0.03932398 0.0226409927 -0.0967139617
v -0.04091399 0.0194889802 -0.129896901
v -0.02888196 0.0237199525 -0.0990200018
v -0.04942494 0.0199139629 -0.0943359715
v -0.04968899 0.0171859703 -0.128340001
v -0.05407696 0.017403953 -0.0931279613
v -0.05800598 0.0140149431 -0.0920049511
v -0.05452996 0.0203479456 -0.0585469615
v -0.059448 0.0166039957 -0.0569929413
v -0.05408698 0.0234419682 -0.0237479818
v -0.05305898 0.0239759582 -0.0240769918
v -0.05428099 0.0233369382 -0.0236859918
v -0.05433398 0.0233079682 -0.0236690018
v -0.054349 0.0232999882 -0.0236639918
v -0.054349 0.0232999882 -0.0236639918
v -0.054349 0.0232999882 -0.0236639918
v -0.054349 0.0232999882 -0.0236639918
v -0.054349 0.0232999882 -0.0236639918
v -0.054349 0.0232999882 -0.0236639918
v -0.054349 0.0232999882 -0.0236639918
v -0.054349 0.0232999882 -0.0236639918
v -0.054349 0.0232999882 -0.0236639918
v -0.054349 0.0232999882 -0.0236639918
v -0.054349 0.0232999882 -0.0236639918
v -0.05435395 0.0232969482 -0.0236619718
v -0.05436497 0.0232909882 -0.0236589918
v -0.05438899 0.0232779882 -0.0236510018
v -0.05443596 0.0232519482 -0.0236359818
v -0.05518096 0.0228339982 -0.0233969617
v -0.056638 0.0219519683 -0.0229269817
v -0.05937498 0.0199839383 -0.0220339815
v -0.06016695 0.0193109484 -0.0217729815
v -0.05956 0.0199959786 -0.0184029915
v -0.05980598 0.0200099892 -0.0102489515
v -0.05338597 0.0240309805 0.00623196119
v -0.05911397 0.0199829906 0.00825899649
v -0.05961996 0.0199970001 0.00154697649
v -0.05848395 0.019968981 0.0132949885
v -0.05587196 0.0199309519 0.0248109585
v -0.05952399 0.018938001 0.0136789586
v -0.05755895 0.0189969517 0.0227279586
v -0.06025695 0.0189069506 0.00816398657
v -0.06367498 0.0134329707 0.00894593999
v -0.06077897 0.0188689801 0.00197797858
v -0.06109195 0.0188139595 -0.00677698942
v -0.064866 0.0132329396 -0.005598963
v -0.06110596 0.0187959593 -0.00979495142
v -0.060781 0.0187439884 -0.0215699614
v -0.06485599 0.0131649885 -0.020195961
v -0.06024098 0.0166229562 -0.0498429513
v -0.06343698 0.0119559663 -0.0487539709
v -0.063928 0.0107589863 -0.0485810008
v -0.06298798 0.0115489858 -0.0557919709
v -0.06074595 0.00958298912 -0.0911319807
v -0.06446796 0.00535898983 -0.0552150004
v -0.06500297 0.00558095736 -0.0481619804
v -0.06284499 0.00470196622 -0.0765089904
v -0.06265997 -0.00183398076 -0.0763029999
v -0.06180197 0.00428997715 -0.0906959703
v -0.06079798 0.00390195008 -0.104855
v -0.06055098 -0.00202096291 -0.104705
v -0.059385 0.00335895048 -0.126112
v -0.05867898 0.00787596846 -0.126353001
v -0.05895197 0.00318996994 -0.133209
v -0.05758196 0.0025959488 -0.161579
v -0.05875796 -0.00221497805 -0.133132
v -0.05775898 -0.0023259642 -0.161585
v -0.05875998 -0.00221497805 -0.1331059
v -0.05864697 -0.00635797705 -0.13313
v -0.05790895 -0.0065059782 -0.16157
v -0.05864799 -0.00635797705 -0.133104
v -0.06064397 -0.00643498705 -0.133177
v -0.05987298 -0.0060820059 -0.104695
v -0.060552 -0.0020209629 -0.104678
v -0.05987399 -0.0060809929 -0.104666
v -0.06142795 -0.00582099476 -0.0762649696
v -0.06183195 -0.00648195291 -0.104758
v -0.06183195 -0.00648296591 -0.104753
v -0.06064498 -0.00643498705 -0.133167
v -0.06075894 -0.00221599105 -0.133176
v -0.06254297 -0.00217700791 -0.104788
v -0.06075799 -0.00221599105 -0.133179
v -0.06095194 0.00320397794 -0.133269
v -0.05975699 -0.0022539612 -0.1616089
v -0.05990797 -0.0064339752 -0.161598
v -0.05957996 0.0026779648 -0.161631
v -0.05779999 0.00968896078 -0.161801901
v -0.059349 0.00266192989 -0.173662
v -0.05920898 0.00274197836 -0.1807309
v -0.05937099 0.00236897293 -0.173069
v -0.05940097 0.00180892797 -0.172545
v -0.05943495 0.00101994099 -0.172259
v -0.05946397 0.00017298699 -0.172325
v -0.05948197 -0.00055001304 -0.172718
v -0.05948799 -0.00100101308 -0.173269
v -0.05946695 -0.0012529622 -0.174821
v -0.05940699 -0.00125695544 -0.17796
v -0.05934697 -0.00126100867 -0.1810989
v -0.05928599 -0.00126500291 -0.184238
v -0.05922597 -0.00126899615 -0.187377
v -0.05916595 -0.00127299038 -0.1905159
v -0.05910599 -0.00127698362 -0.193655
v -0.05907297 -0.00110895873 -0.195046
v -0.05904299 -0.000646014775 -0.1957
v -0.05900597 0.000141985191 -0.1961539
v -0.058972 0.00105397319 -0.1962119
v -0.05894994 0.00184898021 -0.195892
v -0.05894094 0.00237296525 -0.195368
v -0.05894196 0.00263492729 -0.194822
v -0.05857294 0.00260995184 -0.2139869
v -0.05907297 0.00273196382 -0.187809
v -0.05736398 0.00940798282 -0.187827001
v -0.05301696 0.0148569758 -0.187858001
v -0.05693197 0.00912795785 -0.213880001
v -0.05276298 0.0143959339 -0.213594001
v -0.05649995 0.00884793289 -0.239931001
v -0.05628895 0.00926492689 -0.239899001
v -0.05806899 0.00257597487 -0.240161
v -0.05775296 0.00543097703 -0.25121
v -0.05839794 -0.00653596513 -0.240205
v -0.0564 -0.00660796713 -0.240167
v -0.05772 -0.00657798881 -0.275572
v -0.05771195 -0.00657798884 -0.275985
v -0.05572199 -0.0066510048 -0.275533999
v -0.05571097 -0.00655796183 -0.275913
v -0.05570495 -0.00650896685 -0.276115
v -0.05562597 -0.00556196802 -0.278433
v -0.05554795 -0.00653400106 -0.27894
v -0.05769997 -0.00662597085 -0.276199999
v -0.05754595 -0.00662001006 -0.279006
v -0.05728399 -0.00660797028 -0.281809
v -0.05762797 -0.00560100902 -0.278474
v -0.05752295 -0.00363501016 -0.28026
v -0.05671596 0.0184729388 -0.280273001
v -0.05704694 0.00745395656 -0.283974001
v -0.05664497 0.0184679386 -0.283981001
v -0.05592298 -0.00651397499 -0.291255
v -0.05662399 0.0126559482 -0.289166001
v -0.05580794 0.0153199777 -0.296027001
v -0.05526298 -0.0042590125 -0.297983
v -0.055269 -0.00436099549 -0.297897
v -0.05517196 -0.0011069996 -0.299394
v -0.05318599 -0.00106998459 -0.299159
v -0.05511498 0.00239691833 -0.300276
v -0.05500698 0.00538096526 -0.301208
v -0.05313295 0.00241992535 -0.300014
v -0.05303299 0.00530794928 -0.300886
v -0.05300396 0.00583795327 -0.30109
v -0.05383598 0.0152779577 -0.295689001
v -0.05463796 0.0125959282 -0.288912001
v -0.05257499 0.0159449271 -0.302729001
v -0.05254197 0.0159439771 -0.302884001
v -0.05114299 0.0159009367 -0.308586001
v -0.05218696 0.011541937 -0.305180001
v -0.05271095 0.00896594614 -0.302785001
v -0.05083596 0.0144059366 -0.310028001
v -0.05414199 0.0116029669 -0.305599001
v -0.054497 0.0160079271 -0.303303001
v -0.05467998 0.00898996611 -0.303135001
v -0.05275499 0.0145369466 -0.310575001
v -0.05089098 0.0159859361 -0.316011001
v -0.04900997 0.0158519462 -0.315342001
v -0.05088698 0.0159859361 -0.316021001
v -0.05306798 0.0159989267 -0.309120001
v -0.05298197 0.0184299667 -0.309101001
v -0.053752 0.0184349769 -0.306150001
v -0.04606896 0.0183959353 -0.327146001
v -0.04449796 0.0242159654 -0.326378002
v -0.04319399 0.0183839449 -0.332517001
v -0.04146099 0.018312965 -0.331521001
v -0.04326397 0.0176629749 -0.332447001
v -0.04311698 0.0192609749 -0.332523001
v -0.04284995 0.0200479349 -0.332760002
v -0.04139399 0.019042935 -0.331531001
v -0.04114598 0.019698945 -0.331772001
v -0.04075896 0.0201589749 -0.332251002
v -0.04058998 0.0202789649 -0.332483002
v -0.04244095 0.0205999348 -0.333240002
v -0.04226398 0.0207439348 -0.333474002
v -0.04201799 0.0208469348 -0.333837002
v -0.040353 0.0203649649 -0.332841002
v -0.04104298 0.0208669647 -0.335424002
v -0.04004395 0.0208629646 -0.336997002
v -0.039397 0.0203809448 -0.334398002
v -0.03841596 0.0203769546 -0.335940002
v -0.03740799 0.0203739745 -0.337464002
v -0.03637099 0.0203699144 -0.338970002
v -0.03901499 0.0208599244 -0.338551002
v -0.03795796 0.0208559343 -0.340086002
v -0.03687298 0.0208519342 -0.341601002
v -0.03575998 0.0208469341 -0.343095002
v -0.03530699 0.0203659243 -0.340456002
v -0.03421497 0.0203609742 -0.341922002
v -0.03370594 0.0201779341 -0.342658002
v -0.03524696 0.020627944 -0.343851002
v -0.03332197 0.0197239241 -0.343302001
v -0.03486895 0.020082924 -0.344518002
v -0.03313797 0.0192689541 -0.343652001
v -0.03469198 0.019535924 -0.344883001
v -0.03306299 0.018717974 -0.343842001
v -0.03239697 0.018714934 -0.344670001
v -0.03462398 0.0188749739 -0.345083001
v -0.03394395 0.0188729439 -0.345928001
v -0.01805394 0.0188219224 -0.365480001
v -0.03260594 0.024172934 -0.344854002
v -0.032462 0.024466964 -0.344738002
v -0.02920699 0.0283919242 -0.342103002
v -0.01657199 0.0244159325 -0.364289002
v -0.01216298 0.0244039522 -0.368423002
v -0.01319897 0.0284249427 -0.361559002
v -0.009642958 0.0284149325 -0.364891002
v -0.008751988 0.029876913 -0.357949002
v -0.02908796 0.0284759642 -0.342007002
v -0.02464199 0.0299269245 -0.338397002
v -0.03531098 0.0299659657 -0.321822002
v -0.042086 0.0300009571 -0.303311002
v -0.04057699 0.0284329355 -0.324437002
v -0.04779696 0.028469947 -0.304708002
v -0.05051499 0.0285009486 -0.283876002
v -0.05204999 0.0242539369 -0.305743002
v -0.05489295 0.0242869586 -0.283955002
v -0.05497699 0.0242919689 -0.279583002
v -0.05608195 0.0219189289 -0.280051002
v -0.05452597 0.0249799189 -0.279389002
v -0.05063498 0.028508939 -0.277674002
v -0.05540198 0.0218409597 -0.269300002
v -0.056611 0.0188519696 -0.270002001
v -0.05580997 0.0168249404 -0.259881001
v -0.05108797 0.0261889398 -0.267464002
v -0.05170798 0.0213029705 -0.258287002
v -0.050179 0.0287529591 -0.277470002
v -0.04550999 0.02791796 -0.265329002
v -0.04525899 0.0291209597 -0.268798002
v -0.04568195 0.0268639701 -0.262926002
v -0.02735996 0.0274389707 -0.255080002
v -0.04612398 0.0234869506 -0.256470002
v -0.04642295 0.020865951 -0.251638002
v -0.02761995 0.0226589814 -0.245750002
v -0.04662197 0.0190039613 -0.247726001
v -0.04672396 0.0179679715 -0.244966001
v -0.05219596 0.0163519712 -0.249173901
v -0.05246198 0.0139739319 -0.239319001
v -0.05603694 0.0118479511 -0.250386001
v -0.046772 0.016921972 -0.238451001
v -0.05250895 0.0139349419 -0.239326001
v -0.02755695 0.0194479622 -0.235150901
v -0.04677796 0.0173199534 -0.219543901
v -0.04677999 0.0174539439 -0.213174001
v -0.027722 0.0197619536 -0.217343001
v -0.02792596 0.0200759549 -0.199542002
v -0.02751898 0.0194479622 -0.235145001
v -0.008273959 0.0168639825 -0.231836001
v -0.004016995 0.0149439325 -0.231167001
v -0.009061992 0.017642955 -0.199020001
v -0.008363962 0.0171199824 -0.233684001
v -0.008524954 0.0178839322 -0.235575001
v -0.008525967 0.0178889422 -0.235583001
v -0.004338979 0.0161599323 -0.234738001
v -0.004114985 0.0152659824 -0.232950001
v -0.004783987 0.0185219421 -0.237706001
v -0.003181993 0.0153879323 -0.234531901
v -0.003191947 0.0159769422 -0.235441001
v -0.003161966 0.0153109823 -0.234419001
v -0.002882957 0.0146189724 -0.233386001
v -0.004140973 0.0137899322 -0.235272001
v -0.00407195 0.0145089421 -0.236475001
v -0.004070997 0.0134449423 -0.234705001
v -0.003987967 0.0130759223 -0.234016001
v -0.005206942 0.0142429223 -0.234957001
v -0.005196988 0.0133279325 -0.231164001
v -0.005312979 0.016374982 -0.238151001
v -0.008762955 0.0157689822 -0.235738001
v -0.008764982 0.0161659521 -0.236575001
v -0.008806943 0.0149369625 -0.231804001
v -0.009566962 0.015707945 -0.198985901
v -0.02752798 0.0174559722 -0.235110001
v -0.02772998 0.0177619836 -0.217307001
v -0.02757197 0.0174559722 -0.235118001
v -0.02745699 0.0184799818 -0.241075001
v -0.04625594 0.014989952 -0.238409901
v -0.04627299 0.0153849534 -0.219501001
v -0.05113595 0.0124799419 -0.239268001
v -0.04612898 0.0161929515 -0.245687001
v -0.04604697 0.0170469613 -0.247992001
v -0.05088597 0.0147589812 -0.249269001
v -0.045843 0.0191529709 -0.252492001
v -0.04561197 0.0214869706 -0.256828002
v -0.02734398 0.0208899714 -0.246641002
v -0.02727597 0.0208899714 -0.246619902
v -0.02702897 0.0254819707 -0.255536002
v -0.008806943 0.0191319318 -0.240896001
v -0.008821964 0.0201029517 -0.242051002
v -0.008783996 0.0177339719 -0.239090001
v -0.008846998 0.0225839415 -0.244898002
v -0.005436956 0.0189379818 -0.240951001
v -0.005540966 0.0216179216 -0.243636002
v -0.002524971 0.0167469719 -0.240022001
v -0.002663969 0.0196329717 -0.242569001
v -0.002495944 0.0162259719 -0.239551001
v -0.002217948 0.0164209419 -0.239926001
v -0.002279996 0.0163779619 -0.239843001
v -0.001917958 0.0166269319 -0.240330001
v -0.000951 0.017795952 -0.239027001
v -0.00170499 0.0167729618 -0.240622001
v -0.001619994 0.0168309618 -0.240739001
v -0.000699 0.0179169519 -0.239326001
v -0.000597 0.0179649319 -0.239448001
v -0.00072 0.0179069419 -0.239301001
v -0.001660943 0.0188329619 -0.239487001
v -0.005134999 0.0211919318 -0.240420902
v -0.001889944 0.0217679517 -0.242029002
v -0.001504957 0.017516952 -0.238376001
v -0.002145946 0.0171509721 -0.237586001
v -0.001366972 0.017587932 -0.238538001
v -0.002990961 0.015856962 -0.238855001
v -0.002440989 0.0169479621 -0.237177001
v -0.003660976 0.0152189521 -0.237704001
v -0.005358994 0.0239109716 -0.243137002
v -0.001877963 0.0244729315 -0.244810002
v 0.000888 0.0186779218 -0.241503001
v -0.000523 0.0179999219 -0.239538001
v 0.000927 0.0186979518 -0.241568001
v 0.002052962 0.0193369716 -0.244096901
v 0.000983 0.0213579316 -0.244156002
v 0.001263976 0.0232979413 -0.247236002
v -0.001516997 0.0264939413 -0.248071002
v 0.00266999 0.0198139314 -0.247014001
v 0.00170499 0.0237519511 -0.250645002
v 0.002961993 0.0200329811 -0.250105002
v 0.001253962 0.0245309211 -0.250845002
v -0.000854 0.027038971 -0.251789002
v 0.004533946 0.0244899689 -0.279121002
v 0.000259 0.0285059589 -0.279825002
v 0.01056694 0.0244429468 -0.307572002
v 0.005984961 0.0212449789 -0.278880002
v 0.005991995 0.0212469389 -0.278929002
v 0.004092991 0.0207009689 -0.279238002
v 0.008453965 0.0218429279 -0.293111002
v 0.006602942 0.0211929378 -0.293502002
v 0.01209098 0.0207959768 -0.307164002
v 0.01209098 0.0207959768 -0.307166002
v 0.010212 0.0203169268 -0.307656002
v 0.01021295 0.0203169268 -0.307658002
v 0.01915597 0.0186429347 -0.335351001
v 0.008941948 0.0233569467 -0.307996002
v 0.005450963 0.0267029767 -0.308916002
v 0.002876996 0.0234029589 -0.279391002
v 0.01767694 0.0233059246 -0.335901002
v 0.01428794 0.0266519445 -0.337147002
v 0.02028697 0.0232929241 -0.343035002
v 0.02176499 0.0186289241 -0.342485001
v 0.01689696 0.026639964 -0.344281002
v 0.02149599 0.0232839237 -0.348679002
v 0.02108699 0.0232769532 -0.354505002
v 0.02306598 0.0186189737 -0.348561001
v 0.02296799 0.0186139634 -0.352769001
v 0.02262598 0.0186119332 -0.354831001
v 0.024948 0.0187669633 -0.353003001
v 0.02505499 0.0187729237 -0.348418001
v 0.02457499 0.0187649432 -0.355248001
v 0.02272897 0.0243629532 -0.354857002
v 0.022116 0.0187609427 -0.361847001
v 0.02046197 0.0243589527 -0.360941002
v 0.021061 0.0187599325 -0.363591001
v 0.0194 0.0186079426 -0.362489001
v 0.01820397 0.0187599323 -0.367128001
v 0.01303899 0.018763922 -0.371156001
v 0.016855 0.0243589524 -0.365809002
v 0.01375699 0.0283789326 -0.362784002
v 0.01209294 0.0243619321 -0.369522002
v 0.006047964 0.0243689719 -0.371947002
v 0.009916961 0.0283809624 -0.365778002
v 0.005041956 0.0283869222 -0.367733002
v 0.003707945 0.0298509227 -0.362167002
v -7e-06 0.0283949622 -0.368213002
v -0.004968941 0.0284039623 -0.367278002
v -0.000213 0.0243789219 -0.372542002
v -0.006366968 0.024389952 -0.371382002
v -0.00031 0.0187819317 -0.374430001
v -0.006983995 0.0187939718 -0.373173001
v 0.00198096 0.0187779317 -0.374428001
v 0.006481945 0.0187709618 -0.373785001
v 0.001884996 0.0186239119 -0.372437001
v -0.000219 0.0186269519 -0.372439001
v 0.006015956 0.0186179519 -0.371847001
v 0.005653977 0.023282972 -0.370314002
v 0.01182895 0.0186109221 -0.369552001
v 0.01203596 0.0186109221 -0.369434001
v 0.01281398 0.018763922 -0.371286001
v 0.01124697 0.0232759422 -0.368072002
v 0.01677697 0.0186079424 -0.365736001
v 0.015652 0.0232739725 -0.364637002
v 0.01306998 0.0266229227 -0.362116002
v 0.01898896 0.0232739728 -0.360133002
v 0.02036798 0.0186079428 -0.360888001
v 0.004815995 0.0266309623 -0.366803002
v 0.01755696 0.0266269733 -0.353751002
v 0.009657979 0.0278449329 -0.358784002
v 0.003704965 0.0278509527 -0.362164002
v 0.01289397 0.0278479734 -0.352751002
v 0.01241797 0.0278569739 -0.345922002
v 0.01051896 0.0278669243 -0.340731002
v 0.009808957 0.0278699644 -0.338787002
v 0.008350968 0.0278679441 -0.342840002
v 0.00723195 0.0278709242 -0.341843002
v 0.01071196 0.0278589438 -0.346628002
v 0.01071494 0.0298589738 -0.346631002
v 0.01105195 0.0278509534 -0.352534002
v 0.01105594 0.0298509234 -0.352537002
v 0.008144974 0.027848923 -0.357688002
v 0.008147954 0.029848963 -0.357690002
v 0.002913951 0.0278539328 -0.360451002
v -0.002980947 0.0278649628 -0.359947002
v 0.002916991 0.0298539628 -0.360453002
v -0.002977967 0.0298649328 -0.359950002
v -0.006698966 0.029873933 -0.357484002
v -0.00802195 0.0298739329 -0.358770002
v -0.007664978 0.0298769131 -0.356339002
v -0.009654998 0.0298869335 -0.350767002
v -0.007667958 0.0278769431 -0.356336002
v -0.006702959 0.027873963 -0.357482002
v -0.009658992 0.0278869535 -0.350765002
v -0.008320987 0.027891964 -0.345001002
v -0.008317947 0.029891934 -0.345004002
v -0.004079997 0.0278909543 -0.340876002
v -0.004075944 0.0298909243 -0.340879002
v 0.001717984 0.0278829644 -0.339699002
v 0.001721978 0.0298829344 -0.339701002
v 0.007235944 0.0298709542 -0.341846002
v 0.008353948 0.0298679141 -0.342842002
v 0.01052296 0.0298669643 -0.340733002
v 0.009811997 0.0298699444 -0.338790002
v 0.01242095 0.0298569439 -0.345924002
v 0.01289695 0.0298479434 -0.352753002
v 0.01779597 0.028395924 -0.343955002
v 0.01884996 0.0283879337 -0.348874002
v 0.01518797 0.0284099246 -0.336821002
v 0.02186399 0.0243799341 -0.342460002
v 0.02363795 0.0187839542 -0.341800001
v 0.02316999 0.0243709337 -0.348560002
v 0.01925498 0.0243939447 -0.335326002
v 0.02102899 0.0187969547 -0.334667001
v 0.006376981 0.0284599367 -0.308676002
v 0.000839 0.0299219166 -0.310127002
v -0.005389988 0.0299689488 -0.280748002
v -0.008494973 0.0300059707 -0.255292002
v -0.02662199 0.03002397 -0.265153002
v -0.00444895 0.0292499409 -0.253427002
v -0.009041965 0.029196951 -0.251259002
v -0.005108952 0.0285129312 -0.249487002
v -0.009085953 0.0289919711 -0.250764002
v -0.02708899 0.0292559604 -0.259954002
v -0.009232997 0.0272859713 -0.247719002
v -0.009240984 0.0266399714 -0.246799002
v -0.005392968 0.0264779714 -0.246077002
v -0.009201943 0.0249199615 -0.244603002
v -0.009050965 0.0224249718 -0.241694002
v -0.008892953 0.0206769519 -0.239629002
v -0.008819997 0.019992922 -0.238768902
v -0.02755498 0.0226589814 -0.245729002
v -0.002951979 0.0285459509 -0.252742002
v -0.04480296 0.0300409492 -0.275043002
v -0.04463499 0.0300299286 -0.283765002
v 0.01849395 0.0283819733 -0.353952002
v 0.01666599 0.0283789329 -0.358858002
v 0.009660959 0.0298449629 -0.358786002
v -0.00802499 0.0278739629 -0.358768002
v -0.008755981 0.027876943 -0.357946002
v -0.003133952 0.0278619227 -0.361853002
v -0.00466597 0.0266469423 -0.366372002
v -0.005830943 0.0233019221 -0.369792002
v -0.01246094 0.0266659527 -0.360954002
v -0.02834999 0.0267169142 -0.341402002
v -0.01527094 0.0233259426 -0.363230002
v -0.01119297 0.0233149223 -0.367054002
v -0.03116095 0.0233769741 -0.343678002
v -0.01650696 0.0186639725 -0.364222001
v -0.01211696 0.0186519322 -0.368338001
v -0.008290946 0.018642932 -0.370523001
v -0.009103953 0.0187989119 -0.372343001
v -0.006345987 0.018638932 -0.371284001
v -0.01327097 0.0188089321 -0.369963001
v -0.02844899 0.0266469442 -0.341482002
v -0.03128099 0.023130924 -0.343775002
v -0.04297 0.0231739554 -0.325616002
v -0.04427897 0.0183239254 -0.326256001
v -0.03970295 0.0266879455 -0.323999002
v -0.05039197 0.0232119269 -0.305335002
v -0.04684799 0.026724967 -0.304473002
v -0.05181097 0.0183629669 -0.305674001
v -0.05318498 0.0232429286 -0.283920002
v -0.05326998 0.0232489489 -0.279550002
v -0.04953795 0.0267539386 -0.283855002
v -0.05464595 0.0183949186 -0.283942001
v -0.05471795 0.0183999288 -0.280235001
v -0.05504095 0.00760392156 -0.283936001
v -0.05505198 0.00737492057 -0.283803001
v -0.055516 -0.00346698416 -0.280222
v -0.05393695 -0.00647600697 -0.291023
v -0.05356097 -0.00600501124 -0.294585
v -0.05529898 -0.00657399626 -0.281569
v -0.05552798 -0.00373198715 -0.280088
v -0.05339795 -0.00537499037 -0.296316
v -0.05554896 -0.00605799926 -0.294791
v -0.05538696 -0.00542696539 -0.296523
v -0.05328094 -0.00431301447 -0.297683
v -0.05327898 -0.00428100648 -0.29771
v -0.05419099 0.0212679289 -0.280016002
v -0.05501097 0.0157939496 -0.269874001
v -0.05539 0.0104859203 -0.260306001
v -0.05469197 0.0181629396 -0.269649001
v -0.05365097 0.0207579497 -0.269127002
v -0.05403995 0.0156959604 -0.259714001
v -0.04991495 0.0244899698 -0.267565002
v -0.05286097 0.0238719289 -0.279339002
v -0.049658 0.026762939 -0.277655002
v -0.04921799 0.0269979591 -0.277420002
v -0.044806 0.0280409792 -0.275041002
v -0.04498398 0.0271509597 -0.269107002
v -0.02662795 0.02802393 -0.265152002
v -0.04463899 0.0280299486 -0.283762002
v -0.04208898 0.0280009271 -0.303308002
v -0.03531396 0.0279659357 -0.321819002
v -0.02464497 0.0279269545 -0.338394002
v -0.02684795 0.0272909703 -0.260299002
v -0.008498966 0.0280059307 -0.255289002
v -0.008738994 0.027116931 -0.251390002
v -0.005230963 0.0274089309 -0.253520002
v -0.005392968 0.0279689788 -0.280746002
v 0.000836 0.0279219466 -0.310125002
v -0.000685 0.0267499389 -0.279977002
v -0.003906965 0.0267899409 -0.252807002
v -0.00227499 0.025629971 -0.251935002
v -0.002506971 0.0254469311 -0.250076002
v -0.000421 0.0234439711 -0.250958002
v -0.000105 0.0229039511 -0.250794002
v -0.000303 0.0227699612 -0.248998002
v 0.000995 0.0196969311 -0.250238001
v 0.000855 0.0195639512 -0.248432901
v 0.004085958 0.0206989389 -0.279189002
v 0.000671 0.0192559714 -0.246758901
v 0.000392 0.0187589315 -0.245127001
v -0.000431 0.0220529813 -0.247273002
v -0.000519 0.0196779716 -0.244341001
v -0.002650976 0.0247229713 -0.248283002
v -0.002732992 0.0224109615 -0.245228002
v -0.005525946 0.0264299312 -0.249671002
v -0.005591988 0.0242199614 -0.246446002
v -0.008744001 0.027064951 -0.251273002
v -0.008834958 0.0250009613 -0.247874002
v -0.008836984 0.0248619713 -0.247687902
v -0.000503 0.0176889617 -0.242547001
v 0.000116 0.0183559416 -0.244081001
v -0.000843 0.0173999417 -0.241923001
v -0.001558959 0.0168739318 -0.240826001
v -0.001569986 0.0168659418 -0.240809001
v -0.000537 0.0179929519 -0.239521001
v -0.001575946 0.0168619518 -0.240801001
v -0.001577973 0.0168599218 -0.240797901
v -0.000544 0.0179899719 -0.239513001
v -0.000547 0.0179889519 -0.239509001
v -0.000561 0.0179819819 -0.239491901
v -0.001589953 0.0168519418 -0.240781001
v 0.002172946 0.0194179815 -0.244500001
v -0.04514098 0.0259109499 -0.265602002
v -0.04525697 0.0248899801 -0.263310002
v -0.05046898 0.0196099605 -0.258449001
v -0.05425596 0.0108099311 -0.250232001
v -0.05449199 0.00838993089 -0.239855001
v -0.05577194 0.00512997308 -0.250663
v -0.05607199 0.00250397287 -0.240123
v -0.05470997 0.00795994289 -0.239893001
v -0.056575 0.00253794885 -0.213949
v -0.05514299 0.00823496086 -0.213841001
v -0.05694395 0.00256298429 -0.194784
v -0.05694299 0.00230096225 -0.195329
v -0.05707496 0.00265495482 -0.187771
v -0.05734997 0.00258992789 -0.173624
v -0.05557698 0.00851093282 -0.187788001
v -0.05176597 0.0132979558 -0.187818001
v -0.05601298 0.00878893079 -0.161732001
v -0.05514299 0.0103129578 -0.161825001
v -0.056885 0.0066279638 -0.161642001
v -0.05202597 0.0137529778 -0.162163001
v -0.05661398 0.0117969404 -0.126874001
v -0.04919195 0.0155409377 -0.162467001
v -0.04631698 0.0165689377 -0.162775001
v -0.04114997 0.0176319277 -0.163264001
v -0.04630398 0.0161749563 -0.181684001
v -0.02813297 0.0183899763 -0.181702001
v -0.04629898 0.0160459658 -0.187851001
v -0.04628896 0.0157799549 -0.200592001
v -0.04627799 0.0155179339 -0.213133001
v -0.02793198 0.0180759849 -0.199504001
v -0.009580969 0.015721955 -0.198411001
v -0.01033097 0.0164799475 -0.166164001
v -0.014705 0.0174259375 -0.165753001
v -0.006072998 0.0146639774 -0.166604901
v -0.004644989 0.0136419374 -0.166751001
v -0.02374798 0.0185459675 -0.164909001
v -0.01271498 0.0192789899 -0.134346001
v -0.02224099 0.02042298 -0.132918002
v -0.007890999 0.0223709822 -0.103263002
v 0.00027 0.0260189645 -0.072981952
v -0.002648949 0.0209999521 -0.104238002
v -0.01835799 0.0236689924 -0.101212002
v 0.006561994 0.0243479544 -0.0744349918
v 0.01025694 0.0292869763 -0.0484459922
v -0.03166598 0.0204609501 -0.131433002
v -0.03255999 0.0185869776 -0.164079001
v -0.028328 0.0186959376 -0.164479001
v -0.05150496 0.0128419739 -0.213554001
v -0.05124497 0.0123889819 -0.239287001
v -0.05737197 0.00229697094 -0.173031
v -0.05740296 0.00173698498 -0.172507
v -0.057437 0.000947986998 -0.172221
v -0.05746597 0.000100986993 -0.172286
v -0.05748397 -0.000622013037 -0.17268
v -0.05748999 -0.00107295608 -0.173231
v -0.05746895 -0.0013249642 -0.174782
v -0.05740898 -0.00132895843 -0.1779209
v -0.05734896 -0.00133301167 -0.18106
v -0.05728799 -0.00133700491 -0.184199
v -0.05722796 -0.00134099914 -0.187339
v -0.05716794 -0.00134499238 -0.190478
v -0.05710697 -0.00134999962 -0.193617
v -0.05707395 -0.00118096072 -0.195007
v -0.05704498 -0.000718014772 -0.195661
v -0.05700796 6.99851937e-05 -0.196116
v -0.05697399 0.000981985189 -0.196174
v -0.05695098 0.00177697821 -0.1958529
v -0.05105596 0.0183579667 -0.308567001
v -0.000138 0.023291972 -0.370865002
v -0.003130972 0.0298619527 -0.361856002
v -0.004097998 0.0125429426 -0.230969001
v -0.002852976 0.0141089326 -0.230984001
v -0.004101991 0.0125429426 -0.230952001
v -0.00285995 0.0141099426 -0.230967901
v -0.004101991 0.0125429426 -0.230929001
v -0.00285995 0.0141099426 -0.230946001
v -0.004100978 0.0125429426 -0.230884001
v -0.002858996 0.0141099426 -0.230900001
v -0.004099965 0.0125419226 -0.230794001
v -0.004095971 0.0125409726 -0.230614001
v -0.002856969 0.0141089326 -0.230810001
v -0.002851963 0.0141069626 -0.230630001
v -0.002842962 0.0141029726 -0.230275001
v -0.002823948 0.0140949227 -0.229583001
v -0.004087984 0.0125389426 -0.230259001
v -0.004072964 0.0125339427 -0.229567001
v -0.004038989 0.0125199328 -0.228257001
v -0.003959 0.012479943 -0.225803001
v -0.002783954 0.0140769228 -0.228273001
v -0.00268799 0.014023933 -0.225819001
v -0.002633988 0.013989963 -0.224720001
v -0.002350986 0.0137869533 -0.220664001
v -0.001715958 0.0132419237 -0.215555001
v -0.003669977 0.0122849733 -0.220650001
v -0.003907978 0.012449953 -0.224598001
v -0.003121972 0.0118209537 -0.215543001
v -0.002820968 0.0143469324 -0.232746001
v -0.02760398 0.0203359519 -0.240332002
v -0.009075999 0.017656965 -0.198446001
v -0.02812999 0.0203889463 -0.181740002
v -0.04678499 0.0177169849 -0.200636001
v -0.04678899 0.0179849658 -0.187892001
v -0.04679095 0.0181139563 -0.181727001
v -0.04679697 0.0185099677 -0.162820001
v -0.04180699 0.0195459577 -0.163278001
v -0.05054795 0.0170979277 -0.162474001
v -0.051063 0.0187519603 -0.128284001
v -0.05327099 0.0153179578 -0.162223001
v -0.05706 0.0110219578 -0.161871001
v -0.05851298 0.0125889604 -0.126857001
v -0.06065899 0.00825696146 -0.126377901
v -0.05989396 0.0148849331 -0.0919659711
v -0.06134796 0.0175149957 -0.0569609913
v -0.06271898 0.0100249531 -0.0911609508
v -0.05572795 0.018694983 -0.0930569714
v -0.05085796 0.0214679729 -0.0942530016
v -0.05620795 0.0216619856 -0.0584719716
v -0.05579996 0.0247799682 -0.0236089819
v -0.06065195 0.0215209683 -0.0221119516
v -0.05554497 0.0249219482 -0.0236879519
v -0.05541795 0.0249919782 -0.0237269919
v -0.05535399 0.0250269682 -0.0237469619
v -0.05533796 0.0250359682 -0.0237519719
v -0.05532997 0.0250399682 -0.0237540019
v -0.05532795 0.0250409782 -0.0237549519
v -0.05532795 0.0250419882 -0.0237549519
v -0.05532795 0.0250419882 -0.0237549519
v -0.05532795 0.0250419882 -0.0237549519
v -0.05532795 0.0250419882 -0.0237549519
v -0.05532795 0.0250419882 -0.0237549519
v -0.05532795 0.0250419882 -0.0237549519
v -0.05532795 0.0250419882 -0.0237549519
v -0.05532795 0.0250419882 -0.0237549519
v -0.05532795 0.0250419882 -0.0237549519
v -0.05532699 0.0250419882 -0.0237549519
v -0.05532699 0.0250419882 -0.0237549519
v -0.05532598 0.0250429482 -0.0237559619
v -0.055323 0.0250439582 -0.0237559619
v -0.06208199 0.0202659884 -0.0216719515
v -0.06085997 0.0215269886 -0.0181609916
v -0.06109994 0.0215369992 -0.0101479816
v -0.06086498 0.0215509501 0.00182294637
v -0.06253898 0.0201929793 -0.00968694752
v -0.06253695 0.0201959595 -0.00661695152
v -0.06217497 0.0201769384 -0.0216429815
v -0.06224399 0.0198839881 -0.0254420015
v -0.06666398 0.0140179885 -0.0202719511
v -0.06668496 0.0139739485 -0.0202649811
v -0.06668299 0.0140559596 -0.00538998906
v -0.06546097 0.0142319707 0.00943898993
v -0.06849098 0.00685596363 -0.00484997052
v -0.06864696 0.00667094951 -0.0196729805
v -0.06849098 0.00685596363 -0.00484299652
v -0.06826198 -0.00203895535 -0.00469094485
v -0.06716996 0.00734895474 0.00983595745
v -0.06685197 -0.00202196722 0.0102749402
v -0.06716096 0.00735199475 0.00990795944
v -0.064076 0.00786399983 0.0243039694
v -0.06404095 0.00786697984 0.0244189494
v -0.06359398 -0.00201093913 0.0247929602
v -0.05771797 -0.00200396413 0.0379759602
v -0.063703 -0.00201093915 0.0244659702
v -0.061773 -0.00817298623 0.0234029806
v -0.05958497 -0.0142099783 0.0221560011
v -0.05577397 -0.00816994624 0.0365470006
v -0.05362099 -0.0142199874 0.0348649611
v -0.04302197 -0.0142209464 0.0473330011
v -0.05209195 -0.0133989974 0.033870991
v -0.05786097 -0.0134539584 0.021469951
v -0.04179197 -0.0134049565 0.045982001
v -0.05425 -0.00734698432 0.0355469506
v -0.05607295 -0.00165098621 0.0368949701
v -0.06007897 -0.00741296829 0.0226320006
v -0.06306797 -0.00744295034 0.00876498256
v -0.05788397 -0.0134539584 0.021396991
v -0.06189399 -0.00168198121 0.0236489701
v -0.06492799 -0.00173997727 0.00972497413
v -0.06179499 -0.00167995419 0.0239519401
v -0.06224596 0.00761997777 0.0235009694
v -0.065225 0.00712198071 0.00938594246
v -0.06221699 0.00762295878 0.0235959794
v -0.056418 0.00789797579 0.0370059594
v -0.06072294 0.0136649618 0.023226969
v -0.058281 0.0137559723 0.030053969
v -0.05518996 0.0190279422 0.0294639986
v -0.05489397 0.0138099728 0.036556949
v -0.05182695 0.0190309827 0.0356429786
v -0.05622696 0.00918495879 0.0369469493
v -0.04293698 0.00918197991 0.0518029893
v -0.04284399 -0.0016159371 0.0516849701
v -0.02576398 0.00916695969 0.0621819393
v -0.04013597 0.0190299737 0.0484349686
v -0.03919595 0.0190289637 0.0492009486
v -0.038598 0.0199079537 0.0484519585
v -0.02407199 0.0190179944 0.0581429586
v -0.02317398 0.0190179944 0.0585089886
v -0.005864977 0.0189919447 0.0627029486
v -0.02281796 0.0198969844 0.0576189685
v -0.02253997 0.0198969844 0.0577289385
v -0.03830599 0.0199079537 0.0486829785
v -0.02930295 0.0279679828 0.0372709579
v -0.03025895 0.0276579828 0.0374029779
v -0.02725595 0.0287869527 0.0363799878
v -0.027704 0.0306409528 0.0369769877
v -0.02495598 0.0299699926 0.0341789677
v -0.02445 0.0302189525 0.0336599877
v -0.02534699 0.0318549826 0.0347139776
v -0.02484196 0.0321030026 0.0341949376
v -0.01656699 0.0320949529 0.0389099676
v -0.02303296 0.0329290024 0.0323339675
v -0.02069097 0.0338589523 0.0299239674
v -0.02269697 0.0310170024 0.0318619577
v -0.02040594 0.0319229922 0.0295129976
v -0.01808995 0.032695942 0.0271379875
v -0.01832598 0.0346529421 0.0274919774
v -0.01575398 0.0333519519 0.0247409875
v -0.004966974 0.035075961 0.0136799774
v -0.008727967 0.0341469617 0.0226079774
v -0.01594495 0.0353199819 0.0250419873
v -0.005115985 0.037063951 0.0138999772
v -0.008822977 0.0361289917 0.0228549773
v -0.01415795 0.0331130028 0.0364289775
v -0.002854943 0.0365229816 0.0209949572
v -0.001459956 0.0365819916 0.0205719372
v -0.001706957 0.0362339618 0.0236069473
v 0.002400994 0.0366879715 0.0193789572
v 0.01134395 0.0370279508 0.0101799872
v 0.00237596 0.0346969914 0.0191919774
v -0.00168997 0.0342459618 0.0233589974
v 0.01124197 0.0350319708 0.0100919574
v -0.001446962 0.0345919715 0.0203689874
v -0.002706944 0.0345399916 0.0207479474
v 0.01247495 0.0350169507 0.00882595436
v 0.009516954 0.0352169799 -0.00118398866
v 0.02009195 0.0345439901 0.000996997392
v 0.027022 0.0334099495 -0.00614196252
v 0.02029198 0.0365329901 0.000979997242
v 0.02749699 0.0353459695 -0.00642395267
v 0.01265299 0.0370109607 0.00883394121
v 0.009655952 0.0372109999 -0.00129699981
v 0.00054 0.0373709706 0.00808095618
v 0.01705998 0.0364339893 -0.00890898975
v 0.01689696 0.0344449793 -0.0087729716
v 0.02445799 0.0348839688 -0.0165069626
v 0.02690798 0.0341549486 -0.0190209726
v 0.04114794 0.0295739682 -0.0231919822
v 0.03330898 0.0316139981 -0.0255849924
v 0.03695797 0.0295569778 -0.0297749622
v 0.03279 0.0297199381 -0.0252069822
v 0.03632098 0.0277159778 -0.0293209521
v 0.02670997 0.0321549686 -0.0189049824
v 0.02401095 0.0329609488 -0.0161129825
v 0.03687494 0.0268179676 -0.032020982
v 0.03755098 0.0286339475 -0.0325149822
v 0.03609496 0.0263329674 -0.034788962
v 0.03409099 0.0264559872 -0.036901952
v 0.03677999 0.0281369573 -0.0353129521
v 0.03474599 0.0282689872 -0.0374359421
v 0.03201299 0.0289459771 -0.0383269722
v 0.02924996 0.0299039371 -0.0378789923
v 0.03141897 0.0271089571 -0.037806982
v 0.028723 0.0280369472 -0.0373909421
v 0.02651697 0.0290149973 -0.0357969922
v 0.019885 0.0316759878 -0.0289229724
v 0.02698099 0.0309079773 -0.0362460023
v 0.02032095 0.0335779678 -0.0294149525
v 0.01075196 0.0358649385 -0.0195939527
v 0.01702398 0.032244977 -0.0392119824
v 0.01833397 0.0315519469 -0.0414969924
v 0.01546496 0.0327749772 -0.0376089825
v 0.008682966 0.0345409477 -0.0306529926
v 0.01520997 0.0308249472 -0.0372449723
v 0.008568942 0.0325649877 -0.0303660025
v 0.01658099 0.0303579471 -0.0386679723
v 0.01798999 0.0296269569 -0.0410789822
v 0.002447962 0.0335989482 -0.0240419525
v 0.00555998 0.0345829689 -0.0141269526
v -0.005037963 0.0343379888 -0.0163249926
v -0.005093991 0.0363289688 -0.0165050027
v -0.008949995 0.0345239591 -0.0122949426
v -0.01023298 0.0345559692 -0.0109739826
v -0.009044945 0.0365169591 -0.0124459828
v -0.01033997 0.0365479492 -0.0111140028
v -0.01059299 0.0365529592 -0.0108539428
v -0.01070898 0.0365539692 -0.0107349728
v -0.01048296 0.0345599592 -0.0107159626
v -0.010598 0.0345619892 -0.0105980026
v -0.010625 0.0345629992 -0.0105689726
v -0.01063895 0.0345629992 -0.0105549626
v -0.010737 0.0365549892 -0.0107069628
v -0.01074999 0.0365549892 -0.0106929528
v -0.01075196 0.0365549892 -0.0106909828
v -0.01075398 0.0365549892 -0.0106889628
v -0.01063996 0.0345629992 -0.0105539526
v -0.01064294 0.0345629992 -0.0105509726
v -0.01064997 0.0345629992 -0.0105429826
v -0.01066499 0.0345629992 -0.0105279626
v -0.01076197 0.0365549892 -0.0106809728
v -0.01077699 0.0365549892 -0.0106649928
v -0.01089996 0.0365569492 -0.0105389928
v -0.01187199 0.0365659493 -0.00953996376
v -0.01078695 0.0345649692 -0.0104019626
v -0.01174896 0.0345729493 -0.00941199261
v -0.01204699 0.0345739693 -0.00910395561
v -0.01485496 0.0345389795 -0.00621098461
v -0.01148396 0.0347189895 -0.00726795362
v -0.008988976 0.0351669701 0.000832997345
v 0.003366947 0.0347989691 -0.0118699626
v 0.003751993 0.0347639891 -0.0122649626
v 0.003239989 0.0348099391 -0.0117389526
v -0.005689978 0.0352069698 -0.00255799466
v 0.00325495 0.0368039591 -0.0118909428
v 0.003226995 0.0368059791 -0.0118629928
v 0.00377196 0.0367579391 -0.0124219628
v 0.003832995 0.0367519791 -0.0124859828
v 0.003843963 0.0367509691 -0.0124969428
v 0.003811955 0.0347589791 -0.0123279626
v 0.003818988 0.0347579691 -0.0123350026
v 0.003819942 0.0347579691 -0.0123350026
v 0.003823995 0.0347579691 -0.0123399426
v 0.003844976 0.0367509691 -0.0124979628
v 0.003844976 0.0367509691 -0.0124979628
v 0.003844976 0.0367509691 -0.0124979628
v 0.003823995 0.0347579691 -0.0123399426
v 0.003853976 0.0367499491 -0.0125069628
v 0.003832995 0.0347569491 -0.0123489426
v 0.00387299 0.0367489991 -0.0125259728
v 0.003850996 0.0347549891 -0.0123679626
v 0.003909945 0.0367449491 -0.0125640028
v 0.003887951 0.0347519491 -0.0124059926
v 0.004058957 0.036730999 -0.0127169428
v 0.004035949 0.0347379991 -0.0125579826
v 0.004646956 0.036673959 -0.0133219928
v 0.005662977 0.0365679789 -0.0143659728
v 0.004617989 0.034681969 -0.0131569526
v 0.002534985 0.0355769882 -0.0243420027
v 0.006876945 0.0364269588 -0.0156129528
v 0.006822943 0.0344359788 -0.0154279426
v 0.01064795 0.0338809385 -0.0193709726
v -0.01169794 0.0367149695 -0.00723898677
v -0.005753993 0.0372049798 -0.00262797081
v -0.009186983 0.0371609901 0.000900997194
v -0.02227097 0.0357489511 0.0143489773
v -0.02200096 0.0337719911 0.0142189775
v -0.02385795 0.0354009812 0.0159809473
v -0.02705895 0.0353229605 0.00605594833
v -0.03044295 0.0333759717 0.0227469775
v -0.03441596 0.031599992 0.0268309676
v -0.029998 0.0314489617 0.0224499676
v -0.03387099 0.029717982 0.0264309578
v -0.02336597 0.0334749812 0.0156229675
v -0.02652096 0.0333879504 0.00582796048
v -0.03222495 0.0320239609 0.0117239876
v -0.01871395 0.0343539698 -0.00223094459
v -0.01892298 0.0363419598 -0.00229799974
v -0.015172 0.0365259595 -0.00615096276
v -0.01227694 0.0365669693 -0.00912398276
v -0.03269195 0.0339660009 0.0118359874
v -0.03889095 0.0294929714 0.0183109578
v -0.03953695 0.0313709914 0.0185519976
v -0.04078298 0.0287189414 0.0190189378
v -0.03646999 0.0277909623 0.0309119779
v -0.04102295 0.0286229814 0.0190579778
v -0.04328197 0.0277429814 0.0189379979
v -0.04172599 0.0304780015 0.0193199477
v -0.044043 0.0295739714 0.0192049678
v -0.04166895 0.0304999915 0.0193119577
v -0.03722 0.0295249824 0.0316129878
v -0.03709995 0.0295760024 0.0315749578
v -0.05168795 0.0215779527 0.0360969884
v -0.04586696 0.0215849833 0.0432439984
v -0.05688798 0.0215749719 0.0253679684
v -0.05314099 0.0202350028 0.0365469985
v -0.05660498 0.0202339823 0.0302129885
v -0.04115295 0.0202379837 0.0496609785
v -0.05643397 0.0145809628 0.0375719589
v -0.05785799 0.00965398787 0.0380119593
v -0.05993396 0.0145219523 0.0308889689
v -0.06241899 0.0144409518 0.0239919989
v -0.05900698 0.0202289818 0.0233959485
v -0.06100195 0.0202199811 0.0141659885
v -0.05827498 0.0202309419 0.0257979585
v -0.06173294 0.0202149706 0.00859296147
v -0.05963599 0.021564961 0.0137299784
v -0.06032699 0.0215599506 0.00849598437
v -0.05756896 0.0215739617 0.0231739784
v -0.04474699 0.0293089714 0.0189839578
v -0.04617995 0.0287939914 0.0181969978
v -0.04779696 0.0282909812 0.0163789879
v -0.04536598 0.0269839714 0.017941948
v -0.04694497 0.0264939612 0.016149988
v -0.04769694 0.026408971 0.013818968
v -0.048563 0.0282019911 0.0140139379
v -0.06225097 0.0202069802 0.00227194847
v -0.04418098 0.00965094902 0.0533019893
v -0.05808597 0.00814199688 0.0380819994
v -0.04409795 -0.00200694298 0.0531949902
v -0.02651196 0.00963598883 0.0639809893
v -0.02647 -0.00202196318 0.0638479502
v -0.02468299 0.0202269545 0.0596149485
v -0.006484985 0.00960898821 0.0689939793
v -0.006488978 -0.0020489638 0.0688499802
v 0.01413094 0.00957400113 0.0678989793
v -0.006015956 0.0201979849 0.0642929585
v -0.02376198 0.0202269545 0.0599889685
v -0.005273997 0.0201959649 0.0643599585
v -0.00514996 0.0215370048 0.0629169884
v 0.01320099 0.0201729548 0.0632679985
v 0.01368695 0.0201719948 0.0631669685
v 0.01338696 0.0215109547 0.0617459984
v 0.03127199 0.0201279543 0.0566489585
v 0.03148996 0.0201269943 0.0565299885
v 0.03351396 0.00953299259 0.0607919593
v 0.03341698 -0.00212496042 0.0606659602
v 0.04995095 0.00948995665 0.0483009793
v 0.04659396 0.0200849734 0.0450039485
v 0.04995095 0.00948900265 0.0483009793
v 0.06085497 0.00945300054 0.0336549793
v 0.04981696 -0.00216698236 0.0482040002
v 0.04915899 -0.00500493841 0.0475719504
v 0.06066799 -0.00220393846 0.0336419902
v 0.06069594 -0.00220393846 0.0335919802
v 0.05986696 -0.00504094049 0.0332019904
v 0.06736296 -0.00223696073 0.0167610002
v 0.06739097 -0.00223696074 0.0166489402
v 0.06944197 -0.0022629491 -0.00127899583
v 0.06756597 0.00941997826 0.0166739793
v 0.06300801 0.0200289412 0.0155179485
v 0.06962096 0.0093939899 -0.00134295271
v 0.06799495 0.0148489399 -0.000842001121
v 0.06984496 0.00785899089 -0.00141096159
v 0.069844 0.000546999894 -0.00140398704
v 0.06930899 0.00780397549 -0.00680696959
v 0.06963598 0.00415599254 -0.00606095731
v 0.068695 0.0102969994 -0.00793600078
v 0.06631296 0.0147699691 -0.0120439511
v 0.06851196 0.0100229893 -0.00876796276
v 0.06942999 0.00418096648 -0.00689494632
v 0.066253 0.014228989 -0.0127809611
v 0.068183 0.00986099128 -0.00958299674
v 0.06911599 0.00426095642 -0.00767695932
v 0.06598299 0.013789949 -0.013552961
v 0.06777095 0.00952994722 -0.0103049807
v 0.06565898 0.0131699989 -0.014144951
v 0.06869095 0.00427299636 -0.00843197132
v 0.06813895 -0.00133997269 -0.0090779659
v 0.06596499 -0.00615799495 -0.0126439895
v 0.06851899 -0.00166195663 -0.00837695487
v 0.06866496 -0.00181597461 -0.00801795686
v 0.06624996 -0.00694495488 -0.0117199995
v 0.06878995 -0.00196897958 -0.00764894385
v 0.06895196 -0.00226897052 -0.00686895783
v 0.06783896 -0.00509899863 -0.00829094562
v 0.06943196 0.000516999532 -0.00619494904
v 0.06839698 -0.0050999523 -0.00391197161
v 0.06627798 -0.00766795881 -0.0106799594
v 0.06555396 -0.0087239749 -0.0119829693
v 0.06551295 -0.00877994291 -0.0120589693
v 0.06549197 -0.00880897091 -0.0120979493
v 0.06548196 -0.00882399091 -0.0121179793
v 0.06547796 -0.00882995192 -0.0121259593
v 0.065476 -0.00883197792 -0.0121279893
v 0.06545197 -0.00886499892 -0.0121729893
v 0.06539797 -0.00893998193 -0.0122749793
v 0.06526595 -0.00911998795 -0.0125249593
v 0.06863898 -0.00459194127 -0.00363099465
v 0.06750196 -0.00699496233 -0.00438296647
v 0.06689298 -0.00837594232 -0.00419396037
v 0.06749999 -0.00698298227 -0.00359499347
v 0.06636101 -0.00964999127 -0.00355899227
v 0.06751 -0.00697696221 -0.00280296747
v 0.06602299 -0.0104909502 -0.00275695221
v 0.06765198 -0.00701797009 -0.00123095447
v 0.06903499 -0.00364094922 -0.00284999573
v 0.06936496 -0.0026459691 -0.0012769688
v 0.06852596 -0.0050989981 -0.00125998162
v 0.06341797 -0.0103420013 -0.0169569792
v 0.06051295 -0.0127459717 -0.022684989
v 0.06319797 -0.00927096733 -0.0176109593
v 0.06341201 -0.0113679712 -0.0161979691
v 0.06165295 -0.0130579415 -0.019751959
v 0.06126797 -0.0133659815 -0.020525989
v 0.06126195 -0.0133709916 -0.020537969
v 0.06126099 -0.0133720016 -0.020540949
v 0.06126099 -0.0133720016 -0.020540949
v 0.06126099 -0.0133720016 -0.020540949
v 0.06126099 -0.0133720016 -0.020540949
v 0.06126099 -0.0133720016 -0.020540949
v 0.06126099 -0.0133720016 -0.020540949
v 0.06126099 -0.0133720016 -0.020540949
v 0.06126099 -0.0133720016 -0.020540949
v 0.06126099 -0.0133720016 -0.020540949
v 0.06126099 -0.0133720016 -0.020540949
v 0.06126099 -0.0133720016 -0.020540949
v 0.06125998 -0.0133720016 -0.020540949
v 0.06125897 -0.0133729516 -0.020543989
v 0.06125599 -0.0133749816 -0.020550959
v 0.06124699 -0.0133819516 -0.020567949
v 0.06122297 -0.0133999516 -0.020616939
v 0.06114399 -0.0134599816 -0.020776979
v 0.060413 -0.0139449817 -0.0222589889
v 0.06041699 -0.0115149617 -0.0230199591
v 0.06307899 0.0151079786 -0.0188849511
v 0.06043195 0.0158549482 -0.0239279812
v 0.06326997 0.0158929786 -0.0184839912
v 0.06048899 0.0167029482 -0.0237409413
v 0.06339895 0.0165449886 -0.0178859812
v 0.06045198 0.0174619482 -0.0234019713
v 0.063299 0.0172379587 -0.0173279613
v 0.06591296 0.015225939 -0.0127319611
v 0.06021296 0.0182109383 -0.0230579914
v 0.06009995 0.0182249482 -0.0232719714
v 0.057217 0.0181739878 -0.0289199914
v 0.05889695 0.0199859683 -0.0227549615
v 0.06316399 0.0199919891 -0.0117449715
v 0.05881094 0.0199859683 -0.0229319915
v 0.05295699 0.0199819775 -0.0333299615
v 0.05747896 0.0213339883 -0.0225299516
v 0.06117397 0.021338989 -0.0133779616
v 0.05513697 0.021331958 -0.0270469716
v 0.04915899 0.0253979481 -0.0254449819
v 0.05158096 0.0213299875 -0.0330089916
v 0.04463195 0.0213269468 -0.0428259916
v 0.05291199 0.0199819775 -0.0334009515
v 0.04598999 0.0199799467 -0.0432269515
v 0.04597795 0.0199799467 -0.0432419715
v 0.03830498 0.019978996 -0.0524669815
v 0.04935497 0.0148809467 -0.0442469711
v 0.05049097 0.0148779668 -0.0427269911
v 0.05253797 0.0164909871 -0.0384439812
v 0.052809 0.0161179871 -0.0383549912
v 0.05471998 0.0175459874 -0.0339509813
v 0.05483895 0.0175889675 -0.0337079713
v 0.05507999 0.0172089875 -0.0337049913
v 0.05528396 0.0168469475 -0.0336299513
v 0.05742394 0.0177909678 -0.0289949713
v 0.05756896 0.0174199878 -0.0290409913
v 0.05757194 0.0174119378 -0.0290420013
v 0.05768197 0.0170379778 -0.0290699613
v 0.05776399 0.0166539478 -0.0290829513
v 0.05545496 0.0164949775 -0.0335229612
v 0.05559897 0.0161329475 -0.0333999912
v 0.05328297 0.0154899871 -0.0379209512
v 0.05347895 0.0151779572 -0.0376690011
v 0.05118697 0.0139029568 -0.042180951
v 0.05305999 0.0157939671 -0.0381589512
v 0.05142295 0.0136729368 -0.041814981
v 0.051624 0.0133929769 -0.041457951
v 0.04948699 0.0113729766 -0.0456539909
v 0.04971599 0.0112089466 -0.0452249608
v 0.04786998 0.00788998233 -0.0486699906
v 0.04810094 0.00787895536 -0.0482429806
v 0.04735594 0.00563495926 -0.0494969404
v 0.04757797 0.00569694829 -0.0490989604
v 0.04718095 0.00318097625 -0.0496179402
v 0.04779899 -0.00139195063 -0.0480749599
v 0.04739195 0.00330197428 -0.0492519702
v 0.046965 0.00304698523 -0.0499599502
v 0.04760295 -0.00161898465 -0.0483739899
v 0.04758995 0.00337898331 -0.0488569703
v 0.04798799 -0.00115394861 -0.0477559499
v 0.04815995 -0.00091300358 -0.0474169799
v 0.04777795 0.00565695332 -0.0486849504
v 0.04829299 0.00772499639 -0.0478299806
v 0.04987299 0.0108939966 -0.0448649508
v 0.05174398 0.0129979769 -0.041180961
v 0.05372196 0.0143949872 -0.0372299511
v 0.05575698 0.0152959775 -0.0331659912
v 0.05363899 0.0148249772 -0.0374199711
v 0.055709 0.0157389575 -0.0332729812
v 0.05781698 0.0162409478 -0.0290789612
v 0.05782794 0.0157919478 -0.0290519512
v 0.05776494 0.0166429778 -0.0290829513
v 0.03689795 0.0213279661 -0.0520370016
v 0.03686499 0.0213559761 -0.0520269816
v 0.04126697 0.0213269465 -0.0470129816
v 0.03153198 0.0250259562 -0.0503949519
v 0.06179296 0.0213409591 -0.0113179616
v 0.047104 0.0295929893 -0.00935894423
v 0.04572796 0.0303119994 -0.00794697029
v 0.04811799 0.0289969992 -0.0106139722
v 0.04899895 0.028154959 -0.0135650021
v 0.04731696 0.0271799492 -0.0103709621
v 0.04816699 0.026360979 -0.013266982
v 0.04640597 0.0277199693 -0.00921696609
v 0.04489499 0.0285099694 -0.00765496615
v 0.06007498 0.019693969 -0.0130800015
v 0.05631798 0.0197209683 -0.0222109515
v 0.06065899 0.0196889592 -0.0111869515
v 0.06238496 0.019683 0.000529998514
v 0.061167 0.0192419791 -0.0113599815
v 0.06291598 0.01925098 0.000285998547
v 0.06141299 0.0189849691 -0.0114319914
v 0.06152099 0.0188609891 -0.0114609514
v 0.06316399 0.01900398 0.000183998565
v 0.06327199 0.018884 0.000135998574
v 0.06331199 0.01883697 0.000112998578
v 0.06332695 0.01881897 0.000101998579
v 0.06155997 0.0188129491 -0.0114709714
v 0.06157499 0.0187949491 -0.0114749614
v 0.06158095 0.0187869591 -0.0114769914
v 0.06158298 0.0187829691 -0.0114779414
v 0.06333297 0.01881098 9.69985798e-05
v 0.063335 0.01880794 9.399858e-05
v 0.063335 0.01880699 9.29985801e-05
v 0.06333595 0.01880598 9.19985802e-05
v 0.06158494 0.0187819591 -0.0114779414
v 0.06158494 0.0187809991 -0.0114779414
v 0.06158494 0.0187799891 -0.0114779414
v 0.06333696 0.01880496 9.19985803e-05
v 0.06158596 0.0187799891 -0.0114789614
v 0.06163597 0.0187809991 -0.0113019914
v 0.05738997 0.0187259883 -0.0223029814
v 0.058492 0.0171139783 -0.0227829813
v 0.05731898 0.0187249683 -0.0224489514
v 0.05156499 0.0186799675 -0.0326889714
v 0.05320495 0.0164319775 -0.0332389412
v 0.05153596 0.0186799675 -0.0327349914
v 0.044743 0.0186509368 -0.0423959414
v 0.05044496 0.0197549975 -0.0324959715
v 0.04355597 0.0197929668 -0.0421219415
v 0.05403095 0.019734968 -0.0265589915
v 0.04816299 0.0237079781 -0.0250380018
v 0.04014599 0.0198149565 -0.0463149515
v 0.04472196 0.0186509368 -0.0424229514
v 0.047827 0.0140729467 -0.0432350011
v 0.03719794 0.0186389561 -0.0514779614
v 0.04025995 0.0143299561 -0.0522809611
v 0.04037195 0.0140979761 -0.0523089711
v 0.04204297 0.00739699202 -0.0527399706
v 0.04206198 0.00712298902 -0.0527439705
v 0.02217298 0.00667398518 -0.0771179705
v 0.01441097 0.00626897113 -0.0909429705
v 0.02110898 0.000234994229 -0.076433
v 0.01450198 0.000302993402 -0.08739
v 0.01390796 -0.00161398057 -0.0870629499
v 0.01314496 0.00030799319 -0.09020596
v 0.007860958 0.000265992059 -0.105182
v 0.009044945 0.00578295301 -0.10581
v 0.04510796 0.00712698228 -0.0492339705
v 0.044806 0.00530498825 -0.0496839804
v 0.04524695 0.0077009753 -0.0489979906
v 0.04684996 0.0115039865 -0.0459739509
v 0.04543799 0.00765794132 -0.0487609506
v 0.04704099 0.0113719665 -0.0457729609
v 0.04498296 0.00531899527 -0.0494629704
v 0.04561299 0.00769096234 -0.0485139406
v 0.047221 0.0113319666 -0.0455279909
v 0.04514396 0.00538098428 -0.0492399904
v 0.04577499 0.00774597736 -0.0482699806
v 0.04738897 0.0113229666 -0.0452729409
v 0.04529297 0.0054569803 -0.0490219504
v 0.045928 0.00780695237 -0.0480259606
v 0.04607498 0.00786596139 -0.0477799706
v 0.04754799 0.0113239766 -0.0450139609
v 0.04543495 0.00553696932 -0.0488049904
v 0.04528599 0.00307195931 -0.0488709802
v 0.04556995 0.00561397833 -0.0485859504
v 0.045412 0.00315898233 -0.0486729702
v 0.04570299 0.00568294135 -0.0483589704
v 0.04583299 0.00572996937 -0.0481189404
v 0.04621696 0.00791096241 -0.0475279606
v 0.04553598 0.00324499234 -0.0484669802
v 0.04614597 -0.00121796454 -0.0469479499
v 0.04565799 0.00332295436 -0.0482489403
v 0.04624897 -0.00106096553 -0.0467679499
v 0.04576796 0.00337194937 -0.0480290003
v 0.04594898 0.00571596239 -0.0478769504
v 0.04633897 -0.000919003517 -0.0465899699
v 0.04634296 -0.000932003517 -0.0465819799
v 0.04634594 -0.000946003516 -0.0465739899
v 0.04593598 -0.00156796257 -0.0472709499
v 0.04583895 -0.00162798458 -0.0474109599
v 0.04593497 -0.00156998957 -0.0472709499
v 0.04592096 -0.00152796857 -0.0472949699
v 0.045928 -0.00151896757 -0.0472839399
v 0.04603898 -0.00137096956 -0.0471179399
v 0.04593497 -0.00157100257 -0.0472709499
v 0.04581296 -0.00165897958 -0.0474469599
v 0.04581099 -0.00166094658 -0.0474489899
v 0.04515397 0.0029829703 -0.0490649902
v 0.04577296 -0.00170296759 -0.0474999499
v 0.04568499 -0.00179595059 -0.0476159999
v 0.04564297 -0.0018369586 -0.0476709599
v 0.04501599 0.00289696028 -0.0492599602
v 0.04486596 0.00281494427 -0.0494579602
v 0.04470497 0.00275796225 -0.0496529902
v 0.04554694 -0.00191796161 -0.0477889699
v 0.04551094 -0.00194394861 -0.0478319499
v 0.04555195 -0.00191396761 -0.0477829499
v 0.04551595 -0.00197500261 -0.0478229499
v 0.04558199 -0.0018909606 -0.0477469499
v 0.045596 -0.0018789796 -0.0477289499
v 0.04551696 -0.00197595661 -0.0478209799
v 0.04551696 -0.00197595661 -0.0478209799
v 0.04545497 -0.00199795062 -0.0478949498
v 0.04542696 -0.00200194462 -0.0479289798
v 0.04545098 -0.00198096362 -0.0479019799
v 0.04545897 -0.00200194462 -0.0478899398
v 0.04551899 -0.00197798361 -0.0478179999
v 0.04543095 -0.00200796462 -0.0479219498
v 0.04546296 -0.00200695062 -0.0478839798
v 0.04543596 -0.00201499762 -0.0479149798
v 0.04552096 -0.00197995061 -0.0478149599
v 0.04546397 -0.00200999061 -0.0478819598
v 0.04546594 -0.00201297161 -0.0478789798
v 0.04541397 -0.00202197162 -0.0479389998
v 0.04552197 -0.00198197661 -0.0478139499
v 0.04565197 -0.0018839866 -0.0476529499
v 0.04552298 -0.00198400361 -0.0478119799
v 0.045524 -0.00198597061 -0.0478099499
v 0.04565298 -0.0018849996 -0.0476519399
v 0.04565298 -0.0018859536 -0.0476519399
v 0.04593598 -0.00157898957 -0.0472689799
v 0.04593598 -0.00158196957 -0.0472689799
v 0.04635298 -0.000974003515 -0.0465579599
v 0.04593598 -0.00157696357 -0.0472699899
v 0.04593598 -0.00157594957 -0.0472699899
v 0.04565197 -0.0018829736 -0.0476529499
v 0.04593497 -0.00157499657 -0.0472699899
v 0.04593497 -0.00157398257 -0.0472709499
v 0.04565197 -0.0018829736 -0.0476529499
v 0.04565197 -0.0018829736 -0.0476529499
v 0.04565197 -0.0018829736 -0.0476529499
v 0.04593497 -0.00157296957 -0.0472709499
v 0.04565197 -0.0018829736 -0.0476539699
v 0.04563999 -0.0018389856 -0.0476739999
v 0.04562497 -0.0018529926 -0.0476929499
v 0.04560995 -0.0018659866 -0.0477109499
v 0.04551798 -0.00197696961 -0.0478189499
v 0.04551798 -0.00197696961 -0.0478199699
v 0.04635494 -0.000981003515 -0.0465539599
v 0.04635697 -0.000988003514 -0.0465499699
v 0.04636096 -0.00100195751 -0.0465429999
v 0.045937 -0.00158399657 -0.0472679699
v 0.04593795 -0.00158995657 -0.0472649899
v 0.04565298 -0.0018869666 -0.0476509899
v 0.04552495 -0.00198799661 -0.0478079898
v 0.04565399 -0.0018909606 -0.0476489599
v 0.04552698 -0.00199395761 -0.0478039898
v 0.04565697 -0.0019009736 -0.0476439499
v 0.04543298 -0.00206899962 -0.0479039498
v 0.04594099 -0.00160396357 -0.0472589699
v 0.04596197 -0.00168794656 -0.0472119999
v 0.046368 -0.00102997151 -0.0465269599
v 0.04639697 -0.00114000151 -0.0464629499
v 0.04645794 -0.0013589885 -0.0463339599
v 0.04658395 -0.00178796348 -0.0460649699
v 0.04551398 -0.0024189976 -0.0477119598
v 0.04553097 -0.0024939806 -0.0476709598
v 0.04549294 -0.00233096161 -0.0477609598
v 0.04548996 -0.00231796861 -0.0477689498
v 0.04548799 -0.00231194761 -0.0477719898
v 0.04548799 -0.00230998161 -0.0477729998
v 0.04548799 -0.00230896761 -0.0477739498
v 0.04548496 -0.00229698761 -0.0477809898
v 0.04547798 -0.00226998661 -0.0477949898
v 0.04545795 -0.00217700361 -0.0478449398
v 0.04130899 -0.00228798696 -0.0524569698
v 0.04125398 -0.00262099896 -0.0524309798
v 0.04133599 -0.00212300196 -0.0524689498
v 0.04544198 -0.00210094762 -0.0478849998
v 0.04134899 -0.00204599296 -0.0524739598
v 0.041354 -0.00201195796 -0.0524759798
v 0.04541999 -0.00203299862 -0.0479289798
v 0.04541897 -0.00203097162 -0.0479299998
v 0.045421 -0.00203597862 -0.0479259398
v 0.04542595 -0.00204694562 -0.0479189698
v 0.04546695 -0.00201696461 -0.0478759998
v 0.04541599 -0.00202596462 -0.0479349398
v 0.04135698 -0.00199598396 -0.0524769998
v 0.04540896 -0.00201398462 -0.0479469798
v 0.04540497 -0.00200897762 -0.0479529498
v 0.04541099 -0.00201696462 -0.0479429898
v 0.045403 -0.00200796462 -0.0479539598
v 0.04540097 -0.00200599762 -0.0479569998
v 0.04135894 -0.00198895096 -0.0524769998
v 0.04539799 -0.00200397062 -0.0479609898
v 0.04539597 -0.00200295762 -0.0479639698
v 0.04540097 -0.00200099062 -0.0479589698
v 0.04540199 -0.00200099062 -0.0479569998
v 0.045421 -0.00199395762 -0.0479359598
v 0.04499095 -5.40036884e-05 -0.04885494
v 0.04136097 -0.00198096396 -0.0524769999
v 0.04113596 -0.00329399495 -0.0523749498
v 0.04555898 -0.00260395159 -0.0476069998
v 0.04563897 -0.00287396058 -0.0474329498
v 0.04554498 -0.0025489956 -0.0476389498
v 0.04553794 -0.0025199686 -0.0476559898
v 0.04553395 -0.0025039946 -0.0476649898
v 0.04553198 -0.0024969606 -0.0476689898
v 0.04553097 -0.0024949936 -0.0476699398
v 0.04553097 -0.0024939806 -0.0476709598
v 0.04553097 -0.0024939806 -0.0476709598
v 0.04553097 -0.0024939806 -0.0476709598
v 0.04553097 -0.0024939806 -0.0476709598
v 0.04553097 -0.0024939806 -0.0476709598
v 0.04553097 -0.0024939806 -0.0476709598
v 0.04553097 -0.0024939806 -0.0476699398
v 0.04553097 -0.0024939806 -0.0476699398
v 0.04553097 -0.0024939806 -0.0476699398
v 0.04553097 -0.0024939806 -0.0476699398
v 0.04553097 -0.0024939806 -0.0476699398
v 0.04553097 -0.0024939806 -0.0476699398
v 0.04553097 -0.0024939806 -0.0476699398
v 0.04577296 -0.00327694756 -0.0471519798
v 0.04593795 -0.00373900253 -0.0468089497
v 0.04628998 -0.00462395248 -0.0460889897
v 0.04685795 -0.00261694443 -0.0454939598
v 0.04747295 -0.00415998934 -0.0442409497
v 0.04889696 -0.00682896613 -0.0414039395
v 0.04661196 -0.00535595743 -0.0454369696
v 0.04816198 -0.0082059532 -0.0423639994
v 0.05167996 -0.0123869727 -0.0354789391
v 0.04646897 0.00783598045 -0.0470169706
v 0.04807597 0.0110609467 -0.0440039608
v 0.04641896 0.00789296244 -0.0471310006
v 0.04803794 0.0111639367 -0.0440989708
v 0.04635399 0.00791996343 -0.0472679706
v 0.04797995 0.0112359467 -0.0442259908
v 0.04989296 0.0133659769 -0.040447951
v 0.04784595 0.0113009766 -0.0444879509
v 0.04977899 0.0134799369 -0.040665981
v 0.04769998 0.0113209366 -0.0447520009
v 0.04965096 0.0135549869 -0.040892001
v 0.04951494 0.0136139869 -0.041116951
v 0.05171597 0.0149919872 -0.0367400011
v 0.05181598 0.0148759372 -0.0365789511
v 0.05160695 0.0150969572 -0.0368999811
v 0.053837 0.0158979775 -0.0324789812
v 0.05390298 0.0157549876 -0.0323959512
v 0.05599999 0.0163949679 -0.0281749912
v 0.05376398 0.0160349575 -0.0325589712
v 0.05596596 0.0165469579 -0.0281699812
v 0.05368196 0.0161669775 -0.0326349712
v 0.05592495 0.0166929879 -0.0281609813
v 0.05149197 0.0151969672 -0.0370559611
v 0.05359494 0.0162929775 -0.0327029812
v 0.05587798 0.0168319879 -0.0281479913
v 0.05350595 0.0164119575 -0.0327609712
v 0.05137097 0.0152979372 -0.0372029512
v 0.05124497 0.0154039772 -0.0373319912
v 0.04922294 0.0137319469 -0.041551941
v 0.04937195 0.0136699569 -0.041338981
v 0.04906398 0.0138159868 -0.041747981
v 0.04897499 0.0138829868 -0.041834951
v 0.05117696 0.0154679972 -0.0373849812
v 0.046938 0.0114239965 -0.0458939609
v 0.04890197 0.0139629768 -0.0418789911
v 0.04901897 0.0140669869 -0.0416429611
v 0.051126 0.0155269472 -0.0374049512
v 0.05582398 0.0169569779 -0.0281309413
v 0.05343097 0.0165059475 -0.0327879712
v 0.05577898 0.0170399479 -0.0281149713
v 0.055839 0.0169249679 -0.0281359513
v 0.05871599 0.0169689583 -0.0225009913
v 0.05872595 0.0168259683 -0.0226119713
v 0.05870199 0.0170449583 -0.0224449613
v 0.06163996 0.0161039787 -0.0169999512
v 0.06160497 0.0159859587 -0.0171889612
v 0.06164497 0.0161779487 -0.0169009512
v 0.06445997 0.0139189891 -0.0119029811
v 0.06669896 0.00989097241 -0.00787699275
v 0.064484 0.0139739491 -0.0117699511
v 0.06439197 0.0138479391 -0.012142001
v 0.06662297 0.00987797839 -0.00812196775
v 0.06430697 0.0137899491 -0.012377971
v 0.06421196 0.013730999 -0.012610971
v 0.06653398 0.00987499837 -0.00836098175
v 0.061553 0.0158719987 -0.0173799912
v 0.05872297 0.0166769583 -0.0227239713
v 0.06149095 0.0157559487 -0.0175679912
v 0.06141996 0.0156299387 -0.0177479912
v 0.05870997 0.0165219883 -0.0228319712
v 0.05868798 0.0163599783 -0.0229319912
v 0.05598795 0.0164549879 -0.0281739812
v 0.05866098 0.0161909983 -0.0230189512
v 0.05601894 0.0162839779 -0.0281769612
v 0.05602496 0.0162389779 -0.0281759512
v 0.05603897 0.0161099979 -0.0281729612
v 0.056041 0.0160819779 -0.0281719512
v 0.05395597 0.0156029376 -0.0323169812
v 0.05190098 0.0147369472 -0.0364269611
v 0.05397897 0.0154549376 -0.0322639912
v 0.05194699 0.0145619473 -0.0363219911
v 0.05193299 0.0146509973 -0.0363609711
v 0.04996299 0.013171967 -0.040284991
v 0.04993897 0.013277937 -0.040349961
v 0.06134694 0.0154829586 -0.0179100012
v 0.05863499 0.0160189783 -0.0230639512
v 0.06128597 0.0152959786 -0.0180119812
v 0.063901 0.013390949 -0.013208981
v 0.066082 0.0097319473 -0.00924998573
v 0.06400096 0.013560949 -0.013048941
v 0.06620699 0.00982594332 -0.00905096574
v 0.06410896 0.013659949 -0.012836991
v 0.06632596 0.00985997833 -0.00882595774
v 0.067276 0.00432896548 -0.00688999833
v 0.06643497 0.00987195835 -0.00859498975
v 0.067375 0.0042929635 -0.00667494532
v 0.06746298 0.00425499551 -0.00645798432
v 0.06676995 -0.00161296156 -0.00738799488
v 0.066684 -0.00152498457 -0.00758695588
v 0.06680697 -0.00165396955 -0.00729197188
v 0.06684595 -0.00169897054 -0.00718599487
v 0.066913 -0.00178295353 -0.00698095487
v 0.067541 0.00421696853 -0.00623697032
v 0.06696701 -0.00186294351 -0.00677198086
v 0.06760799 0.00418299355 -0.00601094932
v 0.06765496 0.00416898656 -0.00578695531
v 0.06746095 0.000714999553 -0.00591897905
v 0.06735998 0.00749099151 -0.00647395857
v 0.06786799 0.0075479739 -0.00135296557
v 0.06674796 0.00994598742 -0.00763297075
v 0.06450599 0.0140099491 -0.0116389911
v 0.06616699 0.0140379599 -0.00079600106
v 0.06448298 0.0140379591 -0.0116809611
v 0.06406897 0.0144829691 -0.0124159411
v 0.06162995 0.0162419587 -0.0168409912
v 0.05868196 0.0170939483 -0.0224139613
v 0.06333696 0.01880395 8.99985803e-05
v 0.06643396 0.0134019799 -0.000893001012
v 0.067074 0.0115369499 -0.00109994487
v 0.06767195 0.0089329479 -0.00128996367
v 0.06567299 0.00895798322 0.0162069693
v 0.06145697 0.0188259411 0.0151379686
v 0.05915099 0.00898999147 0.0327099493
v 0.06547999 -0.00188195578 0.0161769901
v 0.067474 -0.00190597709 -0.00124698786
v 0.06547397 -0.00188195578 0.0162000001
v 0.064727 -0.00424498179 0.0160169603
v 0.05897498 -0.00184994654 0.0326349701
v 0.05896997 -0.00184994654 0.0326460001
v 0.05829596 -0.00421297256 0.0322759703
v 0.04840695 -0.00181394446 0.0468309501
v 0.048554 0.00902498054 0.0469419893
v 0.048554 0.00902599354 0.0469419893
v 0.03257697 0.00906795646 0.0590829793
v 0.04544699 0.0188829833 0.0438899886
v 0.04513394 0.0193420033 0.0435849985
v 0.03071397 0.0189239942 0.0551299986
v 0.05512195 0.0188509823 0.0309949486
v 0.05535799 0.0188499623 0.0305759886
v 0.05474096 0.0193109523 0.0307779885
v 0.054295 0.0197309823 0.0305239485
v 0.06021797 0.0197079712 0.0161099985
v 0.05422198 0.0197309823 0.0306519785
v 0.04356497 0.0268059919 0.024559968
v 0.04476594 0.0197619733 0.0432259985
v 0.03483897 0.0275650025 0.0335409579
v 0.03675597 0.0197869538 0.0501629685
v 0.03634095 0.0197879638 0.0504619385
v 0.03618597 0.0197879638 0.0505719685
v 0.03612196 0.0197879638 0.0506179885
v 0.036107 0.0197889838 0.0506279385
v 0.03609997 0.0197889838 0.0506329485
v 0.03609699 0.0197889838 0.0506359885
v 0.03608596 0.0197889838 0.0506429585
v 0.03598797 0.0197889838 0.0507119785
v 0.03428494 0.0197929739 0.0518699785
v 0.03032797 0.0198009641 0.0542589985
v 0.03025698 0.0198009641 0.0542989885
v 0.02465897 0.0265899833 0.043993938
v 0.029715 0.0273289629 0.0388049379
v 0.02461397 0.0265809833 0.044039958
v 0.01908695 0.0256719537 0.0486449481
v 0.02503997 0.0283799734 0.0448029579
v 0.02508497 0.0283889734 0.0447569379
v 0.01942199 0.0274499637 0.0495009979
v 0.01578795 0.0280109637 0.0496169879
v 0.01275396 0.0292209936 0.0478619878
v 0.01551795 0.0262199637 0.048765948
v 0.01254099 0.0274019836 0.0470589879
v 0.01089894 0.0287909533 0.0441409878
v 0.01107698 0.0306439934 0.0448639877
v 0.01097798 0.0300179731 0.0407399477
v 0.01114898 0.0319049931 0.0413749776
v 0.01115095 0.030167993 0.0402419477
v 0.01543295 0.0312349727 0.0351419976
v 0.009036958 0.0301719931 0.0407559777
v 0.01330494 0.0198419646 0.0606389585
v 0.007012963 0.0327979924 0.0313459575
v -0.003008961 0.0301929731 0.0415729777
v -0.003187954 0.0301259732 0.0417559677
v -0.002823948 0.0302609831 0.0413839777
v 0.004522979 0.0323369526 0.0338889876
v -0.002866983 0.0321539632 0.0420229976
v -0.003071963 0.0320769532 0.0422339976
v 0.004582941 0.0342849426 0.0343439474
v 0.007102966 0.0347569524 0.0317489474
v 0.009180963 0.0320559731 0.0414059676
v 0.01212799 0.035396992 0.0265749573
v 0.01198399 0.033422942 0.0262609675
v 0.013978 0.0355419519 0.0246699973
v 0.01845699 0.0335309525 0.0327669875
v 0.01970195 0.0357229714 0.0187829673
v 0.02604198 0.0339329819 0.0249589574
v 0.02461194 0.035564001 0.0137359373
v 0.01947796 0.0337469514 0.0185699975
v 0.02568799 0.0319939819 0.0246199876
v 0.01381498 0.0335659918 0.0243849675
v 0.02432698 0.033589951 0.0135769775
v 0.032103 0.0316709814 0.0180149576
v 0.02598798 0.0334699709 0.0118649575
v 0.03064996 0.0329229805 0.00705599451
v 0.02629798 0.0354409809 0.0120049673
v 0.03143298 0.0325939608 0.0101629375
v 0.03463798 0.0319289507 0.00915896559
v 0.04515796 0.0287729504 0.00586896883
v 0.039496 0.0304699508 0.0104779577
v 0.04139798 0.0299269507 0.00946598974
v 0.03592699 0.0311729911 0.0140719976
v 0.03645098 0.0330929711 0.0142769775
v 0.04009497 0.0323709808 0.0106369776
v 0.03255599 0.0336029514 0.0182689975
v 0.03125095 0.0337199515 0.0196089675
v 0.03081899 0.0317849515 0.0193379476
v 0.04204398 0.0318129607 0.0096129746
v 0.03511595 0.0338670007 0.00928598344
v 0.03202897 0.0345119808 0.0102379874
v 0.04587596 0.0306369605 0.00597095169
v 0.04899895 0.0293669704 0.00500696578
v 0.04528295 0.0306429807 0.00939595369
v 0.04552596 0.0305429607 0.00944596269
v 0.04856795 0.0291129908 0.0110479478
v 0.04479199 0.0286899807 0.00929295783
v 0.04457396 0.0287799807 0.00924795583
v 0.047755 0.0272959408 0.0108619879
v 0.04931396 0.026311991 0.013143948
v 0.04953598 0.026119941 0.013794948
v 0.04951399 0.0255810013 0.0173749881
v 0.050399 0.0279079611 0.0140349779
v 0.05017 0.028104961 0.0133739679
v 0.05038297 0.0273569813 0.0176809979
v 0.04583495 0.0283209618 0.0234239579
v 0.04505497 0.0265239417 0.023024968
v 0.04431396 0.0286099919 0.0249849478
v 0.04064297 0.0291180022 0.0287529778
v 0.05518198 0.0213979424 0.0311969484
v 0.05525696 0.0213979423 0.0310659984
v 0.04556095 0.0214290033 0.0439949584
v 0.03740799 0.0214509939 0.0510549484
v 0.035429 0.0293899726 0.0341099478
v 0.03022098 0.029146963 0.0394669678
v 0.03698498 0.0214519539 0.0513589884
v 0.03682798 0.0214519539 0.0514709884
v 0.03676199 0.0214519539 0.0515169484
v 0.03674697 0.0214529639 0.0515279684
v 0.03674 0.0214529639 0.0515329784
v 0.03673696 0.0214529639 0.0515349484
v 0.03672599 0.0214529639 0.0515429884
v 0.03662699 0.0214529639 0.0516129684
v 0.03489297 0.021456954 0.0527919484
v 0.03086596 0.0214650042 0.0552249484
v 0.03079396 0.0214650042 0.0552649384
v 0.01353996 0.0215100047 0.0617129784
v 0.05651295 0.0200549924 0.0317819685
v 0.06128495 0.0213759512 0.0163969884
v 0.06136298 0.0213759512 0.0161059384
v 0.062761 0.0200299612 0.0164789485
v 0.063488 0.02134996 0.000539998388
v 0.06493699 0.02000296 9.39984898e-05
v 0.06322097 0.0199929391 -0.0115439815
v 0.05675595 0.0200539824 0.0313489985
v 0.03996199 0.0273009521 0.0282699979
v 0.03119498 0.0348590005 0.00697499237
v 0.03522497 0.0340789502 0.00283693943
v 0.04399096 0.0311379995 -0.00616395635
v 0.034756 0.0321349502 0.00281995257
v 0.04330497 0.0292659895 -0.00601095121
v 0.04806596 0.0275929504 0.00495999792
v 0.01819795 0.0316019624 0.0323079776
v 0.020554 0.0318159423 0.0298929776
v 0.02084195 0.0337509523 0.0303099675
v 0.01565796 0.0331539527 0.0356539375
v 0.011316 0.0320519831 0.0408869876
v -0.003237962 0.0320149632 0.0424049376
v -0.004919946 0.0215370048 0.0629369584
v -0.006498992 0.0306359535 0.0457649777
v -0.01067298 0.0290179837 0.0488029678
v -0.006393969 0.0287819534 0.0450259978
v -0.01049298 0.0272039736 0.0479799479
v -0.01313698 0.0268779936 0.048040978
v -0.01554 0.0270449535 0.046946998
v -0.01336395 0.0286849737 0.0488699578
v -0.01580697 0.0288549636 0.0477549978
v -0.01749795 0.0294669835 0.0457349978
v -0.01720499 0.0276429634 0.0449709779
v -0.017672 0.0295940034 0.0453629378
v -0.01814496 0.0303539633 0.0432559777
v -0.02293998 0.0215689544 0.0587509784
v -0.02322298 0.0215689544 0.0586389784
v -0.03898596 0.0215809937 0.0495469484
v -0.03928297 0.0215819437 0.0493109784
v -0.02979695 0.0297999929 0.0378979978
v -0.03077197 0.0294829629 0.0380379478
v -0.03404098 0.0287609628 0.0372939678
v -0.03541195 0.0286749627 0.0362489778
v -0.03346395 0.0269539928 0.036661978
v -0.03481096 0.0268689927 0.035633978
v -0.03581398 0.0269899926 0.034258958
v -0.03643095 0.0287979826 0.0348489778
v -0.03648197 0.0277479823 0.0310489479
v -0.05078595 0.0199089627 0.0354669585
v -0.05079096 0.0199079527 0.0354659485
v -0.04506796 0.0199109932 0.0424909485
v -0.05079698 0.0199059827 0.0354649985
v -0.05587899 0.0199259519 0.0248129885
v -0.05588495 0.0199210019 0.0248139485
v -0.05589896 0.0199109919 0.0248169785
v -0.05592697 0.0198899519 0.0248239585
v -0.05080896 0.0198989527 0.0354639785
v -0.05083698 0.0198829727 0.0354629685
v -0.05090296 0.0198409527 0.0354699385
v -0.05105495 0.0197289527 0.0354989685
v -0.05598896 0.0198429819 0.0248399885
v -0.05612897 0.0197259719 0.0248809985
v -0.05641394 0.0194649619 0.0249679585
v -0.05667299 0.0191989519 0.0250519486
v -0.05135995 0.0194769527 0.0355679885
v -0.05163598 0.0192199927 0.0356289685
v -0.05175197 0.0191019727 0.0356489986
v -0.05677598 0.0190819519 0.0250879486
v -0.05179595 0.0190599527 0.0356499486
v -0.05681198 0.0190389719 0.0250999886
v -0.05181294 0.0190439827 0.0356479786
v -0.05682396 0.0190230019 0.0251049886
v -0.05683296 0.0190109619 0.0251069586
v -0.04018896 0.0202369638 0.0504459685
v -0.01773595 0.0313169931 0.0407749976
v -0.01784896 0.0285079432 0.0425519878
v -0.01745599 0.029446003 0.0401329878
v -0.01737695 0.0277659834 0.0446079879
v -0.01630097 0.0302109729 0.0383019977
v -0.016065 0.0303169429 0.0380609577
v -0.01395195 0.0311959927 0.0359009476
v -0.01631295 0.0322109429 0.0386469876
v -0.01244497 0.0317489526 0.0343599876
v -0.005087971 0.033689972 0.0268369875
v -0.01261997 0.0336809726 0.0348449875
v -0.005147993 0.035667952 0.0271489573
v -0.004832983 0.0198689647 0.0618379685
v 0.01315498 0.0198429846 0.0606709685
v -0.005058944 0.0198689647 0.0618189485
v -0.005139946 0.0189909947 0.0627689886
v 0.012878 0.0189650047 0.0617049886
v 0.01335197 0.0189639947 0.0616059786
v 0.01373797 0.00910699798 0.0659899693
v -0.006298959 0.00914198606 0.0670549793
v 0.01368695 -0.00166797103 0.0658389901
v 0.013749 -0.00166797103 0.0658259901
v -0.006203949 -0.00162398295 0.0669119901
v -0.005984961 -0.0134509753 0.061901981
v -0.006300985 -0.00162398295 0.0669029901
v -0.02560096 -0.00160794931 0.0620889601
v -0.02394497 -0.0134259357 0.057359991
v -0.02571696 -0.00160794932 0.0620409801
v -0.04273098 -0.00161498309 0.0517789701
v -0.03977894 -0.0134069864 0.047737001
v -0.02876394 -0.0134189658 0.055094001
v -0.02961295 -0.0142309557 0.0567119711
v -0.02465295 -0.0142359655 0.0590459711
v -0.04095 -0.0142219563 0.0491389611
v -0.04398 -0.00200694298 0.0532919702
v -0.02634894 -0.00202196318 0.0638979602
v -0.01426595 -0.0142489553 0.0623929511
v -0.006166994 -0.0142609352 0.0637219511
v -0.01385498 -0.0134399454 0.060610941
v -0.006389975 -0.0020489638 0.0688599902
v 0.002017974 -0.0142739952 0.0640040011
v 0.001965999 -0.0134639653 0.062177001
v 0.01407897 -0.00208395188 0.0677570102
v 0.01414197 -0.00208395189 0.0677439502
v 0.03247594 -0.00173496755 0.0589450001
v 0.03050094 0.0189239942 0.0552469386
v 0.02316099 0.0198179444 0.0576479985
v 0.06029498 0.0197079712 0.0158249685
v 0.06121599 0.0188269612 0.0160709586
v 0.06670296 -0.00427597709 -0.00118899268
v 0.06574195 -0.00638699509 -0.00119095952
v 0.06698095 -0.0036119811 -0.00127494273
v 0.06722199 -0.0029279581 -0.00136494578
v 0.06740599 -0.0022349951 -0.00126296183
v 0.06712096 -0.00306195021 -0.00277495277
v 0.06689095 -0.00360995525 -0.00337296673
v 0.06580996 -0.00640195621 -0.00275999252
v 0.06559598 -0.00634896733 -0.00433999252
v 0.06420499 -0.00965595221 -0.00271999727
v 0.063883 -0.0104709801 -0.00113296421
v 0.064812 -0.0081599953 -0.00391894438
v 0.06453299 -0.00904297809 -0.00115799832
v 0.067855 0.000758999898 -0.00135499206
v 0.06333696 0.01880395 8.99985803e-05
v 0.06333696 0.01880395 8.99985803e-05
v 0.06333696 0.01880395 8.99985803e-05
v 0.06333696 0.01880395 8.99985803e-05
v 0.06333696 0.01880395 8.99985803e-05
v 0.06333696 0.01880395 8.99985803e-05
v 0.06333798 0.01880395 9.09985803e-05
v 0.06333798 0.01880395 9.09985803e-05
v 0.06333798 0.01880395 9.09985803e-05
v 0.06333798 0.01880395 9.09985803e-05
v 0.06658697 -0.00143498159 -0.00778198189
v 0.06716597 0.00435697946 -0.00710397933
v 0.06648099 -0.0013509986 -0.0079589479
v 0.06704396 0.00436198645 -0.00730198633
v 0.05594694 0.0166199779 -0.0281659913
v 0.05589699 0.0167779879 -0.0281530013
v 0.06238496 0.01968395 0.000529998514
v 0.06238496 0.01968395 0.000529998514
v 0.06238496 0.01968395 0.000529998514
v 0.06238496 0.01968395 0.000529998514
v 0.06238496 0.01968395 0.000529998514
v 0.06238496 0.019683 0.000529998514
v 0.06238496 0.019683 0.000529998514
v 0.06238496 0.019683 0.000529998514
v 0.06238496 0.019683 0.000529998514
v 0.06238496 0.019683 0.000529998514
v 0.04742199 0.0261599988 -0.016309972
v 0.04824995 0.0279469387 -0.0166549621
v 0.04526597 0.0266849886 -0.018543002
v 0.04605197 0.0284869586 -0.0189110022
v 0.04240494 0.0277039985 -0.0193649521
v 0.04312294 0.0295349885 -0.0197289522
v 0.04143399 0.0280889785 -0.0193079721
v 0.03957498 0.0288699786 -0.0187149622
v 0.03735595 0.0299119887 -0.0168329423
v 0.04021799 0.0307339986 -0.0190529823
v 0.03793299 0.0318029487 -0.0171339524
v 0.04225397 0.0298789685 -0.0196819923
v 0.029199 0.0349329694 -0.00817197764
v 0.02884298 0.0329709594 -0.00802195249
v 0.066275 0.0148169891 -0.0121109411
v -0.03623896 0.0305659722 0.0289209377
v -0.03564697 0.0287109621 0.0284649678
v 0.000539 0.0353719506 0.00803094833
v -0.05000698 -0.00162797762 0.0447799501
v -0.06523597 0.0071179867 0.00930195946
v -0.06650996 0.00665599062 -0.0050729515
v -0.06650996 0.00665599062 -0.0050899985
v -0.06628096 -0.00185495637 -0.00494199886
v -0.06628596 -0.00185495638 -0.00503295586
v -0.06496095 -0.00174194428 0.00947499213
v -0.06468796 -0.00306099529 0.00934994223
v -0.06599098 -0.00304496238 -0.00509095077
v -0.06422495 -0.00441199431 0.00919598333
v -0.065485 -0.00439596139 -0.00515699267
v -0.06422197 -0.00742596341 -0.00539094144
v -0.06567597 -0.00437295547 -0.0195289797
v -0.06617099 -0.00318098148 -0.0195379798
v -0.06561499 -0.00450694647 -0.0195329697
v -0.065373 -0.00510799939 -0.0183689496
v -0.06607496 -0.00318497569 -0.0223559698
v -0.06743597 -0.00533294748 -0.0195849496
v -0.06805598 -0.00384694448 -0.0195929997
v -0.06719595 -0.00592798039 -0.0184079996
v -0.06795901 -0.00385099769 -0.0224279697
v -0.06816196 -0.00298094882 -0.0240749698
v -0.06818896 -0.00282794384 -0.0243629798
v -0.066235 -0.00245499781 -0.0239869898
v -0.06623595 -0.00244796381 -0.0240049898
v -0.06620198 -0.00263297678 -0.0235819798
v -0.066356 -0.00261497548 -0.0195439998
v -0.066163 -0.00281697675 -0.0231739798
v -0.06611996 -0.00300294272 -0.0227769598
v -0.066298 -0.00280195548 -0.0195419698
v -0.06623798 -0.00298595548 -0.0195399498
v -0.06622695 -0.00301897648 -0.0195399498
v -0.06641095 -0.00242698248 -0.0195449498
v -0.06643396 -0.00234395348 -0.0195459698
v -0.06617599 -0.00237196638 -0.00506198382
v -0.06646198 -0.00223696348 -0.0195459698
v -0.06651395 -0.00204599048 -0.0195479898
v -0.06626498 -0.00226199784 -0.0244139998
v -0.06629496 -0.00208097787 -0.0247579798
v -0.06626296 -0.00227296484 -0.0243959998
v -0.06819999 -0.00276297485 -0.0244879698
v -0.06625795 -0.00229895284 -0.0243549898
v -0.06819599 -0.00278395585 -0.0244459498
v -0.066253 -0.00233399983 -0.0242729698
v -0.06823396 -0.00255298788 -0.0249049598
v -0.06828498 -0.00206697094 -0.0257029498
v -0.066298 -0.00205797087 -0.0248089998
v -0.06630897 -0.0019279729 -0.0252059599
v -0.06655198 -0.00189799148 -0.0195479899
v -0.06630796 -0.00190895891 -0.0253089599
v -0.066307 -0.00190198591 -0.0253589699
v -0.06655496 -0.00188499748 -0.0195479899
v -0.06655496 -0.00188398448 -0.0195479899
v -0.06655496 -0.00188595148 -0.0195479899
v -0.06628 -0.00190597738 -0.00503998886
v -0.06628197 -0.00189596438 -0.00503998886
v -0.06625795 -0.00201499438 -0.00504696285
v -0.066536 -0.00196099348 -0.0195479899
v -0.06628197 -0.00189197038 -0.00503897586
v -0.06628298 -0.00188696338 -0.00503897586
v -0.06655597 -0.00188297148 -0.0195479899
v -0.06655597 -0.00188297148 -0.0195469799
v -0.06655597 -0.00188297148 -0.0195469799
v -0.06655597 -0.00188398448 -0.0195469799
v -0.066284 -0.00188297038 -0.00503796286
v -0.066284 -0.00187999038 -0.00503796286
v -0.06628495 -0.00187599638 -0.00503694986
v -0.06655597 -0.00188499748 -0.0195469799
v -0.06628495 -0.00187295638 -0.00503694986
v -0.06628495 -0.00186997638 -0.00503599586
v -0.06655597 -0.00188696448 -0.0195469799
v -0.06655496 -0.00188797848 -0.0195469799
v -0.06655496 -0.00188994548 -0.0195469799
v -0.06655496 -0.00189095848 -0.0195469799
v -0.06628596 -0.00186896338 -0.00503599586
v -0.06628596 -0.00186699638 -0.00503599586
v -0.06628596 -0.00186598338 -0.00503599586
v -0.06628596 -0.00186496938 -0.00503498286
v -0.06655496 -0.00189197148 -0.0195469799
v -0.06655496 -0.00189197148 -0.0195469799
v -0.06655496 -0.00189197148 -0.0195469799
v -0.06655496 -0.00189197148 -0.0195469799
v -0.06630396 -0.00189596592 -0.0254329999
v -0.06630498 -0.00189799192 -0.0254079599
v -0.06630295 -0.00189495192 -0.0254559499
v -0.06629896 -0.00189399893 -0.0255289599
v -0.06655496 -0.00189298448 -0.0195469799
v -0.066298 -0.00189495193 -0.0255519699
v -0.066554 -0.00189894548 -0.0195469799
v -0.06629496 -0.00189799193 -0.0255989999
v -0.06655198 -0.00190997248 -0.0195459699
v -0.06627696 -0.00102895606 -0.0273179999
v -0.068268 -0.00119197507 -0.0274249899
v -0.06624996 -0.000169002192 -0.02903896
v -0.066208 0.000682997678 -0.0307589701
v -0.06824195 -0.000311002201 -0.02914798
v -0.06820195 0.000571997669 -0.030873
v -0.06814199 0.00145798654 -0.0325989701
v -0.06805896 0.00233894241 -0.0343269702
v -0.06614595 0.00152998855 -0.0324800001
v -0.06606298 0.00236797042 -0.0342019702
v -0.06600499 0.00250798135 -0.0351449802
v -0.06800097 0.00248795434 -0.0352720002
v -0.06594395 0.00221097128 -0.0360469802
v -0.065885 0.00153499523 -0.0367089501
v -0.06793999 0.00217699727 -0.0361749502
v -0.06787997 0.00146996622 -0.0368369801
v -0.06782299 0.000534997199 -0.03709596
v -0.06777298 -0.000418002785 -0.03689295
v -0.06582999 0.000642997209 -0.03696894
v -0.06578296 -0.000263002776 -0.03676694
v -0.06575995 -0.000969002729 -0.0361449699
v -0.06774598 -0.00116896874 -0.0362719799
v -0.06577301 -0.0018269436 -0.0344299599
v -0.06483095 -0.00173294862 -0.0478949499
v -0.06775295 -0.00207895261 -0.0345599598
v -0.06577497 -0.00209897954 -0.0336129598
v -0.06575596 -0.00229394651 -0.0331969798
v -0.067721 -0.00254297455 -0.0337399798
v -0.06769597 -0.00276094852 -0.0333229798
v -0.06769597 -0.00276196252 -0.0333209598
v -0.06769597 -0.00276196252 -0.0333209598
v -0.06575596 -0.00229495951 -0.0331949498
v -0.06575596 -0.00229495951 -0.0331949498
v -0.06575596 -0.00229597251 -0.0331919698
v -0.065755 -0.00229895351 -0.0331869698
v -0.06769597 -0.00276297552 -0.0333179798
v -0.06769597 -0.00276595552 -0.0333129698
v -0.06769496 -0.00277197551 -0.0333009898
v -0.065755 -0.0023049735 -0.0331749898
v -0.06769299 -0.00278794951 -0.0332709498
v -0.06768798 -0.00283396451 -0.0331839898
v -0.06575196 -0.0023219605 -0.0331449498
v -0.06574898 -0.0023589755 -0.0330579798
v -0.065737 -0.00247794547 -0.0327819498
v -0.065629 -0.00319695635 -0.0311329898
v -0.06766897 -0.00298094948 -0.0329069398
v -0.06751096 -0.00386297936 -0.0312489797
v -0.06543195 -0.00976997749 -0.0196819893
v -0.06630295 -0.00388598762 -0.0480089697
v -0.06516796 -0.00651300262 -0.0479759495
v -0.06679195 -0.00209796763 -0.0480419898
v -0.06699198 0.00572597535 -0.0483149804
v -0.06463396 -0.00213796477 -0.0764109998
v -0.06463396 -0.00213796477 -0.0764169598
v -0.06329995 -0.00652099176 -0.0763539595
v -0.06329995 -0.00652099176 -0.0763529495
v -0.06142896 -0.00582099476 -0.0762449996
v -0.063349 -0.00569099461 -0.0478399896
v -0.06442195 -0.00321996561 -0.0478679498
v -0.06409096 -0.00568700086 -0.0378299896
v -0.06590896 -0.00650894887 -0.0379619495
v -0.06317895 -0.00904399316 -0.0285999693
v -0.06166696 -0.0132519615 -0.019720969
v -0.06499898 -0.00986600117 -0.0287019593
v -0.06348997 -0.0140739615 -0.0197759789
v -0.06354695 -0.0142429404 -0.00578099292
v -0.06170195 -0.0134709404 -0.00581794798
v -0.06354498 -0.0142419904 -0.00566494292
v -0.06605696 -0.00820195639 -0.00516295338
v -0.06259596 -0.0142179694 0.00824099807
v -0.06257498 -0.0142179694 0.00840294407
v -0.06075197 -0.0134809594 0.00800496402
v -0.06076395 -0.0134809594 0.00790900002
v -0.064875 -0.0081829413 0.00927197962
v -0.059623 -0.0142099783 0.0220359511
v -0.06688797 -0.00202196724 0.0100100002
v -0.06826597 -0.00203996836 -0.00476097985
v -0.06621098 -0.00821894516 -0.0153099794
v -0.06624799 -0.00813597516 -0.0153349594
v -0.06571096 -0.00934094216 -0.0153189793
v -0.06388396 -0.00852596816 -0.0153009794
v -0.06524896 -0.0103559412 -0.0160229792
v -0.06510299 -0.0106609413 -0.0165979792
v -0.06342297 -0.00953996221 -0.0159969893
v -0.06327795 -0.00984394625 -0.0165659693
v -0.06321901 -0.0099469433 -0.0172179892
v -0.06337195 -0.00954598239 -0.0184599693
v -0.06504398 -0.0107659613 -0.0172549392
v -0.06519496 -0.0103669714 -0.0185059892
v -0.06360995 -0.00894898248 -0.0196279793
v -0.06438601 -0.00740099015 -0.0152969894
v -0.06442099 -0.00732100116 -0.0153219594
v -0.06466495 -0.00676995618 -0.0156039495
v -0.066491 -0.00758499018 -0.0156179594
v -0.06486195 -0.00632095421 -0.0160529595
v -0.066688 -0.00713700121 -0.0160699395
v -0.06512498 -0.0057039863 -0.0172049896
v -0.066949 -0.0065239673 -0.0172309795
v -0.06854599 -0.00205898348 -0.0196039598
v -0.06170296 -0.0134709404 -0.00585394898
v -0.06254398 -0.00217700791 -0.104784
v -0.064839 0.00480794321 -0.0766269504
v -0.06646198 0.00549596082 -0.0553119704
v -0.063802 0.00436895315 -0.0907529503
v -0.06279599 0.00394999108 -0.104939
v -0.061387 0.00337695048 -0.126147
v -0.06495696 0.0120319658 -0.0558539609
v -0.06540197 0.0124419863 -0.0488699609
v -0.06578397 0.0114869363 -0.0487470009
v -0.06170898 0.0179709662 -0.0500049514
v -0.06198495 0.0185569468 -0.0424589514
v -0.06201595 0.0186309769 -0.0415159414
v -0.06202 0.0186399769 -0.0413990014
v -0.06202095 0.0186409869 -0.0413839814
v -0.06202095 0.0186409869 -0.0413799814
v -0.06202095 0.0186409869 -0.0413799814
v -0.06202095 0.0186409869 -0.0413789714
v -0.06202095 0.0186419369 -0.0413729514
v -0.06202095 0.0186429569 -0.0413599614
v -0.06202298 0.0186479569 -0.0412979714
v -0.062029 0.0186619669 -0.0411189714
v -0.06207299 0.018771997 -0.0397019914
v -0.06218296 0.0191099573 -0.0353869714
v -0.06226199 0.0196619579 -0.0282889615
v -0.06226098 0.0197059479 -0.0277179415
v -0.06226098 0.0197109479 -0.0276529715
v -0.06226098 0.0197119679 -0.0276449915
v -0.06226098 0.0197119679 -0.0276429615
v -0.06226098 0.0197119679 -0.0276429615
v -0.06226098 0.0197119679 -0.0276429615
v -0.06226098 0.0197119679 -0.0276399815
v -0.06226098 0.0197129779 -0.0276329515
v -0.06226098 0.0197169679 -0.0275859815
v -0.06225997 0.0197309779 -0.0273999515
v -0.06793498 0.00629597643 -0.0339989605
v -0.06807398 0.00638794562 -0.0315879505
v -0.06812196 0.00641995368 -0.0307229705
v -0.06814199 0.00643199371 -0.0303759505
v -0.06814998 0.00643694172 -0.0302229505
v -0.06815397 0.00643998072 -0.0301519605
v -0.068156 0.00644099473 -0.0301179805
v -0.06815695 0.00644194773 -0.0301010005
v -0.06815695 0.00644194773 -0.0300929505
v -0.06815695 0.00644194773 -0.0300889605
v -0.06815797 0.00644194773 -0.0300869905
v -0.06815797 0.00644194773 -0.0300849605
v -0.06835699 0.00656294601 -0.0263029905
v -0.062662 -0.00183398076 -0.0762810099
v -0.06665897 0.00646298952 -0.0196039605
v -0.06655198 -0.00190794548 -0.0195459699
v -0.06655299 -0.00190395248 -0.0195459699
v -0.06628596 -0.00185698238 -0.00503295586
v -0.06628596 -0.00185799538 -0.00503396886
v -0.06628596 -0.00186198938 -0.00503498286
v -0.066554 -0.00189697848 -0.0195469799
v -0.06655496 -0.00189399848 -0.0195469799
v -0.06637001 0.00636094602 -0.0261979605
v -0.06489598 0.0130809485 -0.020181951
v -0.06617099 0.00624799474 -0.0299689705
v -0.06616997 0.00624799474 -0.0299719505
v -0.06616997 0.00624799474 -0.0299729705
v -0.06616997 0.00624799474 -0.0299769605
v -0.06616997 0.00624799474 -0.0299859605
v -0.06616896 0.00624698173 -0.0300019905
v -0.06616699 0.00624596773 -0.0300359705
v -0.066163 0.00624394173 -0.0301069605
v -0.06615495 0.00623899372 -0.0302589505
v -0.06613498 0.00622695369 -0.0306059705
v -0.066087 0.00619798562 -0.0314689805
v -0.06594699 0.00611197644 -0.0338749805
v -0.06630599 -0.00189995892 -0.0253839399
v -0.06655496 -0.00189095848 -0.0195469799
v -0.04008096 0.0245389827 -0.0967269519
v -0.02890795 0.0257179625 -0.0991680019
v -0.03778594 0.0282609952 -0.0635499921
v -0.04160797 0.0214009702 -0.129903002
v -0.03169494 0.0224619401 -0.131525902
v -0.03258895 0.0205899276 -0.164122902
v -0.02157199 0.02238499 -0.133105002
v -0.02307999 0.0205069575 -0.164994002
v -0.01764595 0.0256249823 -0.101498002
v -0.01139098 0.0294839647 -0.0703639922
v -0.006463944 0.0240989822 -0.103673002
v -0.02466696 0.0296039449 -0.0669989522
v -0.002144992 0.033564977 -0.0400819725
v -0.02114099 0.0321159864 -0.0474799824
v -0.02016896 0.0320889864 -0.0482819624
v -0.02412098 0.0322139766 -0.0444259624
v -0.02798497 0.0322029469 -0.0404659524
v -0.02393299 0.0302339667 -0.0442090023
v -0.02111399 0.0301399764 -0.0471349923
v -0.02773195 0.030228967 -0.0402649623
v -0.020042 0.0301059364 -0.0480509923
v -0.01749598 0.0301369963 -0.0489969823
v -0.01480698 0.0302849963 -0.0486939523
v -0.01759099 0.0321199763 -0.0492369524
v -0.01487594 0.0322689963 -0.0489400024
v -0.01257997 0.0325189764 -0.0474919625
v -0.01117098 0.0328479966 -0.0451659525
v -0.01252996 0.0305359864 -0.0472399523
v -0.01112794 0.0308649466 -0.0449129923
v -0.01088297 0.0312119668 -0.0422189824
v -0.01093298 0.0331959668 -0.0424689625
v -0.03185099 0.0320209772 -0.0365059924
v -0.03449296 0.0317839874 -0.0338019724
v -0.02832698 0.0206979376 -0.164514002
v -0.01341098 0.0192109775 -0.165877901
v -0.05736297 0.0108969603 -0.260980001
v -0.05699199 0.0160469796 -0.270432001
v -0.04152995 0.017591925 -0.331453001
v -0.04346096 0.0170999449 -0.332142001
v -0.04172295 0.017028955 -0.331154001
v -0.04406499 0.016576975 -0.331104001
v -0.04231494 0.0165049751 -0.330137001
v -0.04536497 0.0163259252 -0.328696001
v -0.04358994 0.0162539153 -0.327776001
v -0.04659795 0.0162729354 -0.326240001
v -0.04479897 0.0162009254 -0.325369001
v -0.04776298 0.0162799656 -0.323749001
v -0.04594099 0.0162079656 -0.322927001
v -0.04885995 0.0162889657 -0.321228001
v -0.04701596 0.0162169658 -0.320455001
v -0.04988998 0.0162259659 -0.318680001
v -0.04802596 0.016153966 -0.317957001
v -0.05085295 0.0159699661 -0.316118001
v -0.05085396 0.0159729461 -0.316117001
v -0.04897099 0.0158979562 -0.315446001
v -0.04897099 0.0159009362 -0.315445001
v -0.04897195 0.0159039162 -0.315442001
v -0.05085396 0.0159749661 -0.316114001
v -0.04897499 0.0159069562 -0.315432001
v -0.05085796 0.0159789661 -0.316103001
v -0.04898095 0.0159099362 -0.315415001
v -0.04898697 0.0159119662 -0.315398001
v -0.05086398 0.0159819461 -0.316086001
v -0.05087 0.0159839661 -0.316069001
v -0.05087596 0.0159849261 -0.316051001
v -0.050879 0.0159859361 -0.316043001
v -0.04899299 0.0159129262 -0.315381001
v -0.04899597 0.0159109562 -0.315373001
v -0.04899996 0.0159049362 -0.315365001
v -0.05088198 0.0159859361 -0.316035001
v -0.04900497 0.0158819262 -0.315352001
v -0.05498099 0.00583396025 -0.301389
v 0.008375942 0.0257729743 -0.0751219919
v 0.008421957 -0.00130099826 -0.109457
v 0.006570994 -0.000684008231 -0.109019
v 0.006843984 -0.000299008185 -0.108416
v 0.01606696 -0.00228298357 -0.0869969698
v 0.03117996 -0.002280955 -0.0661819498
v 0.02973496 -0.0018149659 -0.0648799499
v 0.03086096 -0.00179994604 -0.0667119599
v 0.03212296 -0.0031279969 -0.0648659998
v 0.03919196 -0.00931799819 -0.0555259493
v 0.02941 -0.00132799594 -0.0654189499
v 0.02928996 -0.000644004968 -0.06580597
v 0.003068983 -0.0023439636 -0.153684
v 0.003006994 -0.00234998386 -0.157095
v 0.002993941 -0.00235201095 -0.158286
v 0.002991974 -0.00235201097 -0.1585299
v 0.002990961 -0.00235296397 -0.158587
v 0.002990961 -0.00235296398 -0.158616
v 0.002990961 -0.00235296398 -0.15863
v 0.002990961 -0.00235296398 -0.158637
v 0.002990961 -0.00235296398 -0.15864
v 0.002990961 -0.00235296398 -0.158641
v 0.002990961 -0.00235296398 -0.158643
v 0.002988994 -0.002352964 -0.1589
v 0.00298196 -0.00235499107 -0.159918
v 0.05411797 -0.0138309523 -0.030679999
v 0.05411797 -0.0138309523 -0.030679999
v 0.05411797 -0.0138309523 -0.030679999
v 0.05411797 -0.0138319723 -0.030679999
f 14 13 12
f 14 12 11
f 14 11 10
f 14 10 9
f 14 9 8
f 14 8 7
f 14 7 22
f 14 22 6
f 14 6 5
f 14 5 3
f 14 3 2
f 14 2 4
f 14 4 1
f 14 1 21
f 14 21 20
f 14 20 19
f 14 19 18
f 14 18 17
f 14 17 16
f 14 16 15
f 27 29 24
f 27 24 23
f 23 24 1881
f 23 1881 25
f 53 26 23
f 53 23 25
f 26 28 27
f 26 27 23
f 27 28 34
f 27 34 33
f 27 33 30
f 29 27 30
f 29 30 31
f 32 110 1892
f 32 1892 31
f 32 31 30
f 33 35 36
f 33 36 108
f 33 108 32
f 33 32 30
f 37 35 33
f 37 33 34
f 37 34 39
f 102 104 106
f 102 106 36
f 102 36 35
f 102 35 37
f 102 37 38
f 102 38 101
f 38 37 39
f 38 39 40
f 38 40 75
f 34 28 41
f 34 41 39
f 40 39 41
f 40 41 43
f 50 42 41
f 50 41 28
f 50 28 26
f 43 41 42
f 43 42 45
f 43 44 73
f 43 73 40
f 44 43 45
f 44 45 46
f 44 46 48
f 42 50 49
f 42 49 46
f 42 46 45
f 55 65 48
f 55 48 46
f 55 46 47
f 49 51 47
f 49 47 46
f 26 53 52
f 26 52 51
f 26 51 49
f 26 49 50
f 51 52 54
f 51 54 55
f 51 55 47
f 53 57 56
f 53 56 54
f 53 54 52
f 54 56 59
f 54 59 55
f 57 855 856
f 57 856 58
f 57 58 56
f 56 58 60
f 56 60 59
f 60 62 65
f 60 65 55
f 60 55 59
f 850 63 62
f 850 62 60
f 850 60 61
f 58 856 857
f 58 857 61
f 58 61 60
f 859 64 62
f 859 62 63
f 64 66 65
f 64 65 62
f 66 67 48
f 66 48 65
f 68 67 66
f 68 66 64
f 68 64 859
f 68 859 847
f 68 847 858
f 68 858 214
f 68 214 213
f 68 213 215
f 68 215 216
f 68 216 218
f 68 218 219
f 68 219 69
f 67 68 70
f 67 70 44
f 67 44 48
f 858 843 842
f 858 842 840
f 858 840 839
f 858 839 83
f 858 83 81
f 858 81 80
f 858 80 79
f 858 79 72
f 858 72 71
f 858 71 70
f 858 70 68
f 858 68 69
f 858 69 1888
f 858 1888 1889
f 858 1889 1890
f 858 1890 206
f 858 206 208
f 858 208 210
f 858 210 214
f 44 70 71
f 44 71 73
f 73 71 72
f 73 72 74
f 40 73 74
f 40 74 75
f 75 74 76
f 75 76 77
f 72 79 76
f 72 76 74
f 78 99 77
f 78 77 76
f 79 80 78
f 79 78 76
f 78 80 81
f 78 81 84
f 78 84 86
f 82 81 83
f 82 83 787
f 85 84 81
f 85 81 82
f 85 82 784
f 85 89 87
f 85 87 86
f 85 86 84
f 99 78 86
f 99 86 87
f 99 87 88
f 89 91 93
f 89 93 88
f 89 88 87
f 89 85 779
f 89 779 90
f 91 89 90
f 91 90 774
f 91 774 92
f 91 92 95
f 91 95 94
f 91 94 93
f 88 93 94
f 88 94 97
f 88 97 99
f 881 882 96
f 881 96 94
f 881 94 95
f 98 97 94
f 98 94 96
f 101 100 97
f 101 97 98
f 101 98 1062
f 101 1062 1060
f 101 1060 1061
f 101 1061 103
f 101 103 102
f 99 97 100
f 99 100 77
f 100 101 38
f 100 38 75
f 100 75 77
f 115 105 104
f 115 104 102
f 115 102 103
f 105 107 106
f 105 106 104
f 107 108 36
f 107 36 106
f 107 109 110
f 107 110 32
f 107 32 108
f 112 109 107
f 112 107 105
f 109 111 1891
f 109 1891 1892
f 109 1892 110
f 113 111 109
f 113 109 112
f 116 113 112
f 116 112 114
f 114 112 105
f 114 105 115
f 114 115 1066
f 114 1066 118
f 114 118 117
f 116 114 117
f 116 117 119
f 116 119 121
f 116 121 123
f 119 117 118
f 119 118 1053
f 119 1053 120
f 121 119 120
f 121 120 122
f 124 123 121
f 124 121 122
f 124 122 125
f 116 123 124
f 116 124 126
f 116 126 128
f 116 128 130
f 116 130 1900
f 126 124 125
f 126 125 1071
f 126 1071 1072
f 126 1072 127
f 129 128 126
f 129 126 127
f 131 128 129
f 131 129 1072
f 131 1072 1071
f 131 1071 1070
f 131 1070 132
f 130 128 131
f 130 131 133
f 130 133 134
f 135 133 131
f 135 131 132
f 135 132 136
f 133 135 137
f 133 137 138
f 133 138 150
f 133 150 174
f 133 174 175
f 133 175 176
f 133 176 177
f 133 177 134
f 137 135 136
f 137 136 139
f 141 138 137
f 141 137 139
f 142 141 139
f 142 139 140
f 1254 140 139
f 1254 139 136
f 149 150 138
f 149 138 141
f 149 141 142
f 149 142 143
f 149 143 145
f 149 145 147
f 144 143 142
f 144 142 140
f 144 140 1255
f 145 143 144
f 145 144 1028
f 145 1028 1027
f 145 1027 1025
f 145 1025 1023
f 145 1023 1022
f 145 1022 146
f 146 1018 1257
f 146 1257 148
f 146 148 147
f 146 147 145
f 147 148 352
f 147 352 350
f 147 350 349
f 147 349 341
f 147 341 340
f 147 340 339
f 147 339 335
f 147 335 152
f 147 152 151
f 147 151 149
f 153 155 156
f 153 156 172
f 153 172 173
f 153 173 150
f 153 150 149
f 153 149 151
f 151 152 154
f 151 154 153
f 158 157 155
f 158 155 153
f 158 153 154
f 158 154 303
f 156 155 157
f 156 157 159
f 156 159 160
f 157 158 300
f 157 300 299
f 157 299 290
f 157 290 161
f 157 161 159
f 159 162 165
f 159 165 160
f 161 163 162
f 161 162 159
f 163 1893 164
f 163 164 162
f 162 164 166
f 162 166 165
f 165 166 169
f 165 169 167
f 160 165 167
f 160 167 170
f 170 167 168
f 170 168 171
f 167 169 180
f 167 180 168
f 172 156 160
f 172 160 170
f 173 172 170
f 173 170 171
f 174 150 173
f 174 173 171
f 175 174 171
f 175 171 168
f 176 175 168
f 176 168 180
f 176 180 178
f 179 177 176
f 179 176 178
f 182 179 178
f 182 178 181
f 180 184 181
f 180 181 178
f 1898 182 181
f 1898 181 183
f 1898 183 1897
f 184 186 183
f 184 183 181
f 169 185 184
f 169 184 180
f 185 187 186
f 185 186 184
f 190 188 186
f 190 186 187
f 188 189 183
f 188 183 186
f 111 113 1894
f 111 1894 189
f 111 189 188
f 111 188 190
f 111 190 191
f 192 191 190
f 192 190 187
f 192 187 194
f 111 191 192
f 111 192 193
f 111 193 202
f 111 202 1891
f 193 192 194
f 193 194 195
f 197 195 194
f 197 194 196
f 196 194 187
f 196 187 185
f 164 197 196
f 164 196 166
f 166 196 185
f 166 185 169
f 198 200 195
f 198 195 197
f 199 198 197
f 199 197 164
f 199 164 1893
f 201 200 198
f 201 198 199
f 201 199 298
f 201 298 297
f 201 297 292
f 201 292 296
f 201 296 295
f 201 295 282
f 201 282 280
f 201 280 279
f 201 279 277
f 201 277 278
f 201 278 1877
f 201 1877 1878
f 201 1878 237
f 201 237 235
f 201 235 226
f 201 226 225
f 201 225 223
f 201 223 222
f 201 222 217
f 201 217 212
f 201 212 211
f 201 211 209
f 201 209 207
f 201 207 205
f 201 205 203
f 200 201 202
f 200 202 193
f 200 193 195
f 223 224 1882
f 223 1882 1883
f 223 1883 1884
f 223 1884 1885
f 223 1885 202
f 223 202 201
f 223 201 203
f 223 203 204
f 223 204 1887
f 223 1887 1886
f 223 1886 221
f 223 221 220
f 223 220 222
f 204 203 205
f 204 205 206
f 204 206 1890
f 205 207 208
f 205 208 206
f 210 208 207
f 210 207 209
f 209 211 213
f 209 213 214
f 209 214 210
f 211 212 215
f 211 215 213
f 212 217 216
f 212 216 215
f 217 222 220
f 217 220 218
f 217 218 216
f 220 221 219
f 220 219 218
f 224 223 225
f 224 225 227
f 224 227 228
f 225 226 230
f 225 230 227
f 1880 228 227
f 1880 227 229
f 229 227 230
f 229 230 231
f 232 233 1879
f 232 1879 231
f 232 231 230
f 226 235 234
f 226 234 232
f 226 232 230
f 236 238 240
f 236 240 233
f 236 233 232
f 236 232 234
f 234 235 237
f 234 237 236
f 238 236 237
f 238 237 1878
f 238 1878 239
f 241 240 238
f 241 238 239
f 241 239 242
f 240 241 243
f 240 243 244
f 240 244 1879
f 240 1879 233
f 246 245 243
f 246 243 241
f 246 241 242
f 243 245 247
f 243 247 249
f 243 249 250
f 243 250 244
f 259 257 256
f 259 256 253
f 259 253 248
f 259 248 247
f 259 247 245
f 259 245 246
f 251 249 247
f 251 247 248
f 854 250 249
f 854 249 251
f 854 251 252
f 854 252 254
f 854 254 255
f 854 255 851
f 854 851 852
f 252 251 248
f 252 248 253
f 254 252 253
f 254 253 256
f 256 257 255
f 256 255 254
f 258 257 259
f 258 259 260
f 848 255 257
f 848 257 258
f 259 261 262
f 259 262 260
f 261 259 246
f 261 246 264
f 261 263 867
f 261 867 862
f 261 862 262
f 264 265 263
f 264 263 261
f 268 265 264
f 268 264 266
f 264 246 242
f 264 242 266
f 267 266 242
f 267 242 239
f 269 268 266
f 269 266 267
f 270 271 872
f 270 872 870
f 270 870 265
f 270 265 268
f 268 269 274
f 268 274 272
f 268 272 270
f 271 270 272
f 271 272 273
f 271 273 818
f 272 274 275
f 272 275 276
f 272 276 273
f 269 278 277
f 269 277 275
f 269 275 274
f 275 277 279
f 275 279 276
f 279 280 281
f 279 281 877
f 279 877 276
f 281 280 283
f 281 283 284
f 281 284 1876
f 283 280 282
f 283 282 288
f 283 288 287
f 283 287 285
f 285 286 301
f 285 301 302
f 285 302 304
f 285 304 284
f 285 284 283
f 289 290 299
f 289 299 286
f 289 286 285
f 289 285 287
f 293 291 289
f 293 289 287
f 293 287 288
f 292 297 161
f 292 161 290
f 292 290 289
f 292 289 291
f 296 292 291
f 296 291 293
f 296 293 294
f 288 282 295
f 288 295 294
f 288 294 293
f 294 295 296
f 297 298 163
f 297 163 161
f 298 199 1893
f 298 1893 163
f 299 300 301
f 299 301 286
f 300 158 303
f 300 303 302
f 300 302 301
f 302 303 154
f 302 154 305
f 302 305 304
f 284 304 305
f 284 305 307
f 284 307 308
f 284 308 1876
f 337 314 306
f 337 306 305
f 337 305 154
f 337 154 152
f 337 152 336
f 309 307 305
f 309 305 306
f 309 306 311
f 307 309 310
f 307 310 810
f 307 810 875
f 307 875 308
f 312 804 805
f 312 805 310
f 312 310 309
f 312 309 311
f 313 315 316
f 313 316 312
f 313 312 311
f 306 314 313
f 306 313 311
f 315 313 314
f 315 314 337
f 315 337 338
f 315 338 319
f 315 319 318
f 316 315 317
f 316 317 797
f 800 317 315
f 800 315 318
f 800 318 320
f 800 320 322
f 318 319 326
f 318 326 325
f 318 325 323
f 318 323 320
f 323 324 321
f 323 321 320
f 321 1280 1279
f 321 1279 322
f 321 322 320
f 1293 324 323
f 1293 323 325
f 1293 325 327
f 1293 327 329
f 1293 329 330
f 1293 330 343
f 1293 343 1294
f 328 327 325
f 328 325 326
f 328 332 331
f 328 331 329
f 328 329 327
f 330 329 331
f 330 331 333
f 330 333 334
f 331 332 337
f 331 337 336
f 331 336 333
f 335 339 334
f 335 334 333
f 336 152 335
f 336 335 333
f 328 338 337
f 328 337 332
f 328 326 319
f 328 319 338
f 339 340 342
f 339 342 334
f 340 341 344
f 340 344 342
f 343 330 334
f 343 334 342
f 1295 1294 343
f 1295 343 342
f 1295 342 344
f 1295 344 345
f 345 344 346
f 345 346 347
f 341 349 346
f 341 346 344
f 347 346 348
f 347 348 1298
f 349 350 351
f 349 351 348
f 349 348 346
f 350 352 353
f 350 353 351
f 352 148 1260
f 352 1260 1261
f 352 1261 358
f 352 358 357
f 352 357 355
f 352 355 353
f 1300 351 353
f 1300 353 354
f 355 356 429
f 355 429 430
f 355 430 354
f 355 354 353
f 356 355 357
f 356 357 359
f 356 359 361
f 357 358 360
f 357 360 359
f 1263 363 362
f 1263 362 359
f 1263 359 360
f 364 361 359
f 364 359 362
f 363 396 395
f 363 395 394
f 363 394 393
f 363 393 392
f 363 392 391
f 363 391 390
f 363 390 389
f 363 389 388
f 363 388 387
f 363 387 386
f 363 386 385
f 363 385 384
f 363 384 383
f 363 383 382
f 363 382 381
f 363 381 380
f 363 380 379
f 363 379 378
f 363 378 377
f 363 377 375
f 363 375 374
f 363 374 373
f 363 373 371
f 363 371 370
f 363 370 369
f 363 369 368
f 363 368 366
f 363 366 364
f 363 364 362
f 365 426 361
f 365 361 364
f 366 367 365
f 366 365 364
f 400 399 397
f 400 397 367
f 400 367 366
f 400 366 368
f 400 368 369
f 400 369 370
f 400 370 372
f 400 372 373
f 400 373 374
f 400 374 375
f 400 375 376
f 400 376 379
f 400 379 380
f 400 380 381
f 400 381 382
f 400 382 383
f 400 383 384
f 400 384 385
f 400 385 386
f 400 386 387
f 400 387 388
f 400 388 389
f 400 389 390
f 400 390 391
f 400 391 392
f 400 392 393
f 400 393 394
f 400 394 395
f 400 395 396
f 400 396 363
f 400 363 1263
f 400 1263 1262
f 400 1262 1264
f 400 1264 1265
f 400 1265 1266
f 400 1266 1267
f 400 1267 1268
f 400 1268 1269
f 400 1269 1270
f 400 1270 1271
f 400 1271 1272
f 400 1272 1273
f 400 1273 1256
f 400 1256 1018
f 400 1018 1017
f 400 1017 1016
f 367 397 398
f 367 398 428
f 367 428 427
f 367 427 365
f 398 397 399
f 398 399 401
f 399 400 1274
f 399 1274 402
f 399 402 401
f 404 428 398
f 404 398 401
f 404 401 403
f 401 402 405
f 401 405 403
f 410 404 403
f 410 403 405
f 410 405 407
f 405 406 408
f 405 408 407
f 402 1005 406
f 402 406 405
f 407 408 971
f 407 971 409
f 413 411 410
f 413 410 407
f 413 407 409
f 428 404 410
f 428 410 411
f 428 411 412
f 428 412 427
f 411 413 414
f 411 414 416
f 411 416 418
f 411 418 412
f 1004 415 414
f 1004 414 413
f 1004 413 409
f 416 414 415
f 416 415 993
f 416 993 417
f 419 418 416
f 419 416 417
f 419 417 420
f 418 419 421
f 418 421 423
f 418 423 412
f 441 422 421
f 441 421 419
f 441 419 420
f 421 422 434
f 421 434 431
f 421 431 425
f 421 425 424
f 421 424 423
f 412 423 424
f 412 424 427
f 425 430 429
f 425 429 426
f 425 426 424
f 427 424 426
f 427 426 365
f 429 356 361
f 429 361 426
f 430 425 431
f 430 431 432
f 430 432 354
f 1294 1295 1296
f 1294 1296 1297
f 1294 1297 1299
f 1294 1299 432
f 1294 432 431
f 1294 431 433
f 1294 433 1292
f 1294 1292 1291
f 1294 1291 1293
f 435 433 431
f 435 431 434
f 437 435 434
f 437 434 422
f 437 422 441
f 437 441 440
f 435 437 438
f 435 438 436
f 435 436 1290
f 435 1290 1291
f 435 1291 1292
f 435 1292 433
f 438 437 439
f 438 439 462
f 438 462 1875
f 437 440 442
f 437 442 444
f 437 444 445
f 437 445 439
f 442 440 441
f 442 441 420
f 442 420 443
f 447 444 442
f 447 442 443
f 460 445 444
f 460 444 446
f 450 451 446
f 450 446 444
f 450 444 447
f 450 447 448
f 449 448 447
f 449 447 443
f 449 443 997
f 452 450 448
f 452 448 449
f 452 449 998
f 450 453 455
f 450 455 451
f 450 452 912
f 450 912 454
f 450 454 453
f 910 911 456
f 910 456 455
f 910 455 453
f 910 453 454
f 458 457 455
f 458 455 456
f 460 446 451
f 460 451 455
f 460 455 457
f 458 473 459
f 458 459 457
f 461 460 457
f 461 457 459
f 460 461 462
f 460 462 439
f 460 439 445
f 461 463 465
f 461 465 1875
f 461 1875 462
f 463 461 459
f 463 459 464
f 463 464 471
f 463 471 468
f 463 468 466
f 463 466 467
f 463 467 1392
f 463 1392 465
f 467 466 468
f 467 468 469
f 467 469 1396
f 467 1396 1380
f 469 468 470
f 469 470 1398
f 472 475 470
f 472 470 468
f 472 468 471
f 473 472 471
f 473 471 464
f 473 464 459
f 472 473 767
f 472 767 474
f 472 474 496
f 472 496 495
f 472 495 494
f 472 494 493
f 472 493 492
f 472 492 491
f 472 491 490
f 472 490 489
f 472 489 488
f 472 488 487
f 472 487 486
f 472 486 485
f 472 485 484
f 472 484 483
f 472 483 482
f 472 482 481
f 472 481 480
f 472 480 479
f 472 479 478
f 472 478 477
f 472 477 476
f 472 476 475
f 470 475 476
f 470 476 477
f 470 477 478
f 470 478 479
f 470 479 480
f 470 480 481
f 470 481 482
f 470 482 483
f 470 483 484
f 470 484 485
f 470 485 486
f 470 486 487
f 470 487 488
f 470 488 489
f 470 489 490
f 470 490 491
f 470 491 492
f 470 492 493
f 470 493 494
f 470 494 495
f 470 495 496
f 470 496 497
f 470 497 1400
f 470 1400 1398
f 497 496 498
f 497 498 501
f 500 498 496
f 500 496 474
f 761 758 757
f 761 757 755
f 761 755 756
f 761 756 499
f 761 499 498
f 761 498 500
f 761 500 766
f 761 766 764
f 502 501 498
f 502 498 499
f 502 499 550
f 502 550 503
f 501 502 504
f 501 504 505
f 501 505 1400
f 501 1400 497
f 506 504 502
f 506 502 503
f 506 503 507
f 504 506 508
f 504 508 509
f 504 509 1399
f 504 1399 505
f 510 508 506
f 510 506 507
f 510 507 513
f 510 513 512
f 508 510 511
f 508 511 1373
f 508 1373 1372
f 508 1372 509
f 512 514 516
f 512 516 518
f 512 518 511
f 512 511 510
f 548 515 514
f 548 514 512
f 548 512 513
f 548 513 546
f 517 516 514
f 517 514 515
f 519 518 516
f 519 516 517
f 519 517 1874
f 522 520 518
f 522 518 519
f 522 519 1873
f 522 1873 523
f 518 520 521
f 518 521 511
f 1596 1404 521
f 1596 521 520
f 1596 520 522
f 1596 522 524
f 1596 524 525
f 1596 525 1595
f 523 530 528
f 523 528 526
f 523 526 524
f 523 524 522
f 1571 1572 1574
f 1571 1574 525
f 1571 525 524
f 1571 524 526
f 1571 526 527
f 1791 527 526
f 1791 526 528
f 1791 528 529
f 1791 529 595
f 529 528 530
f 529 530 531
f 529 531 532
f 529 532 592
f 1872 534 533
f 1872 533 531
f 1872 531 530
f 1872 530 523
f 1872 523 1873
f 533 535 536
f 533 536 532
f 533 532 531
f 535 533 534
f 535 534 549
f 535 549 538
f 535 538 537
f 537 539 540
f 537 540 536
f 537 536 535
f 539 537 538
f 539 538 544
f 539 544 541
f 542 1870 584
f 542 584 583
f 542 583 585
f 542 585 586
f 542 586 540
f 542 540 539
f 542 539 541
f 562 1871 542
f 562 542 541
f 562 541 543
f 545 543 541
f 545 541 544
f 547 545 544
f 547 544 546
f 538 549 548
f 538 548 546
f 538 546 544
f 513 507 503
f 513 503 550
f 513 550 547
f 513 547 546
f 534 1872 1874
f 534 1874 517
f 534 517 515
f 534 515 548
f 534 548 549
f 551 552 554
f 551 554 545
f 551 545 547
f 550 499 551
f 550 551 547
f 552 551 499
f 552 499 756
f 552 756 553
f 555 554 552
f 555 552 553
f 555 553 556
f 554 555 557
f 554 557 543
f 554 543 545
f 559 558 557
f 559 557 555
f 559 555 556
f 557 558 561
f 557 561 562
f 557 562 543
f 734 566 560
f 734 560 558
f 734 558 559
f 734 559 735
f 561 558 560
f 561 560 563
f 1871 562 561
f 1871 561 563
f 1871 563 564
f 560 566 565
f 560 565 563
f 563 565 568
f 563 568 564
f 566 734 733
f 566 733 567
f 566 567 565
f 565 567 571
f 565 571 570
f 565 570 568
f 564 568 569
f 564 569 1869
f 572 573 569
f 572 569 568
f 572 568 570
f 575 574 572
f 575 572 570
f 575 570 571
f 576 579 582
f 576 582 573
f 576 573 572
f 576 572 574
f 576 574 575
f 576 575 711
f 576 711 712
f 576 712 578
f 577 576 578
f 577 578 1867
f 577 1867 612
f 577 580 579
f 577 579 576
f 579 580 1868
f 579 1868 590
f 579 590 581
f 579 581 587
f 579 587 585
f 579 585 583
f 579 583 582
f 573 582 583
f 573 583 584
f 573 584 1869
f 573 1869 569
f 588 586 585
f 588 585 587
f 589 588 587
f 589 587 581
f 589 581 590
f 588 589 592
f 588 592 532
f 588 532 536
f 588 536 540
f 588 540 586
f 591 589 590
f 591 590 1868
f 591 1868 593
f 589 591 594
f 589 594 595
f 589 595 529
f 589 529 592
f 591 593 598
f 591 598 596
f 591 596 594
f 595 594 596
f 595 596 597
f 595 597 1569
f 595 1569 1791
f 596 598 599
f 596 599 601
f 596 601 597
f 580 600 599
f 580 599 598
f 580 598 593
f 580 593 1868
f 605 603 601
f 605 601 599
f 605 599 600
f 605 600 607
f 1569 597 601
f 1569 601 602
f 1569 602 1567
f 1569 1567 1568
f 604 1565 602
f 604 602 601
f 604 601 603
f 1561 1562 604
f 1561 604 603
f 1561 603 605
f 1561 605 606
f 607 608 609
f 607 609 610
f 607 610 1793
f 607 1793 606
f 607 606 605
f 580 577 608
f 580 608 607
f 580 607 600
f 577 612 611
f 577 611 609
f 577 609 608
f 613 616 610
f 613 610 609
f 613 609 611
f 614 613 611
f 614 611 612
f 614 612 1867
f 615 613 614
f 615 614 1866
f 613 615 617
f 613 617 616
f 619 1792 1793
f 619 1793 610
f 619 610 616
f 619 616 617
f 619 617 618
f 615 621 620
f 615 620 618
f 615 618 617
f 1794 1553 619
f 1794 619 618
f 1794 618 620
f 1794 620 622
f 1794 622 623
f 621 624 622
f 621 622 620
f 624 625 628
f 624 628 631
f 624 631 623
f 624 623 622
f 624 621 627
f 624 627 625
f 628 625 626
f 628 626 700
f 628 700 681
f 628 681 686
f 628 686 687
f 628 687 630
f 625 627 702
f 625 702 626
f 629 628 630
f 629 630 688
f 629 688 690
f 629 690 696
f 628 629 632
f 628 632 631
f 634 1795 1794
f 634 1794 623
f 634 623 631
f 634 631 632
f 634 632 633
f 1804 1798 634
f 1804 634 633
f 1804 633 635
f 1804 635 636
f 1804 636 638
f 1804 638 639
f 1804 639 641
f 1804 641 643
f 1804 643 1819
f 640 639 638
f 640 638 636
f 640 636 637
f 640 637 699
f 640 699 698
f 640 698 697
f 642 641 639
f 642 639 640
f 642 640 692
f 642 692 691
f 642 691 693
f 646 644 641
f 646 641 642
f 646 642 648
f 643 641 644
f 643 644 645
f 643 645 1863
f 1313 645 644
f 1313 644 646
f 1313 646 647
f 1313 647 1309
f 650 647 646
f 650 646 648
f 650 648 649
f 693 694 695
f 693 695 654
f 693 654 653
f 693 653 651
f 693 651 649
f 693 649 648
f 693 648 642
f 649 651 652
f 649 652 1311
f 649 1311 1310
f 649 1310 650
f 653 655 657
f 653 657 659
f 653 659 652
f 653 652 651
f 655 653 654
f 655 654 679
f 655 679 656
f 657 655 656
f 657 656 658
f 660 659 657
f 660 657 658
f 652 659 660
f 652 660 661
f 652 661 662
f 652 662 1286
f 652 1286 1287
f 652 1287 1301
f 652 1301 1311
f 661 660 658
f 661 658 665
f 661 665 663
f 662 661 663
f 662 663 664
f 668 664 663
f 668 663 666
f 666 663 665
f 666 665 669
f 726 668 666
f 726 666 667
f 667 666 669
f 667 669 670
f 670 669 671
f 670 671 672
f 669 665 673
f 669 673 671
f 717 672 671
f 717 671 674
f 717 674 676
f 671 673 677
f 671 677 674
f 674 677 678
f 674 678 675
f 676 674 675
f 676 675 708
f 673 656 679
f 673 679 677
f 677 679 680
f 677 680 678
f 654 695 683
f 654 683 682
f 654 682 680
f 654 680 679
f 681 700 701
f 681 701 703
f 681 703 675
f 681 675 678
f 681 678 680
f 686 681 680
f 686 680 682
f 686 682 684
f 682 683 685
f 682 685 684
f 688 630 687
f 688 687 684
f 688 684 685
f 687 686 684
f 690 688 685
f 690 685 689
f 694 693 691
f 694 691 689
f 694 689 685
f 694 685 683
f 692 640 697
f 692 697 696
f 692 696 690
f 692 690 689
f 691 692 689
f 695 694 683
f 629 696 697
f 629 697 698
f 629 698 699
f 626 702 701
f 626 701 700
f 702 705 704
f 702 704 703
f 702 703 701
f 703 704 706
f 703 706 708
f 703 708 675
f 705 713 707
f 705 707 706
f 705 706 704
f 706 707 711
f 706 711 709
f 706 709 708
f 709 710 676
f 709 676 708
f 714 710 709
f 714 709 711
f 714 711 575
f 714 575 571
f 714 571 715
f 713 712 711
f 713 711 707
f 713 614 1867
f 713 1867 578
f 713 578 712
f 1866 614 713
f 1866 713 705
f 710 714 716
f 710 716 717
f 710 717 676
f 718 716 714
f 718 714 715
f 718 715 719
f 716 718 720
f 716 720 721
f 716 721 723
f 716 723 717
f 720 718 719
f 730 722 721
f 730 721 720
f 730 720 719
f 730 719 731
f 721 722 724
f 721 724 723
f 724 667 670
f 724 670 723
f 723 670 672
f 723 672 717
f 725 726 667
f 725 667 724
f 722 730 728
f 722 728 725
f 722 725 724
f 727 1865 726
f 727 726 725
f 728 729 727
f 728 727 725
f 732 729 728
f 732 728 730
f 732 730 731
f 733 732 731
f 733 731 567
f 567 731 719
f 567 719 715
f 567 715 571
f 737 729 732
f 737 732 733
f 737 733 734
f 737 734 735
f 740 738 737
f 740 737 735
f 740 735 736
f 559 749 736
f 559 736 735
f 1864 1865 727
f 1864 727 729
f 1864 729 737
f 1864 737 738
f 1864 738 739
f 742 1277 1278
f 742 1278 739
f 742 739 738
f 742 738 740
f 742 740 741
f 743 741 740
f 743 740 736
f 743 736 745
f 741 743 744
f 741 744 799
f 741 799 801
f 741 801 742
f 746 744 743
f 746 743 745
f 749 747 745
f 749 745 736
f 747 748 879
f 747 879 746
f 747 746 745
f 752 780 748
f 752 748 747
f 752 747 750
f 747 749 753
f 747 753 750
f 753 754 751
f 753 751 750
f 759 777 752
f 759 752 750
f 759 750 751
f 749 559 556
f 749 556 753
f 556 553 754
f 556 754 753
f 756 755 754
f 756 754 553
f 755 757 751
f 755 751 754
f 757 758 759
f 757 759 751
f 775 777 759
f 775 759 758
f 775 758 760
f 775 760 773
f 760 758 761
f 760 761 763
f 760 763 769
f 765 762 761
f 765 761 764
f 763 761 762
f 763 762 1276
f 763 1276 768
f 767 765 764
f 767 764 766
f 474 767 766
f 474 766 500
f 473 458 765
f 473 765 767
f 458 456 911
f 458 911 762
f 458 762 765
f 771 770 769
f 771 769 763
f 771 763 768
f 771 768 880
f 772 773 760
f 772 760 769
f 772 769 770
f 95 92 774
f 95 774 772
f 95 772 770
f 95 770 771
f 95 771 881
f 90 775 773
f 90 773 772
f 90 772 774
f 90 779 776
f 90 776 775
f 775 776 780
f 775 780 752
f 775 752 777
f 776 778 878
f 776 878 748
f 776 748 780
f 776 779 781
f 776 781 782
f 776 782 778
f 779 85 784
f 779 784 783
f 779 783 781
f 782 781 783
f 782 783 785
f 782 785 788
f 783 784 82
f 783 82 787
f 783 787 785
f 873 833 786
f 873 786 785
f 873 785 787
f 786 832 791
f 786 791 790
f 786 790 788
f 786 788 785
f 790 792 794
f 790 794 789
f 790 789 788
f 878 778 782
f 878 782 788
f 878 788 789
f 792 790 791
f 792 791 831
f 792 831 793
f 795 794 792
f 795 792 793
f 795 793 796
f 794 795 744
f 794 744 746
f 794 746 879
f 794 879 789
f 798 799 744
f 798 744 795
f 798 795 796
f 793 802 797
f 793 797 796
f 317 800 798
f 317 798 796
f 317 796 797
f 801 799 798
f 801 798 800
f 801 800 322
f 1279 1278 1277
f 1279 1277 742
f 1279 742 801
f 1279 801 322
f 804 312 316
f 804 316 797
f 804 797 802
f 831 803 802
f 831 802 793
f 808 807 806
f 808 806 805
f 808 805 804
f 808 804 802
f 808 802 803
f 310 805 806
f 310 806 807
f 310 807 809
f 310 809 810
f 807 808 813
f 807 813 811
f 807 811 809
f 812 810 809
f 812 809 811
f 814 816 817
f 814 817 812
f 814 812 811
f 813 825 815
f 813 815 814
f 813 814 811
f 816 814 815
f 816 815 823
f 816 823 821
f 816 821 819
f 816 819 818
f 874 817 816
f 874 816 818
f 874 818 273
f 819 820 872
f 819 872 271
f 819 271 818
f 820 819 821
f 820 821 822
f 821 823 824
f 821 824 826
f 821 826 822
f 823 815 825
f 823 825 824
f 825 813 808
f 825 808 803
f 825 803 827
f 825 827 824
f 828 826 824
f 828 824 827
f 829 827 803
f 829 803 831
f 830 828 827
f 830 827 829
f 832 786 833
f 832 833 830
f 832 830 829
f 791 832 829
f 791 829 831
f 833 873 836
f 833 836 834
f 833 834 830
f 834 835 828
f 834 828 830
f 837 838 860
f 837 860 835
f 837 835 834
f 836 839 837
f 836 837 834
f 838 837 839
f 838 839 840
f 838 840 841
f 83 839 836
f 83 836 873
f 83 873 787
f 840 842 844
f 840 844 841
f 842 843 845
f 842 845 844
f 845 258 260
f 845 260 844
f 844 260 262
f 844 262 841
f 845 843 858
f 845 858 847
f 845 847 846
f 258 845 846
f 258 846 848
f 846 847 859
f 846 859 63
f 848 846 63
f 848 63 850
f 848 850 849
f 851 255 848
f 851 848 849
f 853 852 851
f 853 851 849
f 853 849 850
f 855 854 852
f 855 852 853
f 855 853 857
f 855 857 856
f 1879 244 250
f 1879 250 854
f 1879 854 231
f 854 855 229
f 854 229 231
f 855 57 1880
f 855 1880 229
f 857 853 850
f 857 850 61
f 862 861 860
f 862 860 838
f 862 838 841
f 862 841 262
f 860 861 863
f 860 863 864
f 860 864 835
f 861 862 867
f 861 867 865
f 861 865 863
f 863 865 866
f 863 866 864
f 868 869 871
f 868 871 866
f 868 866 865
f 867 263 868
f 867 868 865
f 869 868 263
f 869 263 265
f 869 265 870
f 870 872 871
f 870 871 869
f 871 872 820
f 871 820 822
f 871 822 866
f 864 866 822
f 864 822 826
f 835 864 826
f 835 826 828
f 817 874 875
f 817 875 810
f 817 810 812
f 874 876 308
f 874 308 875
f 877 876 874
f 877 874 273
f 877 273 276
f 876 877 281
f 876 281 1876
f 876 1876 308
f 879 748 878
f 879 878 789
f 882 881 771
f 882 771 880
f 882 880 883
f 885 886 96
f 885 96 882
f 885 882 883
f 903 902 884
f 903 884 883
f 903 883 880
f 888 887 885
f 888 885 883
f 888 883 884
f 889 890 1065
f 889 1065 886
f 889 886 885
f 889 885 887
f 887 888 895
f 887 895 893
f 887 893 891
f 887 891 889
f 1077 1076 1073
f 1077 1073 890
f 1077 890 889
f 1077 889 891
f 1077 891 892
f 1077 892 1078
f 1221 892 891
f 1221 891 893
f 1221 893 894
f 1221 894 1220
f 894 893 895
f 894 895 896
f 899 897 896
f 899 896 895
f 899 895 888
f 899 888 884
f 1219 1220 894
f 1219 894 896
f 1219 896 897
f 1219 897 898
f 901 1223 898
f 901 898 897
f 901 897 899
f 901 899 900
f 902 900 899
f 902 899 884
f 906 901 900
f 906 900 902
f 906 902 903
f 906 903 904
f 1275 905 904
f 1275 904 903
f 1275 903 880
f 1275 880 768
f 910 907 906
f 910 906 904
f 910 904 905
f 906 907 908
f 906 908 901
f 908 907 909
f 908 909 913
f 908 913 914
f 907 910 454
f 907 454 912
f 907 912 909
f 910 905 1275
f 910 1275 1276
f 910 1276 762
f 910 762 911
f 452 915 913
f 452 913 909
f 452 909 912
f 915 916 1224
f 915 1224 914
f 915 914 913
f 916 915 917
f 916 917 919
f 916 919 921
f 915 452 998
f 915 998 996
f 915 996 918
f 915 918 917
f 919 917 918
f 919 918 994
f 919 994 920
f 922 921 919
f 922 919 920
f 922 920 924
f 916 921 922
f 916 922 923
f 916 923 1225
f 925 923 922
f 925 922 924
f 930 1152 925
f 930 925 924
f 930 924 926
f 930 926 929
f 920 927 926
f 920 926 924
f 927 983 928
f 927 928 926
f 926 928 931
f 926 931 929
f 932 930 929
f 932 929 931
f 936 937 932
f 936 932 931
f 936 931 933
f 928 934 933
f 928 933 931
f 991 992 935
f 991 935 933
f 991 933 934
f 935 938 936
f 935 936 933
f 937 936 938
f 937 938 940
f 937 940 942
f 940 938 939
f 940 939 943
f 990 939 938
f 990 938 935
f 990 935 992
f 941 940 943
f 941 943 944
f 940 941 1149
f 940 1149 942
f 944 943 945
f 944 945 946
f 943 939 948
f 943 948 945
f 1196 946 945
f 1196 945 947
f 948 949 947
f 948 947 945
f 949 948 950
f 949 950 952
f 949 952 954
f 948 939 990
f 948 990 989
f 948 989 951
f 948 951 950
f 952 950 951
f 952 951 988
f 952 988 953
f 955 954 952
f 955 952 953
f 955 953 956
f 954 955 957
f 954 957 958
f 954 958 949
f 959 957 955
f 959 955 956
f 1185 1186 1188
f 1185 1188 1190
f 1185 1190 1192
f 1185 1192 1193
f 1185 1193 1199
f 1185 1199 958
f 1185 958 957
f 1185 957 959
f 1185 959 960
f 1185 960 961
f 1185 961 1250
f 1185 1250 1246
f 1185 1246 1234
f 1185 1234 1097
f 1185 1097 1096
f 1185 1096 1098
f 1185 1098 1100
f 1185 1100 1101
f 1185 1101 1107
f 1185 1107 1108
f 1185 1108 1109
f 1185 1109 1113
f 1185 1113 1117
f 965 963 960
f 965 960 959
f 965 959 956
f 1009 1010 1251
f 1009 1251 961
f 1009 961 960
f 1009 960 962
f 1009 962 1008
f 962 960 963
f 962 963 964
f 963 965 966
f 963 966 406
f 963 406 1005
f 963 1005 964
f 968 967 966
f 968 966 965
f 968 965 956
f 968 956 953
f 966 967 408
f 966 408 406
f 967 968 969
f 967 969 971
f 967 971 408
f 976 999 1000
f 976 1000 1001
f 976 1001 1002
f 976 1002 1003
f 976 1003 970
f 976 970 969
f 976 969 968
f 976 968 953
f 976 953 988
f 969 970 1003
f 969 1003 1002
f 969 1002 1001
f 969 1001 1000
f 969 1000 999
f 969 999 976
f 969 976 975
f 969 975 972
f 969 972 971
f 973 1004 409
f 973 409 971
f 973 971 972
f 974 973 972
f 975 977 978
f 975 978 974
f 975 974 972
f 987 980 979
f 987 979 978
f 987 978 977
f 987 977 975
f 987 975 976
f 987 976 988
f 415 1004 973
f 415 973 974
f 415 974 978
f 415 978 979
f 415 979 981
f 415 981 982
f 415 982 993
f 979 980 981
f 980 987 986
f 980 986 984
f 980 984 983
f 980 983 981
f 982 981 983
f 982 983 927
f 983 984 934
f 983 934 928
f 985 989 991
f 985 991 934
f 985 934 984
f 986 985 984
f 951 989 985
f 951 985 986
f 951 986 987
f 951 987 988
f 992 991 989
f 992 989 990
f 995 993 982
f 995 982 994
f 994 982 927
f 994 927 920
f 918 996 995
f 918 995 994
f 997 417 993
f 997 993 995
f 996 998 449
f 996 449 997
f 996 997 995
f 443 420 417
f 443 417 997
f 1006 1008 962
f 1006 962 964
f 1006 964 1005
f 1274 1007 1006
f 1274 1006 1005
f 1274 1005 402
f 1008 1006 1007
f 1008 1007 1013
f 1008 1013 1011
f 1008 1011 1009
f 1012 1244 1249
f 1012 1249 1010
f 1012 1010 1009
f 1012 1009 1011
f 1015 1012 1011
f 1015 1011 1013
f 1015 1013 1014
f 1007 1274 400
f 1007 400 1016
f 1007 1016 1014
f 1007 1014 1013
f 1019 1015 1014
f 1019 1014 1016
f 1019 1016 1017
f 1017 1018 146
f 1017 146 1022
f 1017 1022 1020
f 1017 1020 1019
f 1244 1012 1015
f 1244 1015 1019
f 1244 1019 1020
f 1244 1020 1021
f 1244 1021 1239
f 1020 1022 1023
f 1020 1023 1024
f 1020 1024 1021
f 1023 1025 1026
f 1023 1026 1024
f 1025 1027 1029
f 1025 1029 1026
f 1027 1028 1030
f 1027 1030 1029
f 1033 1026 1029
f 1033 1029 1031
f 1031 1029 1030
f 1031 1030 1034
f 1032 1031 1034
f 1032 1034 1036
f 1243 1033 1031
f 1243 1031 1032
f 1034 1030 1255
f 1034 1255 1035
f 1036 1034 1035
f 1036 1035 1038
f 1037 1253 1032
f 1037 1032 1036
f 1040 1042 1037
f 1040 1037 1036
f 1040 1036 1038
f 1038 1035 1254
f 1038 1254 1039
f 1041 1040 1038
f 1041 1038 1039
f 1042 1040 1041
f 1042 1041 1069
f 1042 1069 1067
f 1042 1067 1047
f 1042 1047 1046
f 1042 1046 1043
f 1252 1253 1037
f 1252 1037 1042
f 1252 1042 1043
f 1252 1043 1044
f 1044 1043 1045
f 1044 1045 1074
f 1046 1048 1049
f 1046 1049 1050
f 1046 1050 1045
f 1046 1045 1043
f 1048 1046 1047
f 1048 1047 125
f 1048 125 122
f 1049 1048 122
f 1049 122 120
f 1051 1050 1049
f 1051 1049 120
f 1051 120 1053
f 1050 1051 1052
f 1050 1052 890
f 1050 890 1073
f 1050 1073 1045
f 1052 1051 1053
f 1052 1053 1054
f 118 1066 1057
f 118 1057 1056
f 118 1056 1054
f 118 1054 1053
f 1054 1056 1058
f 1054 1058 1055
f 1064 1065 890
f 1064 890 1052
f 1064 1052 1054
f 1064 1054 1055
f 1057 1059 1058
f 1057 1058 1056
f 1060 1062 1063
f 1060 1063 1055
f 1060 1055 1058
f 1059 1061 1060
f 1059 1060 1058
f 1065 1064 1063
f 1065 1063 1062
f 1065 1062 98
f 1065 98 96
f 1065 96 886
f 1063 1064 1055
f 115 103 1061
f 115 1061 1059
f 115 1059 1057
f 115 1057 1066
f 1068 1070 1071
f 1068 1071 125
f 1068 125 1047
f 1068 1047 1067
f 1067 1069 1068
f 1070 1068 1069
f 1070 1069 1041
f 1070 1041 1039
f 1070 1039 132
f 1072 129 127
f 1073 1076 1074
f 1073 1074 1045
f 1075 1094 1044
f 1075 1044 1074
f 1076 1077 1079
f 1076 1079 1081
f 1076 1081 1075
f 1076 1075 1074
f 1078 1226 1205
f 1078 1205 1080
f 1078 1080 1079
f 1078 1079 1077
f 1081 1079 1080
f 1081 1080 1084
f 1081 1084 1082
f 1092 1094 1075
f 1092 1075 1081
f 1092 1081 1082
f 1092 1082 1083
f 1092 1083 1090
f 1085 1087 1083
f 1085 1083 1082
f 1084 1203 1201
f 1084 1201 1086
f 1084 1086 1085
f 1084 1085 1082
f 1089 1088 1087
f 1089 1087 1085
f 1089 1085 1086
f 1089 1086 1178
f 1089 1178 1180
f 1087 1088 1090
f 1087 1090 1083
f 1088 1089 1183
f 1088 1183 1091
f 1088 1091 1090
f 1091 1093 1092
f 1091 1092 1090
f 1094 1092 1093
f 1094 1093 1095
f 1094 1095 1252
f 1094 1252 1044
f 1096 1093 1091
f 1096 1091 1183
f 1096 1183 1181
f 1096 1181 1182
f 1096 1182 1184
f 1096 1184 1185
f 1096 1185 1117
f 1096 1117 1116
f 1096 1116 1118
f 1096 1118 1119
f 1096 1119 1120
f 1096 1120 1099
f 1096 1099 1098
f 1095 1093 1096
f 1095 1096 1097
f 1095 1097 1235
f 1095 1235 1236
f 1095 1236 1242
f 1095 1242 1243
f 1103 1102 1100
f 1103 1100 1098
f 1103 1098 1099
f 1102 1104 1101
f 1102 1101 1100
f 1124 1126 1127
f 1124 1127 1212
f 1124 1212 1213
f 1124 1213 1214
f 1124 1214 1215
f 1124 1215 1225
f 1124 1225 923
f 1124 923 1151
f 1124 1151 1150
f 1124 1150 1145
f 1124 1145 1233
f 1124 1233 1106
f 1124 1106 1105
f 1124 1105 1104
f 1124 1104 1102
f 1124 1102 1103
f 1124 1103 1122
f 1124 1122 1121
f 1124 1121 1123
f 1107 1101 1104
f 1107 1104 1105
f 1105 1106 1110
f 1105 1110 1108
f 1105 1108 1107
f 1110 1111 1109
f 1110 1109 1108
f 1233 1139 1138
f 1233 1138 1137
f 1233 1137 1136
f 1233 1136 1125
f 1233 1125 1124
f 1233 1124 1123
f 1233 1123 1115
f 1233 1115 1114
f 1233 1114 1112
f 1233 1112 1111
f 1233 1111 1110
f 1233 1110 1106
f 1111 1112 1113
f 1111 1113 1109
f 1112 1114 1116
f 1112 1116 1117
f 1112 1117 1113
f 1114 1115 1118
f 1114 1118 1116
f 1115 1123 1121
f 1115 1121 1119
f 1115 1119 1118
f 1121 1122 1120
f 1121 1120 1119
f 1128 1126 1124
f 1128 1124 1125
f 1128 1125 1131
f 1130 1127 1126
f 1130 1126 1128
f 1129 1128 1131
f 1129 1131 1132
f 1129 1132 1228
f 1128 1129 1208
f 1128 1208 1209
f 1128 1209 1130
f 1132 1131 1133
f 1132 1133 1134
f 1132 1134 1231
f 1125 1136 1133
f 1125 1133 1131
f 1134 1133 1135
f 1134 1135 1165
f 1134 1165 1167
f 1136 1137 1135
f 1136 1135 1133
f 1137 1138 1140
f 1137 1140 1135
f 1138 1139 1142
f 1138 1142 1140
f 1165 1135 1140
f 1165 1140 1141
f 1165 1141 1164
f 1142 1143 1159
f 1142 1159 1141
f 1142 1141 1140
f 1143 1142 1144
f 1143 1144 1146
f 1142 1139 1233
f 1142 1233 1145
f 1142 1145 1144
f 1144 1145 1150
f 1144 1150 1147
f 1146 1144 1147
f 1146 1147 1149
f 1150 1151 1148
f 1150 1148 1147
f 1148 942 1149
f 1148 1149 1147
f 1151 923 925
f 1151 925 1152
f 1151 1152 1148
f 941 1153 1146
f 941 1146 1149
f 1152 930 932
f 1152 932 937
f 1152 937 942
f 1152 942 1148
f 1146 1153 1155
f 1146 1155 1143
f 944 1154 1153
f 944 1153 941
f 1154 1156 1155
f 1154 1155 1153
f 1158 1157 1155
f 1158 1155 1156
f 1158 1156 1160
f 1143 1155 1157
f 1143 1157 1159
f 1157 1158 1161
f 1157 1161 1141
f 1157 1141 1159
f 1160 1171 1163
f 1160 1163 1162
f 1160 1162 1161
f 1160 1161 1158
f 1161 1162 1164
f 1161 1164 1141
f 1162 1163 1166
f 1162 1166 1165
f 1162 1165 1164
f 1166 1168 1167
f 1166 1167 1165
f 1168 1169 1134
f 1168 1134 1167
f 1170 1172 1232
f 1170 1232 1169
f 1170 1169 1168
f 1171 1170 1168
f 1171 1168 1166
f 1171 1166 1163
f 1170 1171 1174
f 1170 1174 1173
f 1172 1170 1173
f 1172 1173 1176
f 1174 1187 1175
f 1174 1175 1173
f 1173 1175 1177
f 1173 1177 1176
f 1176 1177 1180
f 1176 1180 1178
f 1179 1172 1176
f 1179 1176 1178
f 1086 1201 1179
f 1086 1179 1178
f 1181 1183 1089
f 1181 1089 1180
f 1182 1181 1180
f 1182 1180 1177
f 1184 1182 1177
f 1184 1177 1175
f 1186 1185 1184
f 1186 1184 1175
f 1186 1175 1187
f 1188 1186 1187
f 1188 1187 1189
f 1191 1190 1188
f 1191 1188 1189
f 1194 1192 1190
f 1194 1190 1191
f 1193 1192 1194
f 1193 1194 1196
f 1191 1197 1195
f 1191 1195 1194
f 1194 1195 946
f 1194 946 1196
f 1199 1193 1196
f 1199 1196 947
f 1195 1154 944
f 1195 944 946
f 1197 1156 1154
f 1197 1154 1195
f 1160 1156 1197
f 1160 1197 1198
f 1197 1191 1189
f 1197 1189 1198
f 1198 1189 1187
f 1198 1187 1174
f 1171 1160 1198
f 1171 1198 1174
f 949 958 1199
f 949 1199 947
f 1172 1179 1200
f 1172 1200 1229
f 1172 1229 1230
f 1172 1230 1232
f 1179 1201 1202
f 1179 1202 1227
f 1179 1227 1200
f 1201 1203 1204
f 1201 1204 1202
f 1080 1205 1204
f 1080 1204 1203
f 1080 1203 1084
f 1129 1202 1204
f 1129 1204 1206
f 1129 1206 1208
f 1207 1206 1204
f 1207 1204 1205
f 1207 1205 1226
f 1207 1210 1209
f 1207 1209 1208
f 1207 1208 1206
f 1210 1212 1127
f 1210 1127 1130
f 1210 1130 1209
f 1210 1211 1213
f 1210 1213 1212
f 1210 1207 1221
f 1210 1221 1211
f 1211 1218 1216
f 1211 1216 1214
f 1211 1214 1213
f 1217 1215 1214
f 1217 1214 1216
f 1216 1218 1219
f 1216 1219 898
f 1216 898 1223
f 1216 1223 1222
f 1216 1222 1217
f 1211 1221 1220
f 1211 1220 1219
f 1211 1219 1218
f 1221 1207 1226
f 1221 1226 1078
f 1221 1078 892
f 908 914 1224
f 908 1224 1215
f 908 1215 1217
f 908 1217 1222
f 901 908 1222
f 901 1222 1223
f 916 1225 1215
f 916 1215 1224
f 1227 1202 1129
f 1227 1129 1228
f 1229 1200 1227
f 1229 1227 1228
f 1229 1228 1132
f 1230 1229 1132
f 1230 1132 1231
f 1169 1232 1230
f 1169 1230 1231
f 1169 1231 1134
f 1122 1103 1099
f 1122 1099 1120
f 1097 1234 1238
f 1097 1238 1237
f 1097 1237 1235
f 1235 1237 1240
f 1235 1240 1236
f 1238 1245 1239
f 1238 1239 1237
f 1237 1239 1021
f 1237 1021 1240
f 1240 1021 1024
f 1240 1024 1241
f 1236 1240 1241
f 1236 1241 1242
f 1242 1241 1033
f 1242 1033 1243
f 1241 1024 1026
f 1241 1026 1033
f 1253 1252 1095
f 1253 1095 1243
f 1253 1243 1032
f 1247 1249 1244
f 1247 1244 1239
f 1247 1239 1245
f 1234 1246 1245
f 1234 1245 1238
f 1246 1250 1248
f 1246 1248 1247
f 1246 1247 1245
f 1249 1247 1248
f 1249 1248 1251
f 1249 1251 1010
f 1248 1250 961
f 1248 961 1251
f 1039 1254 136
f 1039 136 132
f 1035 1255 140
f 1035 140 1254
f 1028 144 1255
f 1028 1255 1030
f 1257 1018 1256
f 1257 1256 1258
f 1260 148 1257
f 1260 1257 1258
f 1261 1260 1258
f 1261 1258 1259
f 1256 1273 1272
f 1256 1272 1271
f 1256 1271 1270
f 1256 1270 1269
f 1256 1269 1268
f 1256 1268 1267
f 1256 1267 1266
f 1256 1266 1265
f 1256 1265 1264
f 1256 1264 1262
f 1256 1262 1259
f 1256 1259 1258
f 358 1261 1259
f 358 1259 360
f 1262 1263 360
f 1262 360 1259
f 1276 1275 768
f 1278 1279 1280
f 1278 1280 1281
f 1278 1281 739
f 1280 321 324
f 1280 324 1282
f 1280 1282 1281
f 1282 1288 1286
f 1282 1286 1285
f 1282 1285 1283
f 1282 1283 1281
f 1283 1284 1864
f 1283 1864 739
f 1283 739 1281
f 1284 1283 1285
f 1284 1285 664
f 1284 664 668
f 1285 1286 662
f 1285 662 664
f 1289 1287 1286
f 1289 1286 1288
f 1288 1282 324
f 1288 324 1293
f 1288 1293 1291
f 1288 1291 1290
f 1288 1290 1289
f 436 1302 1287
f 436 1287 1289
f 436 1289 1290
f 1296 1295 345
f 1296 345 347
f 1297 1296 347
f 1297 347 1298
f 1299 1297 1298
f 1299 1298 1300
f 432 1299 1300
f 432 1300 354
f 1298 348 351
f 1298 351 1300
f 1301 1287 1302
f 1301 1302 1303
f 1301 1303 1305
f 436 438 1393
f 436 1393 1304
f 436 1304 1303
f 436 1303 1302
f 1303 1304 1306
f 1303 1306 1305
f 1305 1306 1308
f 1305 1308 1307
f 1310 1311 1301
f 1310 1301 1305
f 1310 1305 1307
f 1307 1308 1312
f 1307 1312 1309
f 647 650 1310
f 647 1310 1307
f 647 1307 1309
f 1315 1314 1313
f 1315 1313 1309
f 1315 1309 1312
f 1318 1863 645
f 1318 645 1313
f 1318 1313 1314
f 1318 1314 1316
f 1314 1315 1320
f 1314 1320 1319
f 1314 1319 1316
f 1319 1321 1317
f 1319 1317 1316
f 1815 1817 1318
f 1815 1318 1316
f 1815 1316 1317
f 1322 1321 1319
f 1322 1319 1320
f 1322 1320 1394
f 1322 1394 1323
f 1321 1322 1324
f 1321 1324 1325
f 1321 1325 1317
f 1327 1326 1324
f 1327 1324 1322
f 1327 1322 1323
f 1327 1323 1355
f 1324 1326 1328
f 1324 1328 1325
f 1326 1327 1862
f 1326 1862 1329
f 1326 1329 1328
f 1330 1331 1816
f 1330 1816 1325
f 1330 1325 1328
f 1334 1332 1330
f 1334 1330 1328
f 1334 1328 1329
f 1331 1330 1332
f 1331 1332 1333
f 1331 1333 1820
f 1331 1820 1812
f 1332 1334 1335
f 1332 1335 1337
f 1332 1337 1338
f 1332 1338 1847
f 1332 1847 1333
f 1336 1335 1334
f 1336 1334 1329
f 1336 1329 1349
f 1339 1337 1335
f 1339 1335 1336
f 1339 1336 1341
f 1337 1339 1340
f 1337 1340 1839
f 1337 1839 1338
f 1339 1342 1343
f 1339 1343 1841
f 1339 1841 1340
f 1342 1339 1341
f 1342 1341 1347
f 1342 1347 1345
f 1342 1344 1426
f 1342 1426 1427
f 1342 1427 1343
f 1344 1342 1345
f 1344 1345 1346
f 1344 1346 1420
f 1346 1345 1347
f 1346 1347 1348
f 1346 1348 1350
f 1347 1341 1336
f 1347 1336 1349
f 1347 1349 1348
f 1352 1351 1348
f 1352 1348 1349
f 1351 1353 1354
f 1351 1354 1350
f 1351 1350 1348
f 1353 1351 1352
f 1353 1352 1862
f 1353 1862 1327
f 1353 1327 1355
f 1357 1421 1354
f 1357 1354 1353
f 1357 1353 1355
f 1357 1355 1356
f 1395 1358 1356
f 1395 1356 1355
f 1395 1355 1323
f 1359 1360 1861
f 1359 1861 1860
f 1359 1860 1357
f 1359 1357 1356
f 1358 1397 1362
f 1358 1362 1361
f 1358 1361 1359
f 1358 1359 1356
f 1360 1359 1361
f 1360 1361 1363
f 1360 1363 1364
f 1361 1362 1366
f 1361 1366 1363
f 1365 1405 1406
f 1365 1406 1407
f 1365 1407 1364
f 1365 1364 1363
f 1366 1367 1368
f 1366 1368 1365
f 1366 1365 1363
f 1367 1366 1362
f 1367 1362 1371
f 1367 1371 1369
f 1372 1373 1368
f 1372 1368 1367
f 1372 1367 1369
f 1371 1374 1376
f 1371 1376 1377
f 1371 1377 1370
f 1371 1370 1369
f 1399 509 1372
f 1399 1372 1369
f 1399 1369 1370
f 521 1401 1368
f 521 1368 1373
f 521 1373 511
f 1374 1371 1362
f 1374 1362 1397
f 1374 1397 1375
f 1376 1374 1375
f 1376 1375 1378
f 1396 1377 1376
f 1396 1376 1378
f 1396 1378 1379
f 1396 1379 1380
f 1375 1382 1379
f 1375 1379 1378
f 1389 1390 1380
f 1389 1380 1379
f 1389 1379 1381
f 1382 1384 1381
f 1382 1381 1379
f 1397 1358 1395
f 1397 1395 1383
f 1397 1383 1382
f 1397 1382 1375
f 1383 1385 1384
f 1383 1384 1382
f 1385 1394 1320
f 1385 1320 1388
f 1385 1388 1386
f 1385 1386 1384
f 1386 1387 1389
f 1386 1389 1381
f 1386 1381 1384
f 1387 1386 1388
f 1387 1388 1312
f 1387 1312 1308
f 1388 1320 1315
f 1388 1315 1312
f 1391 1390 1389
f 1391 1389 1387
f 1391 1387 1308
f 1391 1308 1306
f 1390 1391 1392
f 1390 1392 467
f 1390 467 1380
f 1304 1393 1392
f 1304 1392 1391
f 1304 1391 1306
f 438 1875 465
f 438 465 1392
f 438 1392 1393
f 1394 1385 1383
f 1394 1383 1395
f 1394 1395 1323
f 1377 1396 469
f 1377 469 1398
f 1377 1398 1370
f 1400 505 1399
f 1400 1399 1370
f 1400 1370 1398
f 1402 1405 1365
f 1402 1365 1368
f 1402 1368 1401
f 1402 1401 521
f 1402 521 1404
f 1402 1403 1406
f 1402 1406 1405
f 1403 1402 1404
f 1403 1404 1596
f 1403 1596 1592
f 1403 1409 1408
f 1403 1408 1407
f 1403 1407 1406
f 1407 1408 1410
f 1407 1410 1411
f 1407 1411 1364
f 1409 1413 1412
f 1409 1412 1410
f 1409 1410 1408
f 1410 1412 1414
f 1410 1414 1415
f 1410 1415 1411
f 1413 1417 1416
f 1413 1416 1414
f 1413 1414 1412
f 1414 1416 1418
f 1414 1418 1419
f 1414 1419 1415
f 1417 1344 1420
f 1417 1420 1418
f 1417 1418 1416
f 1418 1420 1346
f 1418 1346 1350
f 1418 1350 1419
f 1354 1421 1419
f 1354 1419 1350
f 1421 1357 1860
f 1421 1860 1415
f 1421 1415 1419
f 1344 1417 1422
f 1344 1422 1424
f 1344 1424 1426
f 1417 1413 1590
f 1417 1590 1423
f 1417 1423 1422
f 1586 1436 1425
f 1586 1425 1424
f 1586 1424 1422
f 1586 1422 1423
f 1425 1430 1428
f 1425 1428 1427
f 1425 1427 1426
f 1425 1426 1424
f 1428 1429 1840
f 1428 1840 1841
f 1428 1841 1343
f 1428 1343 1427
f 1431 1432 1843
f 1431 1843 1429
f 1431 1429 1428
f 1431 1428 1430
f 1430 1425 1436
f 1430 1436 1435
f 1430 1435 1433
f 1430 1433 1431
f 1432 1431 1433
f 1432 1433 1434
f 1432 1434 1844
f 1456 1458 1460
f 1456 1460 1542
f 1456 1542 1540
f 1456 1540 1539
f 1456 1539 1538
f 1456 1538 1535
f 1456 1535 1434
f 1456 1434 1433
f 1456 1433 1435
f 1456 1435 1438
f 1456 1438 1440
f 1584 1437 1435
f 1584 1435 1436
f 1584 1436 1586
f 1584 1586 1585
f 1437 1597 1599
f 1437 1599 1601
f 1437 1601 1602
f 1437 1602 1607
f 1437 1607 1608
f 1437 1608 1609
f 1437 1609 1442
f 1437 1442 1441
f 1437 1441 1438
f 1437 1438 1435
f 1439 1438 1441
f 1439 1441 1444
f 1450 1440 1438
f 1450 1438 1439
f 1443 1441 1442
f 1443 1442 1691
f 1446 1445 1444
f 1446 1444 1441
f 1446 1441 1443
f 1444 1445 1447
f 1444 1447 1449
f 1444 1449 1450
f 1444 1450 1439
f 1448 1447 1445
f 1448 1445 1446
f 1448 1446 1688
f 1780 1488 1480
f 1780 1480 1479
f 1780 1479 1478
f 1780 1478 1473
f 1780 1473 1856
f 1780 1856 1452
f 1780 1452 1451
f 1780 1451 1449
f 1780 1449 1447
f 1780 1447 1448
f 1780 1448 1692
f 1780 1692 1693
f 1780 1693 1695
f 1780 1695 1697
f 1780 1697 1698
f 1780 1698 1706
f 1780 1706 1707
f 1780 1707 1708
f 1780 1708 1720
f 1780 1720 1721
f 1780 1721 1723
f 1780 1723 1725
f 1780 1725 1726
f 1780 1726 1779
f 1451 1453 1455
f 1451 1455 1450
f 1451 1450 1449
f 1858 1454 1453
f 1858 1453 1451
f 1858 1451 1452
f 1859 1457 1456
f 1859 1456 1455
f 1859 1455 1453
f 1859 1453 1454
f 1455 1456 1440
f 1455 1440 1450
f 1461 1458 1456
f 1461 1456 1457
f 1460 1458 1459
f 1460 1459 1544
f 1458 1461 1462
f 1458 1462 1464
f 1458 1464 1465
f 1458 1465 1510
f 1458 1510 1508
f 1458 1508 1506
f 1458 1506 1505
f 1458 1505 1504
f 1458 1504 1501
f 1458 1501 1503
f 1458 1503 1515
f 1458 1515 1517
f 1458 1517 1519
f 1458 1519 1521
f 1458 1521 1523
f 1458 1523 1525
f 1458 1525 1527
f 1458 1527 1529
f 1458 1529 1531
f 1458 1531 1459
f 1462 1461 1457
f 1462 1457 1859
f 1462 1859 1463
f 1464 1462 1463
f 1464 1463 1467
f 1464 1467 1466
f 1465 1464 1466
f 1465 1466 1468
f 1465 1468 1469
f 1468 1466 1467
f 1468 1467 1857
f 1468 1857 1471
f 1468 1471 1470
f 1475 1469 1468
f 1475 1468 1470
f 1475 1470 1472
f 1475 1472 1474
f 1472 1470 1471
f 1472 1471 1856
f 1472 1856 1473
f 1476 1474 1472
f 1476 1472 1473
f 1476 1473 1478
f 1512 1513 1475
f 1512 1475 1474
f 1512 1474 1476
f 1512 1476 1477
f 1481 1477 1476
f 1481 1476 1478
f 1481 1478 1479
f 1484 1482 1481
f 1484 1481 1479
f 1484 1479 1480
f 1483 1511 1512
f 1483 1512 1477
f 1483 1477 1481
f 1483 1481 1482
f 1486 1509 1483
f 1486 1483 1482
f 1486 1482 1484
f 1486 1484 1485
f 1487 1485 1484
f 1487 1484 1480
f 1487 1480 1488
f 1490 1507 1486
f 1490 1486 1485
f 1490 1485 1487
f 1490 1487 1489
f 1491 1489 1487
f 1491 1487 1488
f 1491 1488 1780
f 1491 1780 1492
f 1494 1490 1489
f 1494 1489 1491
f 1494 1491 1493
f 1492 1496 1495
f 1492 1495 1493
f 1492 1493 1491
f 1493 1495 1497
f 1493 1497 1499
f 1493 1499 1494
f 1652 1498 1497
f 1652 1497 1495
f 1652 1495 1496
f 1652 1496 1653
f 1498 1500 1499
f 1498 1499 1497
f 1494 1499 1501
f 1494 1501 1504
f 1550 1547 1548
f 1550 1548 1848
f 1550 1848 1849
f 1550 1849 1853
f 1550 1853 1855
f 1550 1855 1502
f 1550 1502 1501
f 1550 1501 1499
f 1550 1499 1500
f 1550 1500 1552
f 1514 1503 1501
f 1514 1501 1502
f 1504 1505 1507
f 1504 1507 1490
f 1504 1490 1494
f 1505 1506 1509
f 1505 1509 1486
f 1505 1486 1507
f 1506 1508 1511
f 1506 1511 1483
f 1506 1483 1509
f 1508 1510 1513
f 1508 1513 1512
f 1508 1512 1511
f 1510 1465 1469
f 1510 1469 1475
f 1510 1475 1513
f 1515 1503 1514
f 1515 1514 1854
f 1515 1854 1852
f 1515 1852 1851
f 1515 1851 1850
f 1515 1850 1546
f 1515 1546 1545
f 1515 1545 1516
f 1516 1518 1517
f 1516 1517 1515
f 1518 1520 1519
f 1518 1519 1517
f 1520 1522 1521
f 1520 1521 1519
f 1522 1524 1523
f 1522 1523 1521
f 1524 1526 1525
f 1524 1525 1523
f 1526 1528 1527
f 1526 1527 1525
f 1528 1530 1529
f 1528 1529 1527
f 1530 1532 1531
f 1530 1531 1529
f 1532 1533 1534
f 1532 1534 1536
f 1532 1536 1537
f 1532 1537 1541
f 1532 1541 1543
f 1532 1543 1544
f 1532 1544 1459
f 1532 1459 1531
f 1547 1549 1800
f 1547 1800 1845
f 1547 1845 1829
f 1547 1829 1828
f 1547 1828 1830
f 1547 1830 1831
f 1547 1831 1832
f 1547 1832 1844
f 1547 1844 1434
f 1547 1434 1533
f 1547 1533 1532
f 1547 1532 1530
f 1547 1530 1528
f 1547 1528 1526
f 1547 1526 1524
f 1547 1524 1522
f 1547 1522 1520
f 1547 1520 1518
f 1547 1518 1516
f 1547 1516 1545
f 1534 1533 1434
f 1534 1434 1535
f 1535 1538 1536
f 1535 1536 1534
f 1538 1539 1537
f 1538 1537 1536
f 1539 1540 1541
f 1539 1541 1537
f 1543 1541 1540
f 1543 1540 1542
f 1542 1460 1544
f 1542 1544 1543
f 1548 1547 1545
f 1548 1545 1546
f 1549 1547 1550
f 1549 1550 1551
f 1549 1551 1796
f 1551 1550 1552
f 1551 1552 1553
f 1551 1553 1794
f 1551 1794 1795
f 1647 1645 1631
f 1647 1631 1633
f 1647 1633 1635
f 1647 1635 1638
f 1647 1638 1639
f 1647 1639 1640
f 1647 1640 1641
f 1647 1641 1557
f 1647 1557 1556
f 1647 1556 1554
f 1647 1554 1552
f 1647 1552 1500
f 1647 1500 1650
f 1792 619 1553
f 1792 1553 1552
f 1792 1552 1554
f 1792 1554 1555
f 1560 1555 1554
f 1560 1554 1556
f 1560 1556 1558
f 1556 1557 1644
f 1556 1644 1627
f 1556 1627 1626
f 1556 1626 1625
f 1556 1625 1624
f 1556 1624 1619
f 1556 1619 1618
f 1556 1618 1616
f 1556 1616 1615
f 1556 1615 1614
f 1556 1614 1598
f 1556 1598 1597
f 1556 1597 1579
f 1556 1579 1578
f 1556 1578 1577
f 1556 1577 1573
f 1556 1573 1566
f 1556 1566 1564
f 1556 1564 1563
f 1556 1563 1559
f 1556 1559 1558
f 1562 1561 1560
f 1562 1560 1558
f 1562 1558 1559
f 1555 1560 1561
f 1555 1561 606
f 1555 606 1793
f 1555 1793 1792
f 1565 604 1562
f 1565 1562 1559
f 1565 1559 1563
f 1567 602 1565
f 1567 1565 1563
f 1567 1563 1564
f 1570 1568 1567
f 1570 1567 1564
f 1570 1564 1566
f 1568 1570 1571
f 1568 1571 527
f 1568 527 1791
f 1568 1791 1569
f 1572 1571 1570
f 1572 1570 1566
f 1572 1566 1573
f 1575 1574 1572
f 1575 1572 1573
f 1575 1573 1577
f 1574 1575 1576
f 1574 1576 1594
f 1574 1594 1595
f 1574 1595 525
f 1580 1576 1575
f 1580 1575 1577
f 1580 1577 1578
f 1583 1581 1580
f 1583 1580 1578
f 1583 1578 1579
f 1576 1580 1581
f 1576 1581 1582
f 1576 1582 1593
f 1576 1593 1594
f 1581 1583 1584
f 1581 1584 1585
f 1581 1585 1587
f 1581 1587 1582
f 1579 1597 1437
f 1579 1437 1584
f 1579 1584 1583
f 1587 1585 1586
f 1587 1586 1423
f 1587 1423 1590
f 1587 1590 1588
f 1593 1582 1587
f 1593 1587 1588
f 1593 1588 1589
f 1593 1589 1591
f 1413 1409 1589
f 1413 1589 1588
f 1413 1588 1590
f 1409 1403 1592
f 1409 1592 1591
f 1409 1591 1589
f 1595 1594 1593
f 1595 1593 1591
f 1595 1591 1592
f 1595 1592 1596
f 1599 1597 1598
f 1599 1598 1600
f 1600 1603 1601
f 1600 1601 1599
f 1603 1604 1602
f 1603 1602 1601
f 1612 1611 1610
f 1612 1610 1606
f 1612 1606 1605
f 1612 1605 1604
f 1612 1604 1603
f 1612 1603 1600
f 1612 1600 1598
f 1612 1598 1614
f 1604 1605 1607
f 1604 1607 1602
f 1608 1607 1605
f 1608 1605 1606
f 1609 1608 1606
f 1609 1606 1610
f 1610 1611 1442
f 1610 1442 1609
f 1645 1646 1667
f 1645 1667 1666
f 1645 1666 1668
f 1645 1668 1670
f 1645 1670 1672
f 1645 1672 1673
f 1645 1673 1690
f 1645 1690 1691
f 1645 1691 1442
f 1645 1442 1611
f 1645 1611 1612
f 1645 1612 1613
f 1645 1613 1617
f 1645 1617 1620
f 1645 1620 1621
f 1645 1621 1622
f 1645 1622 1623
f 1645 1623 1628
f 1645 1628 1629
f 1645 1629 1630
f 1645 1630 1631
f 1613 1612 1614
f 1613 1614 1615
f 1617 1613 1615
f 1617 1615 1616
f 1620 1617 1616
f 1620 1616 1618
f 1621 1620 1618
f 1621 1618 1619
f 1622 1621 1619
f 1622 1619 1624
f 1623 1622 1624
f 1623 1624 1625
f 1628 1623 1625
f 1628 1625 1626
f 1629 1628 1626
f 1629 1626 1627
f 1627 1644 1643
f 1627 1643 1642
f 1627 1642 1637
f 1627 1637 1636
f 1627 1636 1634
f 1627 1634 1632
f 1627 1632 1630
f 1627 1630 1629
f 1633 1631 1630
f 1633 1630 1632
f 1632 1634 1635
f 1632 1635 1633
f 1634 1636 1638
f 1634 1638 1635
f 1639 1638 1636
f 1639 1636 1637
f 1640 1639 1637
f 1640 1637 1642
f 1642 1643 1641
f 1642 1641 1640
f 1643 1644 1557
f 1643 1557 1641
f 1646 1645 1647
f 1646 1647 1648
f 1648 1647 1649
f 1648 1649 1655
f 1648 1655 1659
f 1649 1647 1650
f 1649 1650 1651
f 1651 1650 1500
f 1651 1500 1498
f 1651 1498 1652
f 1653 1654 1655
f 1653 1655 1649
f 1653 1649 1651
f 1653 1651 1652
f 1692 1685 1681
f 1692 1681 1782
f 1692 1782 1783
f 1692 1783 1784
f 1692 1784 1657
f 1692 1657 1656
f 1692 1656 1654
f 1692 1654 1653
f 1692 1653 1496
f 1692 1496 1492
f 1692 1492 1780
f 1692 1780 1779
f 1692 1779 1743
f 1692 1743 1742
f 1692 1742 1744
f 1692 1744 1745
f 1692 1745 1751
f 1692 1751 1755
f 1692 1755 1766
f 1692 1766 1765
f 1692 1765 1767
f 1692 1767 1768
f 1692 1768 1694
f 1692 1694 1693
f 1658 1659 1655
f 1658 1655 1654
f 1658 1654 1656
f 1656 1657 1661
f 1656 1661 1660
f 1656 1660 1658
f 1659 1658 1660
f 1659 1660 1662
f 1659 1662 1663
f 1659 1663 1648
f 1660 1661 1790
f 1660 1790 1665
f 1660 1665 1664
f 1660 1664 1662
f 1666 1667 1663
f 1666 1663 1662
f 1666 1662 1664
f 1668 1666 1664
f 1668 1664 1665
f 1668 1665 1669
f 1670 1668 1669
f 1670 1669 1789
f 1670 1789 1671
f 1672 1670 1671
f 1672 1671 1675
f 1672 1675 1674
f 1673 1672 1674
f 1673 1674 1676
f 1673 1676 1677
f 1787 1679 1678
f 1787 1678 1676
f 1787 1676 1674
f 1787 1674 1675
f 1678 1680 1682
f 1678 1682 1683
f 1678 1683 1677
f 1678 1677 1676
f 1782 1681 1680
f 1782 1680 1678
f 1782 1678 1679
f 1681 1685 1684
f 1681 1684 1682
f 1681 1682 1680
f 1682 1684 1686
f 1682 1686 1687
f 1682 1687 1689
f 1682 1689 1683
f 1685 1692 1448
f 1685 1448 1688
f 1685 1688 1686
f 1685 1686 1684
f 1686 1688 1446
f 1686 1446 1443
f 1686 1443 1687
f 1691 1690 1689
f 1691 1689 1687
f 1691 1687 1443
f 1690 1673 1677
f 1690 1677 1683
f 1690 1683 1689
f 1773 1774 1776
f 1773 1776 1696
f 1773 1696 1695
f 1773 1695 1693
f 1773 1693 1694
f 1696 1700 1699
f 1696 1699 1697
f 1696 1697 1695
f 1699 1701 1703
f 1699 1703 1698
f 1699 1698 1697
f 1778 1702 1701
f 1778 1701 1699
f 1778 1699 1700
f 1702 1714 1705
f 1702 1705 1704
f 1702 1704 1703
f 1702 1703 1701
f 1703 1704 1706
f 1703 1706 1698
f 1704 1705 1709
f 1704 1709 1707
f 1704 1707 1706
f 1709 1710 1711
f 1709 1711 1708
f 1709 1708 1707
f 1714 1712 1710
f 1714 1710 1709
f 1714 1709 1705
f 1712 1713 1711
f 1712 1711 1710
f 1713 1715 1717
f 1713 1717 1711
f 1715 1716 1719
f 1715 1719 1718
f 1715 1718 1717
f 1711 1717 1718
f 1711 1718 1720
f 1711 1720 1708
f 1718 1719 1722
f 1718 1722 1721
f 1718 1721 1720
f 1722 1724 1723
f 1722 1723 1721
f 1724 1728 1727
f 1724 1727 1725
f 1724 1725 1723
f 1727 1729 1731
f 1727 1731 1726
f 1727 1726 1725
f 1781 1730 1729
f 1781 1729 1727
f 1781 1727 1728
f 1730 1733 1732
f 1730 1732 1731
f 1730 1731 1729
f 1731 1732 1734
f 1731 1734 1735
f 1731 1735 1743
f 1731 1743 1779
f 1731 1779 1726
f 1733 1736 1734
f 1733 1734 1732
f 1736 1737 1739
f 1736 1739 1735
f 1736 1735 1734
f 1737 1738 1741
f 1737 1741 1740
f 1737 1740 1739
f 1735 1739 1740
f 1735 1740 1742
f 1735 1742 1743
f 1740 1741 1746
f 1740 1746 1744
f 1740 1744 1742
f 1746 1747 1745
f 1746 1745 1744
f 1738 1749 1748
f 1738 1748 1747
f 1738 1747 1746
f 1738 1746 1741
f 1747 1748 1750
f 1747 1750 1751
f 1747 1751 1745
f 1749 1753 1752
f 1749 1752 1750
f 1749 1750 1748
f 1750 1752 1754
f 1750 1754 1755
f 1750 1755 1751
f 1753 1756 1754
f 1753 1754 1752
f 1766 1755 1754
f 1766 1754 1757
f 1766 1757 1758
f 1757 1754 1756
f 1757 1756 1759
f 1759 1760 1762
f 1759 1762 1758
f 1759 1758 1757
f 1760 1761 1770
f 1760 1770 1764
f 1760 1764 1763
f 1760 1763 1762
f 1758 1762 1763
f 1758 1763 1765
f 1758 1765 1766
f 1763 1764 1767
f 1763 1767 1765
f 1764 1770 1769
f 1764 1769 1768
f 1764 1768 1767
f 1769 1771 1773
f 1769 1773 1694
f 1769 1694 1768
f 1761 1772 1771
f 1761 1771 1769
f 1761 1769 1770
f 1772 1775 1774
f 1772 1774 1773
f 1772 1773 1771
f 1775 1777 1776
f 1775 1776 1774
f 1777 1778 1700
f 1777 1700 1696
f 1777 1696 1776
f 1716 1781 1728
f 1716 1728 1724
f 1716 1724 1722
f 1716 1722 1719
f 1783 1782 1679
f 1783 1679 1787
f 1783 1787 1785
f 1784 1783 1785
f 1784 1785 1786
f 1784 1786 1788
f 1786 1785 1787
f 1786 1787 1675
f 1786 1675 1671
f 1786 1671 1789
f 1790 1788 1786
f 1790 1786 1789
f 1790 1789 1669
f 1790 1669 1665
f 1657 1784 1788
f 1657 1788 1790
f 1657 1790 1661
f 1667 1646 1648
f 1667 1648 1663
f 1797 1796 1551
f 1797 1551 1795
f 1797 1795 634
f 1797 634 1798
f 1796 1797 1799
f 1796 1799 1800
f 1796 1800 1549
f 1801 1799 1797
f 1801 1797 1798
f 1801 1798 1804
f 1801 1804 1803
f 1799 1801 1802
f 1799 1802 1845
f 1799 1845 1800
f 1808 1802 1801
f 1808 1801 1803
f 1808 1803 1805
f 1808 1805 1807
f 1805 1803 1804
f 1805 1804 1819
f 1805 1819 1818
f 1805 1818 1806
f 1809 1807 1805
f 1809 1805 1806
f 1809 1806 1813
f 1809 1813 1811
f 1827 1846 1808
f 1827 1808 1807
f 1827 1807 1809
f 1827 1809 1810
f 1821 1810 1809
f 1821 1809 1811
f 1821 1811 1812
f 1821 1812 1820
f 1814 1816 1331
f 1814 1331 1812
f 1814 1812 1811
f 1814 1811 1813
f 1813 1806 1818
f 1813 1818 1817
f 1813 1817 1815
f 1813 1815 1814
f 1816 1814 1815
f 1816 1815 1317
f 1816 1317 1325
f 1863 1318 1817
f 1863 1817 1818
f 1863 1818 1819
f 1863 1819 643
f 1823 1822 1821
f 1823 1821 1820
f 1823 1820 1333
f 1823 1333 1847
f 1824 1826 1827
f 1824 1827 1810
f 1824 1810 1821
f 1824 1821 1822
f 1835 1825 1824
f 1835 1824 1822
f 1835 1822 1823
f 1835 1823 1836
f 1826 1824 1825
f 1826 1825 1830
f 1826 1830 1828
f 1846 1827 1826
f 1846 1826 1828
f 1846 1828 1829
f 1825 1835 1833
f 1825 1833 1831
f 1825 1831 1830
f 1833 1834 1842
f 1833 1842 1832
f 1833 1832 1831
f 1834 1833 1835
f 1834 1835 1836
f 1834 1836 1837
f 1834 1837 1838
f 1837 1836 1823
f 1837 1823 1847
f 1837 1847 1338
f 1837 1338 1839
f 1840 1838 1837
f 1840 1837 1839
f 1840 1839 1340
f 1840 1340 1841
f 1843 1842 1834
f 1843 1834 1838
f 1843 1838 1840
f 1843 1840 1429
f 1842 1843 1432
f 1842 1432 1844
f 1842 1844 1832
f 1802 1808 1846
f 1802 1846 1829
f 1802 1829 1845
f 1848 1548 1546
f 1848 1546 1850
f 1850 1851 1849
f 1850 1849 1848
f 1851 1852 1853
f 1851 1853 1849
f 1855 1853 1852
f 1855 1852 1854
f 1502 1855 1854
f 1502 1854 1514
f 1471 1857 1858
f 1471 1858 1452
f 1471 1452 1856
f 1467 1463 1859
f 1467 1859 1454
f 1467 1454 1858
f 1467 1858 1857
f 1860 1861 1411
f 1860 1411 1415
f 1861 1360 1364
f 1861 1364 1411
f 1862 1352 1349
f 1862 1349 1329
f 1865 1864 1284
f 1865 1284 668
f 1865 668 726
f 627 1866 705
f 627 705 702
f 621 615 1866
f 621 1866 627
f 665 658 656
f 665 656 673
f 584 1870 1869
f 1870 542 1871
f 1870 1871 564
f 1870 564 1869
f 1874 1872 1873
f 1874 1873 519
f 1877 278 269
f 1877 269 267
f 1878 1877 267
f 1878 267 239
f 25 1881 228
f 25 228 1880
f 57 53 25
f 57 25 1880
f 1882 224 228
f 1882 228 1881
f 1883 1882 1881
f 1883 1881 24
f 29 1884 1883
f 29 1883 24
f 1885 1884 29
f 1885 29 31
f 1892 1891 202
f 1892 202 1885
f 1892 1885 31
f 221 1886 1888
f 221 1888 69
f 221 69 219
f 1886 1887 1889
f 1886 1889 1888
f 1887 204 1890
f 1887 1890 1889
f 189 1894 1895
f 189 1895 1897
f 189 1897 183
f 113 116 1900
f 113 1900 1896
f 113 1896 1895
f 113 1895 1894
f 1895 1896 1899
f 1895 1899 1897
f 1899 1898 1897
f 177 179 182
f 177 182 1898
f 177 1898 1899
f 177 1899 1896
f 177 1896 1900
f 177 1900 130
f 177 130 134
f 1905 1904 1901
f 1905 1901 1902
f 1905 1902 3453
f 1905 3453 4212
f 1901 1903 1912
f 1901 1912 3459
f 1901 3459 3458
f 1901 3458 1902
f 1903 1901 1904
f 1903 1904 1906
f 1903 1906 1908
f 1903 1908 1910
f 1904 1905 4209
f 1904 4209 4210
f 1904 4210 1907
f 1904 1907 1906
f 4190 4213 1909
f 4190 1909 1908
f 4190 1908 1906
f 4190 1906 1907
f 1909 3974 1913
f 1909 1913 1911
f 1909 1911 1910
f 1909 1910 1908
f 1910 1911 1912
f 1910 1912 1903
f 1915 1912 1911
f 1915 1911 1914
f 1914 1911 1913
f 1914 1913 1916
f 1920 1915 1914
f 1920 1914 1917
f 1916 3973 1918
f 1916 1918 1917
f 1916 1917 1914
f 1918 3970 4218
f 1918 4218 4219
f 1918 4219 4230
f 1918 4230 4228
f 1918 4228 1919
f 1918 1919 1917
f 1917 1919 1922
f 1917 1922 1920
f 1915 1920 1921
f 1915 1921 3462
f 1920 1922 1923
f 1920 1923 3512
f 1920 3512 3515
f 1920 3515 1921
f 1926 1924 1922
f 1926 1922 1919
f 1926 1919 1928
f 1925 3504 3503
f 1925 3503 3502
f 1925 3502 3501
f 1925 3501 3500
f 1925 3500 3499
f 1925 3499 3498
f 1925 3498 3497
f 1925 3497 3496
f 1925 3496 3495
f 1925 3495 3492
f 1925 3492 3494
f 1925 3494 3506
f 1925 3506 3507
f 1925 3507 3509
f 1925 3509 3511
f 1925 3511 1923
f 1925 1923 1922
f 1925 1922 1924
f 1924 1926 1927
f 1924 1927 3540
f 1924 3540 3539
f 1924 3539 3538
f 1924 3538 3537
f 1924 3537 3536
f 1924 3536 3535
f 1924 3535 3534
f 1924 3534 3533
f 1924 3533 3532
f 1924 3532 3531
f 1924 3531 3530
f 1924 3530 3528
f 1924 3528 3527
f 1924 3527 3526
f 1924 3526 3524
f 1924 3524 3523
f 1924 3523 3522
f 1924 3522 3521
f 1924 3521 3520
f 1924 3520 3519
f 1924 3519 1925
f 1928 1929 1930
f 1928 1930 1927
f 1928 1927 1926
f 1929 1928 1919
f 1929 1919 4228
f 1929 4228 4227
f 1929 4227 4229
f 1929 4229 4226
f 1929 4226 1944
f 1929 1944 1943
f 1929 1943 1942
f 1929 1942 1941
f 1929 1941 1940
f 1929 1940 1939
f 1929 1939 1938
f 1929 1938 1937
f 1929 1937 1936
f 1929 1936 1935
f 1929 1935 1934
f 1929 1934 1933
f 1929 1933 1931
f 1931 1932 1974
f 1931 1974 1973
f 1931 1973 1972
f 1931 1972 1971
f 1931 1971 1970
f 1931 1970 1969
f 1931 1969 1968
f 1931 1968 1966
f 1931 1966 1965
f 1931 1965 1964
f 1931 1964 1963
f 1931 1963 1961
f 1931 1961 1960
f 1931 1960 1959
f 1931 1959 1958
f 1931 1958 1957
f 1931 1957 1956
f 1931 1956 1955
f 1931 1955 1930
f 1931 1930 1929
f 1948 1932 1931
f 1948 1931 1933
f 1948 1933 1934
f 1948 1934 1935
f 1948 1935 1936
f 1948 1936 1937
f 1948 1937 1938
f 1948 1938 1939
f 1948 1939 1940
f 1948 1940 1941
f 1948 1941 1942
f 1948 1942 1943
f 1948 1943 1945
f 1948 1945 1947
f 4222 3968 1946
f 4222 1946 1945
f 4222 1945 1943
f 4222 1943 1944
f 4222 1944 4224
f 4222 4224 4223
f 1950 1949 1947
f 1950 1947 1945
f 1950 1945 1946
f 1950 1946 3947
f 1950 3947 3945
f 1950 3945 3944
f 1950 3944 3943
f 1951 1948 1947
f 1951 1947 1949
f 1952 1951 1949
f 1952 1949 1950
f 1952 1950 1980
f 1948 1951 1953
f 1948 1953 1955
f 1948 1955 1956
f 1948 1956 1957
f 1948 1957 1958
f 1948 1958 1959
f 1948 1959 1960
f 1948 1960 1961
f 1948 1961 1962
f 1948 1962 1964
f 1948 1964 1965
f 1948 1965 1967
f 1948 1967 1968
f 1948 1968 1969
f 1948 1969 1970
f 1948 1970 1971
f 1948 1971 1972
f 1948 1972 1973
f 1948 1973 1974
f 1948 1974 1932
f 1954 1953 1951
f 1954 1951 1952
f 1953 1954 1975
f 1953 1975 1976
f 1953 1976 1989
f 1953 1989 2006
f 1953 2006 2005
f 1953 2005 2007
f 1953 2007 2010
f 1953 2010 1930
f 1953 1930 1955
f 1975 1954 1952
f 1975 1952 1977
f 1976 1975 1977
f 1976 1977 1978
f 1976 1978 1984
f 1977 1952 1980
f 1977 1980 1979
f 1978 1977 1979
f 1978 1979 1981
f 3943 3941 3942
f 3943 3942 4242
f 3943 4242 4244
f 3943 4244 2004
f 3943 2004 2000
f 3943 2000 1999
f 3943 1999 1997
f 3943 1997 1995
f 3943 1995 1993
f 3943 1993 1992
f 3943 1992 1991
f 3943 1991 1987
f 3943 1987 1983
f 3943 1983 1982
f 3943 1982 1981
f 3943 1981 1979
f 3943 1979 1980
f 3943 1980 1950
f 1984 1978 1981
f 1984 1981 1982
f 1985 1984 1982
f 1985 1982 1983
f 1989 1976 1984
f 1989 1984 1985
f 1989 1985 1986
f 1989 1986 1988
f 1986 1985 1983
f 1986 1983 1987
f 1988 1986 1987
f 1988 1987 1991
f 2006 1989 1988
f 2006 1988 1990
f 2006 1990 1994
f 2006 1994 1996
f 1990 1988 1991
f 1990 1991 1992
f 1994 1990 1992
f 1994 1992 1993
f 1996 1994 1993
f 1996 1993 1995
f 1998 1996 1995
f 1998 1995 1997
f 2001 1998 1997
f 2001 1997 1999
f 2002 2001 1999
f 2002 1999 2000
f 2006 1996 1998
f 2006 1998 2001
f 2006 2001 2002
f 2006 2002 2003
f 2006 2003 2005
f 2002 2000 2004
f 2002 2004 2003
f 2007 2005 2003
f 2007 2003 2004
f 2007 2004 4244
f 2007 4244 4245
f 2007 4245 3932
f 2007 3932 3931
f 2007 3931 3930
f 2007 3930 3929
f 2007 3929 2009
f 4638 4636 2012
f 4638 2012 2010
f 4638 2010 2007
f 4638 2007 2008
f 4638 2008 4637
f 2007 2009 3923
f 2007 3923 3924
f 2007 3924 3926
f 2007 3926 3855
f 2007 3855 3854
f 2007 3854 3707
f 2007 3707 3706
f 2007 3706 3708
f 2007 3708 3709
f 2007 3709 3710
f 2007 3710 3755
f 2007 3755 3771
f 2007 3771 3772
f 2007 3772 3773
f 2007 3773 3784
f 2007 3784 3785
f 2007 3785 3786
f 2007 3786 3787
f 2007 3787 3848
f 2007 3848 3849
f 2007 3849 3850
f 2007 3850 2008
f 2015 2013 2010
f 2015 2010 2011
f 2010 2013 1927
f 2010 1927 1930
f 2019 2014 2013
f 2019 2013 2015
f 2019 2015 2017
f 3540 1927 2013
f 3540 2013 2014
f 3540 2014 3541
f 3540 3541 3517
f 2016 2015 2011
f 2016 2011 2238
f 2234 2233 2232
f 2234 2232 2231
f 2234 2231 2226
f 2234 2226 2225
f 2234 2225 2224
f 2234 2224 2223
f 2234 2223 2218
f 2234 2218 2217
f 2234 2217 2216
f 2234 2216 2215
f 2234 2215 2212
f 2234 2212 2204
f 2234 2204 2205
f 2234 2205 2206
f 2234 2206 2207
f 2234 2207 2210
f 2234 2210 2211
f 2234 2211 2200
f 2234 2200 2201
f 2234 2201 2025
f 2234 2025 2024
f 2234 2024 2023
f 2234 2023 2018
f 2234 2018 2017
f 2234 2017 2015
f 2234 2015 2016
f 2017 2018 2020
f 2017 2020 2019
f 3601 3599 3602
f 3601 3602 3603
f 3601 3603 3604
f 3601 3604 3605
f 3601 3605 3606
f 3601 3606 3607
f 3601 3607 3611
f 3601 3611 2014
f 3601 2014 2019
f 3601 2019 2020
f 3601 2020 2021
f 3601 2021 2022
f 2018 2023 2021
f 2018 2021 2020
f 2023 2024 2026
f 2023 2026 2022
f 2023 2022 2021
f 2053 2052 2051
f 2053 2051 2050
f 2053 2050 2049
f 2053 2049 2048
f 2053 2048 2047
f 2053 2047 2046
f 2053 2046 2045
f 2053 2045 2044
f 2053 2044 2043
f 2053 2043 2042
f 2053 2042 2041
f 2053 2041 2039
f 2053 2039 2038
f 2053 2038 2037
f 2053 2037 2036
f 2053 2036 2034
f 2053 2034 2033
f 2053 2033 2032
f 2053 2032 2031
f 2053 2031 2030
f 2053 2030 2029
f 2053 2029 2028
f 2053 2028 2027
f 2053 2027 2026
f 2053 2026 2024
f 2053 2024 2025
f 2053 2025 2054
f 2026 2027 2028
f 2026 2028 2029
f 2026 2029 2030
f 2026 2030 2031
f 2026 2031 2032
f 2026 2032 2033
f 2026 2033 2034
f 2026 2034 2035
f 2026 2035 2037
f 2026 2037 2038
f 2026 2038 2039
f 2026 2039 2040
f 2026 2040 2042
f 2026 2042 2043
f 2026 2043 2044
f 2026 2044 2045
f 2026 2045 2046
f 2026 2046 2047
f 2026 2047 2048
f 2026 2048 2049
f 2026 2049 2050
f 2026 2050 2051
f 2026 2051 2052
f 2026 2052 2053
f 2026 2053 2056
f 2026 2056 2057
f 2026 2057 3598
f 2026 3598 3595
f 2026 3595 3600
f 2026 3600 3601
f 2026 3601 2022
f 2054 2192 2055
f 2054 2055 2053
f 2056 2053 2055
f 2056 2055 2060
f 2056 2060 2058
f 2057 2056 2058
f 2057 2058 2059
f 2063 2059 2058
f 2063 2058 2061
f 2060 2075 2074
f 2060 2074 2062
f 2060 2062 2061
f 2060 2061 2058
f 2065 2063 2061
f 2065 2061 2062
f 2064 3597 2059
f 2064 2059 2063
f 2066 2064 2063
f 2066 2063 2065
f 2067 2065 2062
f 2067 2062 2070
f 2068 2066 2065
f 2068 2065 2067
f 3584 2068 2067
f 3584 2067 2069
f 2069 2067 2070
f 2069 2070 2071
f 2072 2073 2071
f 2072 2071 2070
f 2074 2072 2070
f 2074 2070 2062
f 2076 2078 2079
f 2076 2079 3567
f 2076 3567 3568
f 2076 3568 2073
f 2076 2073 2072
f 2076 2072 2074
f 2076 2074 2075
f 2075 2060 2055
f 2075 2055 2192
f 2075 2192 2077
f 2075 2077 2076
f 2078 2076 2077
f 2078 2077 2081
f 2078 2081 2080
f 3614 3613 3566
f 3614 3566 2079
f 3614 2079 2078
f 3614 2078 2080
f 3614 2080 2082
f 2081 2084 2083
f 2081 2083 2080
f 2080 2083 2085
f 2080 2085 2088
f 2080 2088 2082
f 2084 2087 2085
f 2084 2085 2083
f 2142 2139 2138
f 2142 2138 2137
f 2142 2137 2132
f 2142 2132 2131
f 2142 2131 2130
f 2142 2130 2129
f 2142 2129 2124
f 2142 2124 2123
f 2142 2123 2122
f 2142 2122 2121
f 2142 2121 2118
f 2142 2118 2114
f 2142 2114 2113
f 2142 2113 2110
f 2142 2110 2109
f 2142 2109 2086
f 2142 2086 2085
f 2142 2085 2087
f 2085 2086 2089
f 2085 2089 2088
f 2088 2089 2093
f 2088 2093 2090
f 2082 2088 2090
f 2082 2090 2091
f 2091 2090 2092
f 2091 2092 4611
f 2090 2093 2094
f 2090 2094 4549
f 2090 4549 2092
f 2099 2097 2095
f 2099 2095 2093
f 2099 2093 2089
f 2095 2096 4573
f 2095 4573 2094
f 2095 2094 2093
f 2729 3138 2096
f 2729 2096 2095
f 2729 2095 2097
f 2729 2097 2098
f 2097 2099 2100
f 2097 2100 2101
f 2097 2101 2098
f 2102 2100 2099
f 2102 2099 2089
f 2102 2089 2086
f 2100 2102 2103
f 2100 2103 2104
f 2100 2104 2314
f 2100 2314 2313
f 2100 2313 2312
f 2100 2312 2101
f 2109 2107 2105
f 2109 2105 2103
f 2109 2103 2102
f 2109 2102 2086
f 2105 2106 2290
f 2105 2290 2291
f 2105 2291 2293
f 2105 2293 2295
f 2105 2295 2297
f 2105 2297 2299
f 2105 2299 2301
f 2105 2301 2302
f 2105 2302 2306
f 2105 2306 2310
f 2105 2310 2312
f 2105 2312 2313
f 2105 2313 2315
f 2105 2315 2316
f 2105 2316 2317
f 2105 2317 2318
f 2105 2318 2319
f 2105 2319 2320
f 2105 2320 2321
f 2105 2321 2322
f 2105 2322 2323
f 2105 2323 2324
f 2105 2324 2325
f 2105 2325 2326
f 2105 2326 2327
f 2105 2327 2328
f 2105 2328 2329
f 2105 2329 2330
f 2105 2330 2331
f 2105 2331 2332
f 2105 2332 2333
f 2105 2333 2104
f 2105 2104 2103
f 2108 4623 4624
f 2108 4624 4625
f 2108 4625 4626
f 2108 4626 4627
f 2108 4627 4628
f 2108 4628 4629
f 2108 4629 4630
f 2108 4630 4631
f 2108 4631 4632
f 2108 4632 4633
f 2108 4633 4634
f 2108 4634 4635
f 2108 4635 2106
f 2108 2106 2105
f 2108 2105 2107
f 2287 2288 2108
f 2287 2108 2107
f 2287 2107 2109
f 2287 2109 2110
f 2287 2110 2112
f 2287 2112 2283
f 2287 2283 2282
f 2287 2282 2277
f 2287 2277 2276
f 2287 2276 2275
f 2287 2275 2274
f 2287 2274 2271
f 2287 2271 2285
f 2115 2111 2110
f 2115 2110 2113
f 2112 2110 2111
f 2112 2111 2284
f 2113 2114 2116
f 2113 2116 2115
f 3678 2373 2345
f 3678 2345 2372
f 3678 2372 2111
f 3678 2111 2115
f 3678 2115 2116
f 3678 2116 2117
f 3678 2117 2119
f 3678 2119 2120
f 3678 2120 2125
f 3678 2125 2126
f 3678 2126 2127
f 3678 2127 2128
f 3678 2128 2133
f 3678 2133 2134
f 3678 2134 2135
f 3678 2135 2136
f 3678 2136 2140
f 3678 2140 3677
f 2114 2118 2117
f 2114 2117 2116
f 2118 2121 2119
f 2118 2119 2117
f 2121 2122 2120
f 2121 2120 2119
f 2122 2123 2125
f 2122 2125 2120
f 2123 2124 2126
f 2123 2126 2125
f 2124 2129 2127
f 2124 2127 2126
f 2129 2130 2128
f 2129 2128 2127
f 2130 2131 2133
f 2130 2133 2128
f 2131 2132 2134
f 2131 2134 2133
f 2132 2137 2135
f 2132 2135 2134
f 2137 2138 2136
f 2137 2136 2135
f 2138 2139 2140
f 2138 2140 2136
f 4614 2140 2139
f 4614 2139 2141
f 2145 2258 2287
f 2145 2287 2285
f 2145 2285 2286
f 2145 2286 4612
f 2145 4612 2141
f 2145 2141 2139
f 2145 2139 2142
f 2145 2142 2143
f 2145 2143 2144
f 2143 2142 2087
f 2143 2087 2084
f 2146 2144 2143
f 2146 2143 2084
f 2146 2084 2081
f 2144 2146 2147
f 2144 2147 2149
f 2144 2149 4618
f 2144 4618 4616
f 2144 4616 4615
f 2144 4615 2145
f 2077 2192 2191
f 2077 2191 2189
f 2077 2189 2190
f 2077 2190 2186
f 2077 2186 2183
f 2077 2183 2184
f 2077 2184 2177
f 2077 2177 2178
f 2077 2178 2179
f 2077 2179 2181
f 2077 2181 2182
f 2077 2182 2175
f 2077 2175 2176
f 2077 2176 2173
f 2077 2173 2171
f 2077 2171 2167
f 2077 2167 2166
f 2077 2166 2165
f 2077 2165 2164
f 2077 2164 2161
f 2077 2161 2159
f 2077 2159 2157
f 2077 2157 2155
f 2077 2155 2151
f 2077 2151 2150
f 2077 2150 2147
f 2077 2147 2146
f 2077 2146 2081
f 2152 2148 2147
f 2152 2147 2150
f 2149 2147 2148
f 2149 2148 4622
f 2150 2151 2153
f 2150 2153 2152
f 3671 3673 2148
f 3671 2148 2152
f 3671 2152 2153
f 3671 2153 2154
f 3671 2154 2156
f 3671 2156 2158
f 3671 2158 2160
f 3671 2160 2162
f 3671 2162 2163
f 3671 2163 2168
f 3671 2168 2169
f 3671 2169 2170
f 3671 2170 2172
f 3671 2172 2174
f 3671 2174 2180
f 3671 2180 2185
f 3671 2185 2187
f 3671 2187 3670
f 3671 3670 3669
f 2151 2155 2154
f 2151 2154 2153
f 2155 2157 2156
f 2155 2156 2154
f 2157 2159 2158
f 2157 2158 2156
f 2159 2161 2160
f 2159 2160 2158
f 2161 2164 2162
f 2161 2162 2160
f 2164 2165 2163
f 2164 2163 2162
f 2165 2166 2168
f 2165 2168 2163
f 2166 2167 2169
f 2166 2169 2168
f 2167 2171 2170
f 2167 2170 2169
f 2171 2173 2172
f 2171 2172 2170
f 2173 2176 2174
f 2173 2174 2172
f 2176 2175 2174
f 2175 2182 2174
f 2178 2177 2174
f 2177 2184 2180
f 2177 2180 2174
f 2179 2178 2174
f 2181 2179 2174
f 2182 2181 2174
f 2184 2183 2180
f 2183 2186 2185
f 2183 2185 2180
f 2186 2190 2185
f 2189 2191 2188
f 2189 2188 2185
f 2190 2189 2185
f 2191 2192 2054
f 2191 2054 2194
f 2191 2194 2193
f 2188 2191 2193
f 2188 2193 2196
f 2194 2195 2193
f 2196 2193 2195
f 2196 2195 2198
f 2196 2197 3823
f 2196 3823 2187
f 2196 2187 2188
f 2196 2198 2197
f 2198 2195 2201
f 2198 2201 2199
f 2199 2202 3824
f 2199 3824 3799
f 2199 3799 3798
f 2199 3798 3800
f 2199 3800 3802
f 2199 3802 3803
f 2199 3803 3810
f 2199 3810 3816
f 2199 3816 3823
f 2199 3823 2197
f 2199 2197 2198
f 2199 2201 2200
f 2238 2011 3853
f 2238 3853 3852
f 2238 3852 3851
f 2238 3851 3847
f 2238 3847 2202
f 2238 2202 2199
f 2238 2199 2203
f 2238 2203 2208
f 2238 2208 2213
f 2238 2213 2214
f 2238 2214 2219
f 2238 2219 2220
f 2238 2220 2221
f 2238 2221 2222
f 2238 2222 2227
f 2238 2227 2228
f 2238 2228 2229
f 2238 2229 2230
f 2238 2230 2235
f 2238 2235 2236
f 2205 2204 2203
f 2204 2212 2208
f 2204 2208 2203
f 2206 2205 2203
f 2207 2206 2203
f 2210 2207 2203
f 2211 2210 2203
f 2211 2203 2209
f 2200 2211 2209
f 2212 2215 2213
f 2212 2213 2208
f 2215 2216 2214
f 2215 2214 2213
f 2216 2217 2219
f 2216 2219 2214
f 2217 2218 2220
f 2217 2220 2219
f 2218 2223 2221
f 2218 2221 2220
f 2223 2224 2222
f 2223 2222 2221
f 2224 2225 2227
f 2224 2227 2222
f 2225 2226 2228
f 2225 2228 2227
f 2226 2231 2229
f 2226 2229 2228
f 2231 2232 2230
f 2231 2230 2229
f 2232 2233 2235
f 2232 2235 2230
f 2233 2234 2236
f 2233 2236 2235
f 2236 2234 4620
f 2236 4620 2237
f 2239 2238 2236
f 2239 2236 2237
f 2239 2240 2016
f 2239 2016 2238
f 2242 2240 2239
f 2242 2239 2241
f 2243 2241 2239
f 2243 2239 2237
f 2243 2237 2245
f 2241 2243 2244
f 2241 2244 2242
f 2247 2244 2243
f 2247 2243 2246
f 2250 2248 2246
f 2250 2246 2243
f 2250 2243 2245
f 2250 2245 4617
f 2250 4617 2251
f 2249 2247 2246
f 2249 2246 2248
f 2254 2255 2249
f 2254 2249 2248
f 2254 2248 2250
f 2254 2250 2252
f 2251 3675 2261
f 2251 2261 2260
f 2251 2260 2253
f 2251 2253 2252
f 2251 2252 2250
f 2256 2254 2252
f 2256 2252 2253
f 2255 2254 2256
f 2255 2256 2257
f 2255 2257 2258
f 2255 2258 2145
f 2255 2145 4615
f 2253 2260 2257
f 2253 2257 2256
f 2288 2287 2258
f 2288 2258 2257
f 2288 2257 2259
f 2288 2259 2289
f 2259 2257 2260
f 2259 2260 2262
f 2263 2262 2260
f 2263 2260 2261
f 2263 2261 2267
f 2263 2267 2265
f 2262 2263 2264
f 2262 2264 2290
f 2262 2290 2289
f 2262 2289 2259
f 2265 2266 2371
f 2265 2371 2264
f 2265 2264 2263
f 2268 2270 2272
f 2268 2272 2273
f 2268 2273 2278
f 2268 2278 2279
f 2268 2279 2280
f 2268 2280 2281
f 2268 2281 2284
f 2268 2284 2111
f 2268 2111 2372
f 2268 2372 2370
f 2268 2370 2266
f 2268 2266 2265
f 2268 2265 2267
f 3674 3676 3677
f 3674 3677 2140
f 3674 2140 4614
f 3674 4614 4613
f 3674 4613 2269
f 3674 2269 2268
f 3674 2268 2267
f 3674 2267 2261
f 3674 2261 3675
f 2286 2285 2271
f 2286 2271 2270
f 2286 2270 2268
f 2286 2268 2269
f 2271 2274 2272
f 2271 2272 2270
f 2274 2275 2273
f 2274 2273 2272
f 2275 2276 2278
f 2275 2278 2273
f 2276 2277 2279
f 2276 2279 2278
f 2277 2282 2280
f 2277 2280 2279
f 2282 2283 2281
f 2282 2281 2280
f 2283 2112 2284
f 2283 2284 2281
f 2289 2290 2106
f 2289 2106 4635
f 2289 4635 4634
f 2289 4634 4633
f 2289 4633 4632
f 2289 4632 4631
f 2289 4631 4630
f 2289 4630 4629
f 2289 4629 4628
f 2289 4628 4627
f 2289 4627 4626
f 2289 4626 4625
f 2289 4625 4624
f 2289 4624 4623
f 2289 4623 2108
f 2289 2108 2288
f 2291 2290 2264
f 2291 2264 2292
f 2293 2291 2292
f 2293 2292 2294
f 2295 2293 2294
f 2295 2294 2296
f 2297 2295 2296
f 2297 2296 2298
f 2299 2297 2298
f 2299 2298 2300
f 2301 2299 2300
f 2301 2300 2303
f 2302 2301 2303
f 2302 2303 2304
f 2346 2348 2349
f 2346 2349 2369
f 2346 2369 2368
f 2346 2368 2367
f 2346 2367 2366
f 2346 2366 2365
f 2346 2365 2364
f 2346 2364 2363
f 2346 2363 2362
f 2346 2362 2361
f 2346 2361 2360
f 2346 2360 2359
f 2346 2359 2358
f 2346 2358 2357
f 2346 2357 2356
f 2346 2356 2355
f 2346 2355 2354
f 2346 2354 2353
f 2346 2353 2352
f 2346 2352 2351
f 2346 2351 2308
f 2346 2308 2307
f 2346 2307 2305
f 2346 2305 2304
f 2346 2304 2303
f 2346 2303 2300
f 2346 2300 2298
f 2346 2298 2296
f 2346 2296 2294
f 2346 2294 2292
f 2346 2292 2264
f 2346 2264 2371
f 2346 2371 2347
f 2306 2302 2304
f 2306 2304 2305
f 2305 2307 2310
f 2305 2310 2306
f 2340 2339 2309
f 2340 2309 2307
f 2340 2307 2308
f 2311 2310 2307
f 2311 2307 2309
f 2312 2310 2311
f 2312 2311 2334
f 2312 2334 2101
f 2104 2333 2332
f 2104 2332 2331
f 2104 2331 2330
f 2104 2330 2329
f 2104 2329 2328
f 2104 2328 2327
f 2104 2327 2326
f 2104 2326 2325
f 2104 2325 2324
f 2104 2324 2323
f 2104 2323 2322
f 2104 2322 2321
f 2104 2321 2320
f 2104 2320 2319
f 2104 2319 2318
f 2104 2318 2317
f 2104 2317 2316
f 2104 2316 2315
f 2104 2315 2313
f 2104 2313 2314
f 2335 2334 2311
f 2335 2311 2309
f 2335 2309 2339
f 2335 2339 2337
f 2334 2335 2336
f 2334 2336 3132
f 2334 3132 3131
f 2334 3131 3130
f 2334 3130 2098
f 2334 2098 2101
f 2336 2335 2337
f 2336 2337 2338
f 2340 2341 3134
f 2340 3134 3133
f 2340 3133 3135
f 2340 3135 2338
f 2340 2338 2337
f 2340 2337 2339
f 2341 2340 2342
f 2341 2342 2343
f 2341 2343 3074
f 2340 2308 2351
f 2340 2351 2350
f 2340 2350 2348
f 2340 2348 2346
f 2340 2346 2344
f 2340 2344 2342
f 2345 2374 2343
f 2345 2343 2342
f 2345 2342 2344
f 2345 2344 2346
f 2345 2346 2347
f 2345 2347 2370
f 2345 2370 2372
f 2351 2352 2353
f 2351 2353 2354
f 2351 2354 2355
f 2351 2355 2356
f 2351 2356 2357
f 2351 2357 2358
f 2351 2358 2359
f 2351 2359 2360
f 2351 2360 2361
f 2351 2361 2362
f 2351 2362 2363
f 2351 2363 2364
f 2351 2364 2365
f 2351 2365 2366
f 2351 2366 2367
f 2351 2367 2368
f 2351 2368 2369
f 2351 2369 2349
f 2351 2349 2348
f 2351 2348 2350
f 2370 2347 2371
f 2370 2371 2266
f 2376 2374 2345
f 2376 2345 2373
f 2374 2375 3073
f 2374 3073 3074
f 2374 3074 2343
f 2377 2375 2374
f 2377 2374 2376
f 2380 2377 2376
f 2380 2376 2378
f 2378 2376 2373
f 2378 2373 2379
f 2378 2379 3667
f 2378 3667 3666
f 2378 3666 2382
f 2378 2382 2381
f 2380 2378 2381
f 2380 2381 2383
f 2380 2383 2385
f 3662 2384 2383
f 3662 2383 2381
f 3662 2381 2382
f 3662 2382 3663
f 2384 3290 3288
f 2384 3288 3289
f 2384 3289 3292
f 2384 3292 3294
f 2384 3294 3295
f 2384 3295 3300
f 2384 3300 3301
f 2384 3301 3302
f 2384 3302 3303
f 2384 3303 3313
f 2384 3313 3314
f 2384 3314 2387
f 2384 2387 2386
f 2384 2386 2385
f 2384 2385 2383
f 3079 3082 2380
f 3079 2380 2385
f 3079 2385 2386
f 3079 2386 2388
f 3079 2388 2394
f 3079 2394 3083
f 2390 2389 2386
f 2390 2386 2387
f 2388 2386 2389
f 2388 2389 2392
f 3616 2391 2389
f 3616 2389 2390
f 3616 2390 3308
f 3616 3308 3307
f 3616 3307 3305
f 3616 3305 3304
f 3616 3304 3299
f 3616 3299 3298
f 3616 3298 3297
f 3616 3297 3296
f 3616 3296 3293
f 3616 3293 3287
f 3616 3287 3286
f 3616 3286 3284
f 3616 3284 3285
f 2395 2393 2392
f 2395 2392 2389
f 2395 2389 2391
f 2395 2391 2091
f 2395 2091 4611
f 2395 4611 2396
f 2392 2393 2394
f 2392 2394 2388
f 2393 2395 2397
f 2393 2397 2398
f 2393 2398 3083
f 2393 3083 2394
f 4551 2404 2400
f 4551 2400 2399
f 4551 2399 2397
f 4551 2397 2395
f 4551 2395 2396
f 4551 2396 4548
f 2397 2399 2401
f 2397 2401 2398
f 2399 2400 2402
f 2399 2402 2401
f 2408 3079 3083
f 2408 3083 2398
f 2408 2398 2401
f 2408 2401 2402
f 2408 2402 2403
f 2408 2403 2406
f 2408 2406 2407
f 2400 2404 2403
f 2400 2403 2402
f 2435 2405 2403
f 2435 2403 2404
f 2435 2404 2437
f 2435 2437 2436
f 2406 2403 2405
f 2405 2435 2433
f 2405 2433 2410
f 2405 2410 2409
f 2405 2409 2407
f 2405 2407 2406
f 2474 2408 2407
f 2474 2407 2409
f 2474 2409 2411
f 2474 2411 4568
f 2474 4568 4567
f 2474 4567 4566
f 2474 4566 4561
f 2474 4561 4560
f 2474 4560 4559
f 2474 4559 4557
f 2417 2415 2412
f 2417 2412 2409
f 2417 2409 2410
f 2417 2410 2418
f 2411 2409 2412
f 2411 2412 2413
f 4552 4553 4562
f 4552 4562 4563
f 4552 4563 4564
f 4552 4564 4565
f 4552 4565 4569
f 4552 4569 2413
f 4552 2413 2412
f 4552 2412 2414
f 4552 2414 4551
f 4552 4551 4548
f 4552 4548 4550
f 2414 2412 2415
f 2414 2415 2416
f 2414 2416 2436
f 2414 2436 2437
f 2424 2434 2416
f 2424 2416 2415
f 2424 2415 2417
f 2424 2417 2419
f 2424 2419 2421
f 2424 2421 2423
f 2419 2417 2418
f 2419 2418 2420
f 2421 2419 2420
f 2421 2420 2422
f 2425 2423 2421
f 2425 2421 2422
f 2425 2422 2429
f 2425 2429 2427
f 2447 2438 2424
f 2447 2424 2423
f 2447 2423 2425
f 2447 2425 2426
f 2447 2426 2470
f 2447 2470 2466
f 2447 2466 2465
f 2447 2465 2464
f 2447 2464 2463
f 2447 2463 2456
f 2447 2456 2454
f 2447 2454 2452
f 2447 2452 2450
f 2447 2450 2448
f 2426 2425 2427
f 2426 2427 2428
f 2440 2486 2458
f 2440 2458 2457
f 2440 2457 2460
f 2440 2460 2461
f 2440 2461 2462
f 2440 2462 2467
f 2440 2467 2468
f 2440 2468 2469
f 2440 2469 2428
f 2440 2428 2427
f 2440 2427 2429
f 2440 2429 2430
f 2440 2430 2431
f 2440 2431 2439
f 2429 2422 2420
f 2429 2420 2418
f 2429 2418 2410
f 2429 2410 2433
f 2429 2433 2432
f 2429 2432 2430
f 2434 2424 2438
f 2434 2438 2431
f 2434 2431 2430
f 2434 2430 2432
f 2436 2416 2434
f 2436 2434 2432
f 2436 2432 2433
f 2436 2433 2435
f 2437 2404 4551
f 2437 4551 2414
f 2438 2447 2446
f 2438 2446 2444
f 2438 2444 2442
f 2438 2442 2441
f 2438 2441 2439
f 2438 2439 2431
f 2440 2439 2441
f 3401 4142 4143
f 3401 4143 2514
f 3401 2514 2513
f 3401 2513 2511
f 3401 2511 2510
f 3401 2510 2440
f 3401 2440 2441
f 3401 2441 2442
f 3401 2442 2443
f 3401 2443 3431
f 3401 3431 3430
f 3401 3430 3429
f 3401 3429 3403
f 3401 3403 3402
f 3401 3402 3400
f 2444 2445 2443
f 2444 2443 2442
f 3426 3427 3428
f 3426 3428 3432
f 3426 3432 2445
f 3426 2445 2444
f 3426 2444 2446
f 3426 2446 2448
f 3426 2448 2449
f 3426 2449 3424
f 3426 3424 3423
f 3426 3423 3425
f 2446 2447 2448
f 2450 2451 3177
f 2450 3177 3176
f 2450 3176 3175
f 2450 3175 3174
f 2450 3174 3173
f 2450 3173 3171
f 2450 3171 3170
f 2450 3170 3169
f 2450 3169 3168
f 2450 3168 3166
f 2450 3166 3165
f 2450 3165 3164
f 2450 3164 3163
f 2450 3163 3162
f 2450 3162 3161
f 2450 3161 3160
f 2450 3160 3159
f 2450 3159 3157
f 2450 3157 3158
f 2450 3158 3179
f 2450 3179 2449
f 2450 2449 2448
f 3157 3159 3160
f 3157 3160 3161
f 3157 3161 3162
f 3157 3162 3163
f 3157 3163 3164
f 3157 3164 3165
f 3157 3165 3166
f 3157 3166 3167
f 3157 3167 3172
f 3157 3172 3171
f 3157 3171 3173
f 3157 3173 3174
f 3157 3174 3175
f 3157 3175 3176
f 3157 3176 3177
f 3157 3177 2451
f 3157 2451 2450
f 3157 2450 2452
f 3157 2452 2453
f 3157 2453 3156
f 2452 2454 2455
f 2452 2455 4571
f 2452 4571 4541
f 2452 4541 2453
f 2455 2454 2457
f 2455 2457 2459
f 2460 2457 2454
f 2460 2454 2456
f 2475 2473 2471
f 2475 2471 2459
f 2475 2459 2457
f 2475 2457 2458
f 2456 2463 2461
f 2456 2461 2460
f 2463 2464 2462
f 2463 2462 2461
f 2464 2465 2467
f 2464 2467 2462
f 2465 2466 2468
f 2465 2468 2467
f 2466 2470 2469
f 2466 2469 2468
f 2470 2426 2428
f 2470 2428 2469
f 4570 4571 2455
f 4570 2455 2459
f 4570 2459 2471
f 4570 2471 2472
f 2473 2474 4557
f 2473 4557 4556
f 2473 4556 4558
f 2473 4558 2472
f 2473 2472 2471
f 2473 2476 2478
f 2473 2478 2474
f 2475 2479 2476
f 2475 2476 2473
f 2476 2477 3084
f 2476 3084 2478
f 2479 2480 2477
f 2479 2477 2476
f 2483 2481 2479
f 2483 2479 2475
f 2481 2482 3060
f 2481 3060 2480
f 2481 2480 2479
f 2484 2482 2481
f 2484 2481 2483
f 2483 2475 2458
f 2483 2458 2486
f 2483 2486 2485
f 2484 2483 2485
f 2484 2485 2487
f 2484 2487 2488
f 2484 2488 2489
f 2484 2489 2490
f 2484 2490 2491
f 2484 2491 2493
f 2484 2493 2494
f 2484 2494 2495
f 2484 2495 2498
f 2484 2498 2497
f 2484 2497 2499
f 2484 2499 2500
f 2484 2500 2501
f 2484 2501 2502
f 2484 2502 2503
f 2484 2503 2504
f 2484 2504 2505
f 2484 2505 2506
f 2484 2506 2507
f 2440 2510 2508
f 2440 2508 2506
f 2440 2506 2505
f 2440 2505 2504
f 2440 2504 2503
f 2440 2503 2502
f 2440 2502 2501
f 2440 2501 2500
f 2440 2500 2499
f 2440 2499 2497
f 2440 2497 2496
f 2440 2496 2494
f 2440 2494 2493
f 2440 2493 2492
f 2440 2492 2490
f 2440 2490 2489
f 2440 2489 2488
f 2440 2488 2487
f 2440 2487 2485
f 2440 2485 2486
f 2522 2523 2507
f 2522 2507 2506
f 2522 2506 2508
f 2522 2508 2509
f 2510 2511 2512
f 2510 2512 2509
f 2510 2509 2508
f 2512 2511 2513
f 2512 2513 2515
f 2512 2515 2517
f 2512 2517 2519
f 2513 2514 4147
f 2513 4147 4148
f 2513 4148 4149
f 2513 4149 4150
f 2513 4150 4155
f 2513 4155 4156
f 2513 4156 4157
f 2513 4157 4158
f 2513 4158 4162
f 2513 4162 4164
f 2513 4164 4166
f 2513 4166 4167
f 2513 4167 2516
f 2513 2516 2515
f 3222 2518 2517
f 3222 2517 2515
f 3222 2515 2516
f 2518 2521 2520
f 2518 2520 2519
f 2518 2519 2517
f 2509 2512 2519
f 2509 2519 2520
f 2509 2520 2522
f 2521 2524 2523
f 2521 2523 2522
f 2521 2522 2520
f 2528 2484 2507
f 2528 2507 2523
f 2528 2523 2525
f 2528 2525 2526
f 2527 2526 2525
f 2527 2525 2523
f 2527 2523 2524
f 2527 2524 4524
f 2528 2526 2527
f 2528 2527 2531
f 2528 2531 2530
f 2528 2529 2482
f 2528 2482 2484
f 2529 2528 2530
f 2529 2530 2532
f 2529 2532 2534
f 2532 2530 2531
f 2532 2531 4390
f 2532 4390 4514
f 2532 4514 2533
f 2535 2534 2532
f 2535 2532 2533
f 2535 2533 2549
f 2535 2549 2536
f 2538 2529 2534
f 2538 2534 2535
f 2538 2535 2537
f 2539 2537 2535
f 2539 2535 2536
f 2539 2536 2543
f 2539 2543 2541
f 2538 2537 2539
f 2538 2539 2540
f 2538 2540 3058
f 2541 2542 2540
f 2541 2540 2539
f 2544 2545 2542
f 2544 2542 2541
f 2544 2541 2543
f 2543 2536 2549
f 2543 2549 2548
f 2543 2548 2546
f 2543 2546 2544
f 2547 2560 2545
f 2547 2545 2544
f 2547 2544 2546
f 2552 2554 2547
f 2552 2547 2546
f 2552 2546 2548
f 2552 2548 2550
f 2549 2533 4514
f 2549 4514 2551
f 2549 2551 2550
f 2549 2550 2548
f 4422 4421 2553
f 4422 2553 2552
f 4422 2552 2550
f 4422 2550 2551
f 4422 2551 4423
f 2554 2552 2553
f 2554 2553 4467
f 2554 4467 2556
f 2554 2556 2555
f 2555 2557 2559
f 2555 2559 2560
f 2555 2560 2547
f 2555 2547 2554
f 2557 2555 2556
f 2557 2556 4471
f 2557 4471 4472
f 2557 4472 2558
f 2558 2561 2559
f 2558 2559 2557
f 2563 2565 2566
f 2563 2566 2567
f 2563 2567 2568
f 2563 2568 2569
f 2563 2569 2570
f 2563 2570 2571
f 2563 2571 2572
f 2563 2572 2573
f 2563 2573 2574
f 2563 2574 2575
f 2563 2575 2576
f 2563 2576 2577
f 2563 2577 2578
f 2563 2578 2579
f 2563 2579 2580
f 2563 2580 2581
f 2563 2581 2582
f 2563 2582 2583
f 2563 2583 2584
f 2563 2584 2585
f 2563 2585 2593
f 2563 2593 2595
f 2563 2595 2560
f 2563 2560 2559
f 2563 2559 2561
f 2586 2564 2563
f 2586 2563 2561
f 2586 2561 2562
f 2586 2562 2587
f 3148 2562 2561
f 3148 2561 2558
f 3148 2558 4472
f 3148 4472 3150
f 3148 3150 3149
f 2584 2583 2582
f 2584 2582 2581
f 2584 2581 2580
f 2584 2580 2579
f 2584 2579 2578
f 2584 2578 2577
f 2584 2577 2576
f 2584 2576 2575
f 2584 2575 2574
f 2584 2574 2573
f 2584 2573 2572
f 2584 2572 2571
f 2584 2571 2570
f 2584 2570 2569
f 2584 2569 2568
f 2584 2568 2567
f 2584 2567 2566
f 2584 2566 2565
f 2584 2565 2563
f 2584 2563 2564
f 2584 2564 2586
f 2585 2584 2586
f 2585 2586 2587
f 2585 2587 2589
f 2562 3148 3147
f 2562 3147 2588
f 2562 2588 2587
f 2588 2590 2589
f 2588 2589 2587
f 2720 2592 2591
f 2720 2591 2589
f 2720 2589 2590
f 2591 2593 2585
f 2591 2585 2589
f 2594 2593 2591
f 2594 2591 2592
f 2594 2592 2718
f 2595 2593 2594
f 2595 2594 4574
f 2595 4574 4575
f 2595 4575 2609
f 2595 2609 2608
f 2595 2608 2607
f 2595 2607 2598
f 2595 2598 2597
f 2596 2595 2597
f 2596 2597 2599
f 2545 2560 2595
f 2545 2595 2596
f 2598 2600 2599
f 2598 2599 2597
f 2973 2970 2984
f 2973 2984 2985
f 2973 2985 3045
f 2973 3045 3046
f 2973 3046 2596
f 2973 2596 2599
f 2973 2599 2600
f 2973 2600 2601
f 2973 2601 2602
f 2973 2602 2977
f 2601 2600 2598
f 2601 2598 2604
f 2602 2601 2603
f 2601 2604 2605
f 2601 2605 2606
f 2601 2606 2976
f 2601 2976 2603
f 2605 2604 2598
f 2605 2598 2607
f 2607 2608 2606
f 2607 2606 2605
f 2610 2608 2609
f 2610 2609 2611
f 2606 2608 2610
f 2606 2610 2612
f 2639 2633 2614
f 2639 2614 2613
f 2639 2613 2610
f 2639 2610 2611
f 2639 2611 2641
f 2639 2641 2640
f 2615 2616 2980
f 2615 2980 2979
f 2615 2979 2612
f 2615 2612 2610
f 2615 2610 2613
f 2613 2614 2620
f 2613 2620 2619
f 2613 2619 2617
f 2613 2617 2615
f 2616 2615 2617
f 2616 2617 2618
f 2616 2618 2982
f 2616 2982 2981
f 2617 2619 2621
f 2617 2621 2618
f 2619 2620 4610
f 2619 4610 2623
f 2619 2623 2622
f 2619 2622 2621
f 2624 2625 2982
f 2624 2982 2618
f 2624 2618 2621
f 2624 2621 2622
f 2622 2623 2630
f 2622 2630 2629
f 2622 2629 2627
f 2622 2627 2626
f 2622 2626 2624
f 3107 2965 2969
f 3107 2969 2971
f 3107 2971 2625
f 3107 2625 2624
f 3107 2624 2626
f 3107 2626 2627
f 3107 2627 2628
f 2629 2631 2637
f 2629 2637 2628
f 2629 2628 2627
f 2634 2632 2629
f 2634 2629 2630
f 2631 2629 2632
f 2631 2632 2635
f 2614 2633 2632
f 2614 2632 2634
f 2614 2634 4610
f 2614 4610 2620
f 2633 2639 2636
f 2633 2636 2635
f 2633 2635 2632
f 2635 2636 2637
f 2635 2637 2631
f 4609 2637 2636
f 4609 2636 2638
f 2640 2642 2644
f 2640 2644 2646
f 2640 2646 4577
f 2640 4577 4579
f 2640 4579 4581
f 2640 4581 4583
f 2640 4583 4585
f 2640 4585 4587
f 2640 4587 4589
f 2640 4589 4591
f 2640 4591 4592
f 2640 4592 4596
f 2640 4596 4598
f 2640 4598 4601
f 2640 4601 4602
f 2640 4602 4603
f 2640 4603 4604
f 2640 4604 4608
f 2640 4608 2638
f 2640 2638 2636
f 2640 2636 2639
f 2642 2640 2641
f 2642 2641 2695
f 2642 2695 2643
f 2680 2678 2677
f 2680 2677 2674
f 2680 2674 2672
f 2680 2672 2670
f 2680 2670 2666
f 2680 2666 2665
f 2680 2665 2664
f 2680 2664 2663
f 2680 2663 2658
f 2680 2658 2657
f 2680 2657 2655
f 2680 2655 2654
f 2680 2654 2653
f 2680 2653 2648
f 2680 2648 2647
f 2680 2647 2644
f 2680 2644 2642
f 2680 2642 2643
f 2646 2644 2645
f 2646 2645 4576
f 2649 2645 2644
f 2649 2644 2647
f 2647 2648 2650
f 2647 2650 2649
f 2960 2961 2645
f 2960 2645 2649
f 2960 2649 2650
f 2960 2650 2651
f 2960 2651 2652
f 2960 2652 2656
f 2960 2656 2659
f 2960 2659 2660
f 2960 2660 2661
f 2960 2661 2662
f 2960 2662 2667
f 2960 2667 2668
f 2960 2668 2669
f 2960 2669 2671
f 2960 2671 2673
f 2960 2673 2675
f 2960 2675 2676
f 2960 2676 2959
f 2648 2653 2651
f 2648 2651 2650
f 2651 2653 2654
f 2651 2654 2652
f 2652 2654 2655
f 2652 2655 2656
f 2659 2656 2655
f 2659 2655 2657
f 2657 2658 2660
f 2657 2660 2659
f 2658 2663 2661
f 2658 2661 2660
f 2663 2664 2662
f 2663 2662 2661
f 2664 2665 2667
f 2664 2667 2662
f 2665 2666 2668
f 2665 2668 2667
f 2666 2670 2669
f 2666 2669 2668
f 2670 2672 2671
f 2670 2671 2669
f 2673 2671 2672
f 2673 2672 2674
f 2674 2677 2675
f 2674 2675 2673
f 2675 2677 2678
f 2675 2678 2676
f 2676 2678 2679
f 2676 2679 2952
f 2683 2679 2678
f 2683 2678 2680
f 2683 2680 2681
f 2682 2681 2680
f 2682 2680 2643
f 2682 2643 2692
f 2685 2683 2681
f 2685 2681 2682
f 2685 2682 2688
f 2683 2685 2686
f 2683 2686 2684
f 2957 2679 2683
f 2957 2683 2684
f 2685 2687 2892
f 2685 2892 3109
f 2685 3109 2851
f 2685 2851 2686
f 2688 2689 2687
f 2688 2687 2685
f 2690 2689 2688
f 2690 2688 2682
f 2690 2682 2692
f 2905 2904 2903
f 2905 2903 2901
f 2905 2901 2899
f 2905 2899 2894
f 2905 2894 2893
f 2905 2893 2891
f 2905 2891 2892
f 2905 2892 2687
f 2905 2687 2689
f 2905 2689 2690
f 2905 2690 2691
f 2905 2691 2938
f 2905 2938 2937
f 2905 2937 2922
f 2905 2922 2921
f 2905 2921 2920
f 2905 2920 2919
f 2905 2919 2907
f 2905 2907 2906
f 2691 2690 2692
f 2691 2692 2693
f 2693 2692 2643
f 2693 2643 2695
f 2696 2694 2693
f 2696 2693 2695
f 2694 2938 2691
f 2694 2691 2693
f 2641 2611 2696
f 2641 2696 2695
f 2697 2699 2700
f 2697 2700 2694
f 2697 2694 2696
f 2696 2611 2609
f 2696 2609 2698
f 2696 2698 2697
f 2699 2697 2698
f 2699 2698 2702
f 2699 2702 2701
f 2706 2700 2699
f 2706 2699 2701
f 2706 2701 2704
f 4575 4574 2703
f 4575 2703 2701
f 4575 2701 2702
f 2701 2703 2705
f 2701 2705 2704
f 2711 2709 2707
f 2711 2707 2704
f 2711 2704 2705
f 2707 2708 2937
f 2707 2937 2706
f 2707 2706 2704
f 2708 2707 2709
f 2708 2709 2710
f 2708 2710 2927
f 2709 2711 2712
f 2709 2712 2713
f 2709 2713 2935
f 2709 2935 2710
f 2714 2712 2711
f 2714 2711 2705
f 2714 2705 2716
f 2713 2712 2714
f 2713 2714 2715
f 2713 2715 3137
f 2717 2719 2715
f 2717 2715 2714
f 2717 2714 2716
f 2592 2720 2717
f 2592 2717 2716
f 2592 2716 2718
f 2703 2718 2716
f 2703 2716 2705
f 4574 2594 2718
f 4574 2718 2703
f 2723 2722 2719
f 2723 2719 2717
f 2723 2717 2720
f 2723 2720 2590
f 2726 2721 2719
f 2726 2719 2722
f 2726 2722 2724
f 2715 2719 2721
f 2715 2721 3137
f 2722 2723 3140
f 2722 3140 2725
f 2722 2725 2724
f 3138 2729 2727
f 3138 2727 2726
f 3138 2726 2724
f 3138 2724 2725
f 2721 2726 2727
f 2721 2727 2730
f 2721 2730 2731
f 2721 2731 2732
f 2721 2732 3137
f 3130 3129 3128
f 3130 3128 3123
f 3130 3123 3122
f 3130 3122 3121
f 3130 3121 3120
f 3130 3120 3117
f 3130 3117 3115
f 3130 3115 3113
f 3130 3113 3111
f 3130 3111 2728
f 3130 2728 2727
f 3130 2727 2729
f 3130 2729 2098
f 2731 2730 2727
f 2731 2727 2728
f 2731 2728 2734
f 2731 2734 2733
f 2934 2732 2731
f 2934 2731 2733
f 2934 2733 2735
f 3136 2739 2738
f 3136 2738 2736
f 3136 2736 2733
f 3136 2733 2734
f 2736 2737 2791
f 2736 2791 2735
f 2736 2735 2733
f 2737 2736 2738
f 2737 2738 2740
f 2737 2740 2741
f 2738 2739 2743
f 2738 2743 2742
f 2738 2742 2740
f 2744 2746 2792
f 2744 2792 2741
f 2744 2741 2740
f 2744 2740 2742
f 2744 2742 2743
f 2744 2743 3110
f 2744 3110 2745
f 2744 2745 2749
f 2744 2749 2747
f 2746 2744 2747
f 2746 2747 2748
f 2746 2748 2768
f 2754 2748 2747
f 2754 2747 2749
f 2754 2749 2751
f 2754 2751 2753
f 3069 2752 2751
f 3069 2751 2749
f 3069 2749 2750
f 3069 2750 3070
f 2341 2750 2749
f 2341 2749 2745
f 2341 2745 3110
f 2341 3110 3112
f 2341 3112 3114
f 2341 3114 3116
f 2341 3116 3118
f 2341 3118 3119
f 2341 3119 3124
f 2341 3124 3125
f 2341 3125 3126
f 2341 3126 3127
f 2341 3127 3134
f 2752 2756 2755
f 2752 2755 2753
f 2752 2753 2751
f 2754 2753 2755
f 2754 2755 2758
f 3087 3088 2757
f 3087 2757 2755
f 3087 2755 2756
f 3087 2756 3068
f 2760 2759 2758
f 2760 2758 2755
f 2760 2755 2757
f 2754 2758 2759
f 2754 2759 2761
f 2754 2761 2763
f 2760 3042 2762
f 2760 2762 2761
f 2760 2761 2759
f 2765 2764 2763
f 2765 2763 2761
f 2765 2761 2762
f 2765 2762 3041
f 2754 2763 2764
f 2754 2764 2766
f 2754 2766 2768
f 2754 2768 2748
f 2765 3026 2769
f 2765 2769 2767
f 2765 2767 2766
f 2765 2766 2764
f 2770 2746 2768
f 2770 2768 2766
f 2770 2766 2767
f 2771 2770 2767
f 2771 2767 2769
f 2746 2770 2772
f 2746 2772 2774
f 2746 2774 2790
f 2746 2790 2792
f 2771 2773 2772
f 2771 2772 2770
f 2772 2773 3029
f 2772 3029 3030
f 2772 3030 3031
f 2772 3031 3033
f 2772 3033 3034
f 2772 3034 3038
f 2772 3038 2780
f 2772 2780 2779
f 2772 2779 2777
f 2772 2777 2775
f 2772 2775 2776
f 2772 2776 2774
f 2778 2789 2776
f 2778 2776 2775
f 2778 2775 2777
f 2781 2783 2778
f 2781 2778 2777
f 2781 2777 2779
f 2782 2781 2779
f 2782 2779 2780
f 2783 2781 2782
f 2783 2782 3037
f 2783 3037 3036
f 2783 3036 3035
f 2783 3035 3032
f 2783 3032 2796
f 2783 2796 2795
f 2783 2795 2786
f 2783 2786 2784
f 2787 2789 2778
f 2787 2778 2783
f 2787 2783 2784
f 2791 2788 2787
f 2791 2787 2784
f 2791 2784 2785
f 2791 2785 2735
f 2785 2784 2786
f 2785 2786 2793
f 2789 2787 2788
f 2789 2788 2790
f 2789 2790 2774
f 2789 2774 2776
f 2788 2791 2737
f 2788 2737 2741
f 2788 2741 2792
f 2788 2792 2790
f 2793 2786 2794
f 2793 2794 2930
f 2795 2797 2799
f 2795 2799 2794
f 2795 2794 2786
f 3039 2798 2797
f 3039 2797 2795
f 3039 2795 2796
f 3039 2796 3030
f 3039 3030 3029
f 3039 3029 3027
f 3039 3027 3028
f 3039 3028 3017
f 2797 2798 2799
f 2794 2799 2800
f 2794 2800 2801
f 2798 3039 2802
f 2798 2802 2800
f 2798 2800 2799
f 2803 2805 2806
f 2803 2806 2801
f 2803 2801 2800
f 2802 2804 2803
f 2802 2803 2800
f 2805 2803 2804
f 2805 2804 2810
f 2805 2810 2807
f 2936 2806 2805
f 2936 2805 2807
f 2936 2807 2808
f 2918 2808 2807
f 2918 2807 2809
f 2810 2811 2813
f 2810 2813 2815
f 2810 2815 2816
f 2810 2816 2809
f 2810 2809 2807
f 2811 2810 2804
f 2811 2804 3013
f 2811 3013 3015
f 2811 3015 2812
f 2813 2811 2812
f 2813 2812 2814
f 2815 2813 2814
f 2815 2814 2817
f 2817 2818 2819
f 2817 2819 2917
f 2817 2917 2816
f 2817 2816 2815
f 2822 2820 2818
f 2822 2818 2817
f 2822 2817 2814
f 2822 2814 2812
f 2822 2812 3015
f 2820 2823 2819
f 2820 2819 2818
f 2820 2822 3006
f 2820 3006 2821
f 2820 2821 2824
f 2820 2824 2823
f 2827 2825 2823
f 2827 2823 2824
f 2825 2826 2819
f 2825 2819 2823
f 2828 2830 2826
f 2828 2826 2825
f 2872 2829 2828
f 2872 2828 2825
f 2872 2825 2827
f 2828 2829 2832
f 2828 2832 2831
f 2828 2831 2830
f 2833 2834 2914
f 2833 2914 2826
f 2833 2826 2830
f 2833 2830 2831
f 2839 2837 2835
f 2839 2835 2833
f 2839 2833 2831
f 2839 2831 2832
f 2839 2832 2870
f 2839 2870 2840
f 2834 2833 2835
f 2834 2835 2836
f 2834 2836 2915
f 2835 2837 2838
f 2835 2838 2836
f 2837 2839 2841
f 2837 2841 2843
f 2837 2843 2838
f 2864 2842 2841
f 2864 2841 2839
f 2864 2839 2840
f 2864 2840 2866
f 2864 2866 2863
f 2864 2863 2862
f 2841 2842 2845
f 2841 2845 2843
f 2847 2844 2843
f 2847 2843 2845
f 2844 2940 2838
f 2844 2838 2843
f 2842 2864 2857
f 2842 2857 2846
f 2842 2846 2845
f 2848 2847 2845
f 2848 2845 2846
f 2849 2941 2844
f 2849 2844 2847
f 2849 2847 2848
f 3109 2849 2848
f 3109 2848 2850
f 3109 2850 2851
f 2850 2848 2846
f 2850 2846 2852
f 2851 2850 2852
f 2851 2852 2853
f 2854 2855 2853
f 2854 2853 2852
f 2857 2856 2854
f 2857 2854 2852
f 2857 2852 2846
f 2955 2855 2854
f 2955 2854 2856
f 2955 2856 2858
f 2955 2858 2859
f 2955 2859 2956
f 2955 2956 2954
f 2856 2857 2864
f 2856 2864 2862
f 2856 2862 2860
f 2856 2860 2858
f 2861 3108 2859
f 2861 2859 2858
f 2861 2858 2860
f 2865 2861 2860
f 2865 2860 2862
f 2865 2862 2863
f 2867 2865 2863
f 2867 2863 2866
f 2869 2867 2866
f 2869 2866 2840
f 2869 2840 2870
f 2861 2865 2867
f 2861 2867 2868
f 2861 2868 2871
f 2867 2869 2829
f 2867 2829 2872
f 2867 2872 2868
f 2829 2869 2870
f 2829 2870 2832
f 2871 2868 2873
f 2871 2873 2874
f 2868 2872 2875
f 2868 2875 2873
f 2942 2944 2874
f 2942 2874 2873
f 2942 2873 2875
f 2942 2875 2876
f 2942 2876 2877
f 2942 2877 2879
f 2942 2879 2881
f 2942 2881 2883
f 2942 2883 2885
f 2942 2885 2887
f 2942 2887 2888
f 2942 2888 2896
f 2872 2827 2876
f 2872 2876 2875
f 2824 2878 2877
f 2824 2877 2876
f 2824 2876 2827
f 2877 2878 3005
f 2877 3005 3004
f 2877 3004 3001
f 2877 3001 2995
f 2877 2995 2993
f 2877 2993 2996
f 2877 2996 2997
f 2877 2997 2998
f 2877 2998 2999
f 2877 2999 2943
f 2877 2943 2942
f 2877 2942 2896
f 2877 2896 2895
f 2877 2895 2897
f 2877 2897 2898
f 2877 2898 2900
f 2877 2900 2902
f 2877 2902 2880
f 2877 2880 2879
f 2904 2905 2882
f 2904 2882 2881
f 2904 2881 2879
f 2904 2879 2880
f 2882 2884 2883
f 2882 2883 2881
f 2884 2886 2885
f 2884 2885 2883
f 2887 2885 2886
f 2887 2886 2889
f 2889 2890 2888
f 2889 2888 2887
f 2891 2890 2889
f 2891 2889 2886
f 2891 2886 2884
f 2891 2884 2882
f 2891 2882 2905
f 2891 2905 2906
f 2891 2906 2908
f 2891 2908 2909
f 2891 2909 2941
f 2891 2941 2849
f 2891 2849 3109
f 2891 3109 2892
f 2890 2891 2893
f 2890 2893 2895
f 2890 2895 2896
f 2890 2896 2888
f 2893 2894 2897
f 2893 2897 2895
f 2894 2899 2898
f 2894 2898 2897
f 2899 2901 2900
f 2899 2900 2898
f 2901 2903 2902
f 2901 2902 2900
f 2903 2904 2880
f 2903 2880 2902
f 2910 2908 2906
f 2910 2906 2907
f 2910 2907 2912
f 2909 2908 2910
f 2909 2910 2911
f 2909 2911 2939
f 2910 2913 2915
f 2910 2915 2911
f 2912 2916 2913
f 2912 2913 2910
f 2913 2914 2834
f 2913 2834 2915
f 2916 2917 2914
f 2916 2914 2913
f 2816 2917 2916
f 2816 2916 2809
f 2916 2912 2918
f 2916 2918 2809
f 2826 2914 2917
f 2826 2917 2819
f 2939 2911 2915
f 2939 2915 2836
f 2912 2907 2919
f 2912 2919 2918
f 2919 2920 2808
f 2919 2808 2918
f 2920 2921 2923
f 2920 2923 2936
f 2920 2936 2808
f 2926 2924 2921
f 2926 2921 2922
f 2926 2922 2927
f 2923 2921 2924
f 2923 2924 2925
f 2924 2926 2928
f 2924 2928 2930
f 2924 2930 2925
f 2929 2928 2926
f 2929 2926 2927
f 2929 2927 2710
f 2928 2929 2931
f 2928 2931 2793
f 2928 2793 2930
f 2930 2794 2801
f 2930 2801 2925
f 2935 2933 2932
f 2935 2932 2931
f 2935 2931 2929
f 2935 2929 2710
f 2931 2932 2785
f 2931 2785 2793
f 2932 2933 2934
f 2932 2934 2735
f 2932 2735 2785
f 2732 2934 2933
f 2732 2933 2935
f 2732 2935 2713
f 2732 2713 3137
f 2922 2937 2708
f 2922 2708 2927
f 2806 2936 2923
f 2806 2923 2925
f 2806 2925 2801
f 2700 2706 2937
f 2700 2937 2938
f 2700 2938 2694
f 2941 2909 2939
f 2941 2939 2940
f 2941 2940 2844
f 2940 2939 2836
f 2940 2836 2838
f 2945 2944 2942
f 2945 2942 2943
f 2945 2943 2947
f 2945 2871 2874
f 2945 2874 2944
f 2946 3108 2861
f 2946 2861 2871
f 2946 2871 2945
f 2950 2946 2945
f 2950 2945 2947
f 2950 2947 2949
f 2947 2943 2999
f 2947 2999 2948
f 2948 2958 2951
f 2948 2951 2949
f 2948 2949 2947
f 2950 2949 2952
f 2950 2952 2953
f 2951 2959 2676
f 2951 2676 2952
f 2951 2952 2949
f 2954 2953 2952
f 2954 2952 2679
f 2954 2679 2957
f 2954 2957 2955
f 2946 2950 2953
f 2946 2953 2954
f 2946 2954 2956
f 3108 2946 2956
f 3108 2956 2859
f 2855 2955 2957
f 2855 2957 2684
f 2855 2684 2853
f 2962 2960 2959
f 2962 2959 2951
f 2962 2951 2958
f 2960 2963 2965
f 2960 2965 3107
f 2960 3107 2961
f 2963 2960 2962
f 2963 2962 2964
f 2963 2964 2968
f 2963 2968 2966
f 2963 2966 2969
f 2963 2969 2965
f 2966 2968 2991
f 2966 2991 2990
f 2966 2990 2967
f 2967 2983 2970
f 2967 2970 2969
f 2967 2969 2966
f 2969 2970 2973
f 2969 2973 2972
f 2969 2972 2971
f 2625 2971 2972
f 2625 2972 2974
f 2625 2974 2975
f 2625 2975 2978
f 2625 2978 2981
f 2625 2981 2982
f 2974 2972 2973
f 2974 2973 2977
f 2974 2977 2976
f 2975 2974 2612
f 2975 2612 2979
f 2976 2606 2612
f 2976 2612 2974
f 2603 2976 2977
f 2603 2977 2602
f 2979 2980 2978
f 2979 2978 2975
f 2980 2616 2981
f 2980 2981 2978
f 2986 2984 2970
f 2986 2970 2983
f 2986 2987 2988
f 2986 2988 2985
f 2986 2985 2984
f 2987 2986 2983
f 2987 2983 2967
f 2987 2967 2990
f 2989 3042 2988
f 2989 2988 2987
f 2989 2987 2990
f 2989 2990 2991
f 2989 2991 2992
f 2968 2996 2993
f 2968 2993 2992
f 2968 2992 2991
f 2989 2992 2993
f 2989 2993 2994
f 2989 2994 3040
f 3000 2994 2993
f 3000 2993 2995
f 2964 2997 2996
f 2964 2996 2968
f 2964 2962 2998
f 2964 2998 2997
f 2962 2958 2948
f 2962 2948 2999
f 2962 2999 2998
f 3000 2995 3001
f 3000 3001 3002
f 3022 3024 3002
f 3022 3002 3001
f 3022 3001 3003
f 3006 3007 3003
f 3006 3003 3001
f 3006 3001 3004
f 2821 3006 3004
f 2821 3004 3005
f 3006 2822 3010
f 3006 3010 3008
f 3006 3008 3007
f 3009 3020 3022
f 3009 3022 3003
f 3009 3003 3007
f 3009 3007 3008
f 3012 3009 3008
f 3012 3008 3010
f 3012 3010 3011
f 2822 3015 3013
f 2822 3013 3011
f 2822 3011 3010
f 3012 3011 3013
f 3012 3013 3014
f 3017 3016 3014
f 3017 3014 3013
f 3017 3013 2804
f 3017 2804 2802
f 3017 2802 3039
f 3018 3012 3014
f 3018 3014 3016
f 3019 3018 3016
f 3019 3016 3017
f 3019 3017 3028
f 3020 3018 3019
f 3020 3019 3021
f 3009 3012 3018
f 3009 3018 3020
f 3022 3020 3021
f 3022 3021 3023
f 3022 3023 3025
f 3022 3025 3024
f 2765 3000 3002
f 2765 3002 3024
f 2765 3024 3025
f 2765 3025 3026
f 3023 2771 2769
f 3023 2769 3026
f 3023 3026 3025
f 3023 3021 2773
f 3023 2773 2771
f 2773 3021 3019
f 2773 3019 3027
f 2773 3027 3029
f 3019 3028 3027
f 2796 3032 3031
f 2796 3031 3030
f 3032 3035 3033
f 3032 3033 3031
f 3035 3036 3034
f 3035 3034 3033
f 3036 3037 3038
f 3036 3038 3034
f 3037 2782 2780
f 3037 2780 3038
f 2821 3005 2878
f 2821 2878 2824
f 3000 2765 3041
f 3000 3041 3040
f 3000 3040 2994
f 3042 2989 3040
f 3042 3040 3041
f 3042 3041 2762
f 3042 2760 3043
f 3042 3043 2988
f 2988 3043 3045
f 2988 3045 2985
f 3043 3044 3047
f 3043 3047 3046
f 3043 3046 3045
f 3043 2760 2757
f 3043 2757 3088
f 3043 3088 3044
f 2540 2542 2545
f 2540 2545 2596
f 2540 2596 3046
f 2540 3046 3048
f 2540 3048 3050
f 2540 3050 3051
f 2540 3051 3106
f 2540 3106 3105
f 2540 3105 3104
f 2540 3104 3103
f 2540 3103 3102
f 2540 3102 3101
f 2540 3101 3100
f 2540 3100 3099
f 2540 3099 3098
f 2540 3098 3097
f 2540 3097 3096
f 2540 3096 3095
f 2540 3095 3094
f 2540 3094 3093
f 2540 3093 3092
f 2540 3092 3091
f 2540 3091 3090
f 2540 3090 3089
f 2540 3089 3053
f 3049 3048 3046
f 3049 3046 3047
f 3049 3054 3052
f 3049 3052 3050
f 3049 3050 3048
f 3053 3089 3090
f 3053 3090 3091
f 3053 3091 3092
f 3053 3092 3093
f 3053 3093 3094
f 3053 3094 3095
f 3053 3095 3096
f 3053 3096 3097
f 3053 3097 3098
f 3053 3098 3099
f 3053 3099 3100
f 3053 3100 3101
f 3053 3101 3102
f 3053 3102 3103
f 3053 3103 3104
f 3053 3104 3105
f 3053 3105 3106
f 3053 3106 3051
f 3053 3051 3050
f 3053 3050 3052
f 3054 3056 3058
f 3054 3058 2540
f 3054 2540 3053
f 3054 3053 3052
f 3054 3049 3087
f 3054 3087 3055
f 3054 3055 3059
f 3054 3059 3057
f 3054 3057 3056
f 3060 2538 3058
f 3060 3058 3056
f 3060 3056 3057
f 2480 3060 3057
f 2480 3057 3059
f 2480 3059 3061
f 2529 2538 3060
f 2529 3060 2482
f 3055 3066 3064
f 3055 3064 3062
f 3055 3062 3061
f 3055 3061 3059
f 2477 2480 3061
f 2477 3061 3062
f 2477 3062 3063
f 3065 3086 3085
f 3065 3085 3063
f 3065 3063 3062
f 3065 3062 3064
f 3069 3065 3064
f 3069 3064 3066
f 3069 3066 3067
f 3055 3087 3068
f 3055 3068 3067
f 3055 3067 3066
f 2752 3069 3067
f 2752 3067 3068
f 2752 3068 2756
f 3065 3069 3070
f 3065 3070 3071
f 3065 3071 3072
f 3065 3072 3075
f 3065 3075 3086
f 2341 3074 3073
f 2341 3073 3071
f 2341 3071 3070
f 2341 3070 2750
f 2375 3076 3072
f 2375 3072 3071
f 2375 3071 3073
f 3076 3077 3075
f 3076 3075 3072
f 3080 3078 3076
f 3080 3076 2375
f 3080 2375 2377
f 3081 3077 3076
f 3081 3076 3078
f 2408 3081 3078
f 2408 3078 3079
f 3079 3078 3080
f 3079 3080 3082
f 2474 2478 3081
f 2474 3081 2408
f 2478 3084 3077
f 2478 3077 3081
f 3082 3080 2377
f 3082 2377 2380
f 3077 3084 3085
f 3077 3085 3086
f 3077 3086 3075
f 3084 2477 3063
f 3084 3063 3085
f 3087 3049 3047
f 3087 3047 3044
f 3087 3044 3088
f 2628 2637 4609
f 2628 4609 4607
f 2628 4607 4606
f 2628 4606 4605
f 2628 4605 4600
f 2628 4600 4599
f 2628 4599 4597
f 2628 4597 4595
f 2628 4595 4594
f 2628 4594 4593
f 2628 4593 4590
f 2628 4590 4588
f 2628 4588 4586
f 2628 4586 4584
f 2628 4584 4582
f 2628 4582 4580
f 2628 4580 4578
f 2628 4578 4576
f 2628 4576 2645
f 2628 2645 2961
f 2628 2961 3107
f 2686 2851 2853
f 2686 2853 2684
f 2739 3136 3111
f 2739 3111 3110
f 2739 3110 2743
f 3112 3110 3111
f 3112 3111 3113
f 3113 3115 3114
f 3113 3114 3112
f 3115 3117 3116
f 3115 3116 3114
f 3117 3120 3118
f 3117 3118 3116
f 3120 3121 3119
f 3120 3119 3118
f 3121 3122 3124
f 3121 3124 3119
f 3122 3123 3125
f 3122 3125 3124
f 3123 3128 3126
f 3123 3126 3125
f 3128 3129 3127
f 3128 3127 3126
f 3129 3130 3131
f 3129 3131 3133
f 3129 3133 3134
f 3129 3134 3127
f 3131 3132 3135
f 3131 3135 3133
f 3132 2336 2338
f 3132 2338 3135
f 2728 3111 3136
f 2728 3136 2734
f 4572 4546 4573
f 4572 4573 2096
f 4572 2096 3138
f 4572 3138 2725
f 4572 2725 3139
f 3140 3141 3142
f 3140 3142 3139
f 3140 3139 2725
f 3141 3140 2723
f 3141 2723 2590
f 3141 2590 2588
f 3147 3145 3143
f 3147 3143 3142
f 3147 3142 3141
f 3147 3141 2588
f 3142 3143 3144
f 3142 3144 4544
f 3142 4544 4572
f 3142 4572 3139
f 3144 3143 3145
f 3144 3145 3146
f 3144 3146 4542
f 3145 3147 3148
f 3145 3148 3149
f 3145 3149 3146
f 3155 3146 3149
f 3155 3149 3151
f 3155 3151 3154
f 3151 3149 3150
f 3151 3150 3153
f 3152 3151 3153
f 3152 3153 4473
f 3156 3154 3151
f 3156 3151 3152
f 2453 3155 3154
f 2453 3154 3156
f 3178 3158 3157
f 3178 3157 3156
f 3178 3156 3152
f 3180 3179 3158
f 3180 3158 3178
f 3180 3178 3184
f 3180 3184 3182
f 3179 3180 3181
f 3179 3181 3424
f 3179 3424 2449
f 3182 3183 3433
f 3182 3433 3181
f 3182 3181 3180
f 3183 3182 3184
f 3183 3184 3186
f 3183 3186 3188
f 3187 3186 3184
f 3187 3184 3185
f 3187 3185 4500
f 3187 4500 4499
f 3187 4499 4498
f 3187 4498 4497
f 3187 4497 4496
f 3187 4496 4495
f 3187 4495 4494
f 3187 4494 4493
f 3187 4493 4492
f 3187 4492 4491
f 3187 4491 4490
f 3187 4490 4489
f 3187 4489 4488
f 3187 4488 4487
f 3187 4487 4486
f 3187 4486 4485
f 3187 4485 4484
f 3187 4484 4483
f 3187 4483 4482
f 3187 4482 4481
f 3187 4481 4480
f 3187 4480 4479
f 3187 4479 4478
f 3187 4478 4477
f 3187 4477 4476
f 3187 4476 4474
f 3187 4474 4475
f 4474 4476 4477
f 4474 4477 4478
f 4474 4478 4479
f 4474 4479 4480
f 4474 4480 4481
f 4474 4481 4482
f 4474 4482 4483
f 4474 4483 4484
f 4474 4484 4485
f 4474 4485 4486
f 4474 4486 4487
f 4474 4487 4488
f 4474 4488 4489
f 4474 4489 4490
f 4474 4490 4491
f 4474 4491 4492
f 4474 4492 4493
f 4474 4493 4494
f 4474 4494 4495
f 4474 4495 4496
f 4474 4496 4497
f 4474 4497 4498
f 4474 4498 4499
f 4474 4499 4500
f 4474 4500 3185
f 4474 3185 3184
f 4474 3184 3178
f 4474 3178 3152
f 4474 3152 4473
f 3186 3187 3191
f 3186 3191 3190
f 3186 3190 3188
f 3190 3192 3194
f 3190 3194 3196
f 3190 3196 3189
f 3190 3189 3188
f 3422 3433 3183
f 3422 3183 3188
f 3422 3188 3189
f 3192 3190 3191
f 3192 3191 4465
f 3192 4465 4443
f 3192 4443 3193
f 3194 3192 3193
f 3194 3193 4442
f 3194 4442 3195
f 3197 3196 3194
f 3197 3194 3195
f 3197 3195 3201
f 3197 3201 3199
f 3196 3197 3198
f 3196 3198 3418
f 3196 3418 3189
f 3199 3200 3435
f 3199 3435 3198
f 3199 3198 3197
f 3204 3200 3199
f 3204 3199 3201
f 3204 3201 3202
f 3201 3195 4442
f 3201 4442 4440
f 3201 4440 4437
f 3201 4437 4441
f 3201 4441 3203
f 3201 3203 3202
f 3203 3205 3204
f 3203 3204 3202
f 4203 3436 3200
f 4203 3200 3204
f 4203 3204 3205
f 4203 3205 3206
f 4203 3206 4202
f 3206 3205 3207
f 3206 3207 3209
f 3208 3207 3205
f 3208 3205 3203
f 3208 3203 4441
f 3212 3210 3207
f 3212 3207 3208
f 3212 3208 3214
f 4198 3209 3207
f 4198 3207 3210
f 4198 3210 3211
f 4198 3211 4276
f 4198 4276 3229
f 4198 3229 4197
f 3212 3215 3217
f 3212 3217 3211
f 3212 3211 3210
f 3212 3213 4285
f 3212 4285 4283
f 3212 4283 4282
f 3212 4282 3216
f 3212 3216 3215
f 3213 3212 3214
f 3213 3214 4438
f 3213 4438 4439
f 3217 3215 3216
f 3217 3216 4277
f 3217 4277 3219
f 3217 3219 3218
f 3218 3220 3221
f 3218 3221 3211
f 3218 3211 3217
f 2518 3222 3220
f 2518 3220 3218
f 2518 3218 3219
f 3222 3223 3225
f 3222 3225 3227
f 3222 3227 3221
f 3222 3221 3220
f 3223 3222 2516
f 3223 2516 4167
f 3223 4167 3224
f 3223 3224 3226
f 3223 3226 3225
f 3228 3227 3225
f 3228 3225 3226
f 3228 3226 3231
f 3228 3229 4276
f 3228 4276 3211
f 3228 3211 3221
f 3228 3221 3227
f 3228 3230 4196
f 3228 4196 4197
f 3228 4197 3229
f 3230 3228 3231
f 3230 3231 3232
f 3230 3232 3234
f 3232 3231 3226
f 3232 3226 4165
f 3232 4165 4163
f 3232 4163 4161
f 3232 4161 4160
f 3232 4160 4159
f 3232 4159 4154
f 3232 4154 4153
f 3232 4153 4152
f 3232 4152 4151
f 3232 4151 4146
f 3232 4146 4144
f 3232 4144 4143
f 3232 4143 4145
f 3232 4145 3233
f 3235 3234 3232
f 3235 3232 3233
f 3235 3233 3239
f 3235 3239 3237
f 4188 3230 3234
f 4188 3234 3235
f 4188 3235 3236
f 4184 3236 3235
f 4184 3235 3237
f 4184 3237 3238
f 4184 3238 4183
f 3240 3242 3244
f 3240 3244 3245
f 3240 3245 4173
f 3240 4173 4171
f 3240 4171 4170
f 3240 4170 4172
f 3240 4172 3238
f 3240 3238 3237
f 3240 3237 3239
f 3239 3233 4145
f 3239 4145 4143
f 3239 4143 4142
f 3239 4142 4140
f 3239 4140 4139
f 3239 4139 4138
f 3239 4138 3241
f 3239 3241 3240
f 4135 4134 3243
f 4135 3243 3242
f 4135 3242 3240
f 4135 3240 3241
f 3243 3246 3244
f 3243 3244 3242
f 3246 3247 3249
f 3246 3249 3251
f 3246 3251 3245
f 3246 3245 3244
f 4132 4131 4130
f 4132 4130 4128
f 4132 4128 4129
f 4132 4129 4169
f 4132 4169 3248
f 4132 3248 3247
f 4132 3247 3246
f 4132 3246 3243
f 4132 3243 4134
f 3260 3258 3254
f 3260 3254 3250
f 3260 3250 3249
f 3260 3249 3247
f 3260 3247 3248
f 3260 3248 4176
f 3260 4176 3261
f 3249 3250 3252
f 3249 3252 3251
f 4175 4174 4173
f 4175 4173 3245
f 4175 3245 3251
f 4175 3251 3252
f 4175 3252 3253
f 4175 3253 3255
f 4175 3255 3257
f 3250 3254 3253
f 3250 3253 3252
f 3254 3258 3255
f 3254 3255 3253
f 4275 3256 3255
f 4275 3255 3258
f 4275 3258 3259
f 4275 3259 3280
f 3271 3257 3255
f 3271 3255 3256
f 3259 3258 3260
f 3259 3260 3262
f 3263 3262 3260
f 3263 3260 3261
f 3263 3261 4179
f 3263 4179 4180
f 3263 4180 3264
f 3262 3263 3265
f 3262 3265 3266
f 3262 3266 3278
f 3262 3278 3279
f 3262 3279 3280
f 3262 3280 3259
f 3264 3265 3263
f 3266 3265 3267
f 3266 3267 3269
f 4178 3268 3267
f 4178 3267 3265
f 4178 3265 3264
f 4178 3264 4180
f 3270 3267 3268
f 3256 4275 3273
f 3256 3273 3272
f 3256 3272 3269
f 3256 3269 3267
f 3256 3267 3270
f 3256 3270 3271
f 3268 4178 4177
f 3268 4177 4175
f 3268 4175 3257
f 3268 3257 3271
f 3268 3271 3270
f 3276 3278 3266
f 3276 3266 3269
f 3276 3269 3272
f 3276 3272 3274
f 3273 3282 3291
f 3273 3291 3275
f 3273 3275 3274
f 3273 3274 3272
f 4270 3277 3276
f 4270 3276 3274
f 4270 3274 3275
f 4270 3275 4271
f 3278 3276 3277
f 3278 3277 3283
f 3278 3283 3281
f 3278 3281 3279
f 3280 3279 3281
f 3280 3281 3282
f 3280 3282 3273
f 3280 3273 4275
f 3281 3283 3284
f 3281 3284 3286
f 3281 3286 3288
f 3281 3288 3290
f 3281 3290 3291
f 3281 3291 3282
f 3277 4270 4268
f 3277 4268 4267
f 3277 4267 4269
f 3277 4269 3285
f 3277 3285 3284
f 3277 3284 3283
f 3286 3287 3289
f 3286 3289 3288
f 3291 3290 2384
f 3291 2384 4264
f 3291 4264 4265
f 3291 4265 4266
f 3291 4266 4271
f 3291 4271 3275
f 3287 3293 3292
f 3287 3292 3289
f 3293 3296 3294
f 3293 3294 3292
f 3296 3297 3295
f 3296 3295 3294
f 3297 3298 3300
f 3297 3300 3295
f 3298 3299 3301
f 3298 3301 3300
f 3299 3304 3302
f 3299 3302 3301
f 3304 3305 3306
f 3304 3306 3378
f 3304 3378 3303
f 3304 3303 3302
f 3307 3309 3310
f 3307 3310 3375
f 3307 3375 3373
f 3307 3373 3376
f 3307 3376 3306
f 3307 3306 3305
f 3309 3307 3308
f 3309 3308 3314
f 3309 3314 3313
f 3309 3313 3311
f 3310 3309 3311
f 3310 3311 3312
f 3303 3378 3377
f 3303 3377 3316
f 3303 3316 3315
f 3303 3315 3312
f 3303 3312 3311
f 3303 3311 3313
f 3308 2390 2387
f 3308 2387 3314
f 3318 3375 3310
f 3318 3310 3312
f 3318 3312 3315
f 3318 3315 3317
f 3316 3374 3371
f 3316 3371 3369
f 3316 3369 3367
f 3316 3367 3365
f 3316 3365 3363
f 3316 3363 3359
f 3316 3359 3358
f 3316 3358 3357
f 3316 3357 3356
f 3316 3356 3348
f 3316 3348 3347
f 3316 3347 3345
f 3316 3345 3343
f 3316 3343 3342
f 3316 3342 3341
f 3316 3341 3336
f 3316 3336 3335
f 3316 3335 3334
f 3316 3334 3333
f 3316 3333 3328
f 3316 3328 3327
f 3316 3327 3326
f 3316 3326 3325
f 3316 3325 3320
f 3316 3320 3319
f 3316 3319 3317
f 3316 3317 3315
f 3321 3318 3317
f 3321 3317 3319
f 3322 3321 3319
f 3322 3319 3320
f 3375 3318 3321
f 3375 3321 3322
f 3375 3322 3323
f 3375 3323 3324
f 3375 3324 3329
f 3375 3329 3330
f 3375 3330 3331
f 3375 3331 3332
f 3375 3332 3337
f 3375 3337 3338
f 3375 3338 3339
f 3375 3339 3340
f 3375 3340 3396
f 3375 3396 3379
f 3375 3379 3352
f 3375 3352 3351
f 3375 3351 3353
f 3375 3353 3354
f 3375 3354 3355
f 3375 3355 3360
f 3375 3360 3361
f 3375 3361 3362
f 3375 3362 3364
f 3375 3364 3366
f 3375 3366 3368
f 3375 3368 3370
f 3375 3370 3372
f 3375 3372 3373
f 3323 3322 3320
f 3323 3320 3325
f 3324 3323 3325
f 3324 3325 3326
f 3329 3324 3326
f 3329 3326 3327
f 3330 3329 3327
f 3330 3327 3328
f 3331 3330 3328
f 3331 3328 3333
f 3332 3331 3333
f 3332 3333 3334
f 3337 3332 3334
f 3337 3334 3335
f 3338 3337 3335
f 3338 3335 3336
f 3339 3338 3336
f 3339 3336 3341
f 3340 3339 3341
f 3340 3341 3342
f 3394 3395 3396
f 3394 3396 3340
f 3394 3340 3342
f 3394 3342 3343
f 3394 3343 3344
f 3394 3344 3393
f 3345 3344 3343
f 3345 3346 3383
f 3345 3383 3390
f 3345 3390 3391
f 3345 3391 3393
f 3345 3393 3344
f 3345 3347 3349
f 3345 3349 3350
f 3345 3350 3346
f 3353 3351 3349
f 3353 3349 3347
f 3353 3347 3348
f 3351 3352 3380
f 3351 3380 3350
f 3351 3350 3349
f 3354 3353 3348
f 3354 3348 3356
f 3355 3354 3356
f 3355 3356 3357
f 3360 3355 3357
f 3360 3357 3358
f 3361 3360 3358
f 3361 3358 3359
f 3362 3361 3359
f 3362 3359 3363
f 3364 3362 3363
f 3364 3363 3365
f 3366 3364 3365
f 3366 3365 3367
f 3368 3366 3367
f 3368 3367 3369
f 3370 3368 3369
f 3370 3369 3371
f 3372 3370 3371
f 3372 3371 3374
f 3376 3373 3372
f 3376 3372 3374
f 3376 3374 3316
f 3376 3316 3377
f 3306 3376 3377
f 3306 3377 3378
f 3381 3380 3352
f 3381 3352 3379
f 3380 3381 3382
f 3380 3382 3383
f 3380 3383 3346
f 3380 3346 3350
f 3395 3394 3385
f 3395 3385 3384
f 3395 3384 3382
f 3395 3382 3381
f 3395 3381 3379
f 3382 3384 3386
f 3382 3386 3388
f 3382 3388 3390
f 3382 3390 3383
f 3385 3397 3399
f 3385 3399 3406
f 3385 3406 3407
f 3385 3407 3408
f 3385 3408 4273
f 3385 4273 3387
f 3385 3387 3386
f 3385 3386 3384
f 3386 3387 3389
f 3386 3389 3388
f 3390 3388 3389
f 3390 3389 4274
f 3390 4274 3401
f 3390 3401 3400
f 3390 3400 3398
f 3390 3398 3392
f 3390 3392 3391
f 3397 3385 3394
f 3397 3394 3393
f 3397 3393 3391
f 3397 3391 3392
f 3396 3395 3379
f 3399 3397 3392
f 3399 3392 3398
f 3404 3406 3399
f 3404 3399 3398
f 3404 3398 3400
f 3404 3400 3402
f 3405 3404 3402
f 3405 3402 3403
f 3406 3404 3405
f 3406 3405 3426
f 3406 3426 3425
f 3406 3425 3411
f 3406 3411 3409
f 3406 3409 3407
f 4134 4135 4136
f 4134 4136 4137
f 4134 4137 4141
f 4134 4141 3408
f 4134 3408 3407
f 4134 3407 3409
f 4134 3409 3410
f 4134 3410 4133
f 4134 4133 4132
f 4133 3410 3409
f 4133 3409 3412
f 4133 3412 3414
f 4133 3414 4168
f 3421 3413 3412
f 3421 3412 3409
f 3421 3409 3411
f 3415 3412 3413
f 3415 3413 3417
f 3414 3412 3415
f 3414 3415 3416
f 3414 3416 3434
f 3198 3435 3416
f 3198 3416 3415
f 3198 3415 3417
f 3198 3417 3418
f 3413 3421 3419
f 3413 3419 3418
f 3413 3418 3417
f 3419 3420 3422
f 3419 3422 3189
f 3419 3189 3418
f 3420 3419 3421
f 3420 3421 3411
f 3420 3411 3425
f 3420 3425 3423
f 3433 3422 3420
f 3433 3420 3423
f 3433 3423 3424
f 3433 3424 3181
f 3427 3426 3405
f 3427 3405 3403
f 3427 3403 3429
f 3428 3427 3429
f 3428 3429 3430
f 3432 3428 3430
f 3432 3430 3431
f 2445 3432 3431
f 2445 3431 2443
f 3416 3435 3200
f 3416 3200 3436
f 3416 3436 3434
f 3436 4203 3438
f 3436 3438 3437
f 3436 3437 3434
f 3439 4168 3414
f 3439 3414 3434
f 3439 3434 3437
f 3438 4204 3441
f 3438 3441 3440
f 3438 3440 3437
f 3443 3444 3439
f 3443 3439 3437
f 3443 3437 3440
f 3441 4208 4211
f 3441 4211 3442
f 3441 3442 3440
f 3447 3445 3443
f 3447 3443 3440
f 3447 3440 3442
f 3446 4130 4131
f 3446 4131 3444
f 3446 3444 3443
f 3446 3443 3445
f 3449 4117 3446
f 3449 3446 3445
f 3449 3445 3447
f 3449 3447 3448
f 3450 3448 3447
f 3450 3447 3442
f 3450 3442 3452
f 4094 4095 3449
f 4094 3449 3448
f 4094 3448 3450
f 4094 3450 3451
f 3454 3455 3451
f 3454 3451 3450
f 3454 3450 3452
f 3453 1902 3458
f 3453 3458 3456
f 3453 3456 3454
f 3453 3454 3452
f 4211 4212 3453
f 4211 3453 3452
f 4211 3452 3442
f 4103 4096 3455
f 4103 3455 3454
f 4103 3454 3456
f 4103 3456 3457
f 3456 3458 3460
f 3456 3460 3461
f 3456 3461 3457
f 3460 3458 3459
f 3460 3459 3462
f 3463 3461 3460
f 3463 3460 3462
f 3463 3462 1921
f 3462 3459 1912
f 3462 1912 1915
f 3461 3463 3464
f 3461 3464 3466
f 3461 3466 3457
f 1921 3515 3514
f 1921 3514 3465
f 1921 3465 3464
f 1921 3464 3463
f 3464 3465 3471
f 3464 3471 3470
f 3464 3470 3468
f 3464 3468 3466
f 3468 3469 4101
f 3468 4101 3467
f 3468 3467 3466
f 3467 4099 4103
f 3467 4103 3457
f 3467 3457 3466
f 3472 3474 3475
f 3472 3475 4272
f 3472 4272 3469
f 3472 3469 3468
f 3472 3468 3470
f 3470 3471 3493
f 3470 3493 3473
f 3470 3473 3472
f 3474 3472 3473
f 3474 3473 3477
f 3474 3477 3476
f 3475 3474 3476
f 3475 3476 3478
f 3480 3479 3476
f 3480 3476 3477
f 3479 3481 3478
f 3479 3478 3476
f 3484 3482 3479
f 3484 3479 3480
f 3482 3483 3481
f 3482 3481 3479
f 3611 3543 3542
f 3611 3542 3483
f 3611 3483 3482
f 3611 3482 3484
f 3611 3484 3485
f 3611 3485 3486
f 3611 3486 3518
f 3611 3518 3541
f 3611 3541 2014
f 3487 3485 3484
f 3487 3484 3480
f 3486 3485 3487
f 3486 3487 3488
f 3486 3488 3489
f 3490 3488 3487
f 3490 3487 3480
f 3490 3480 3477
f 3488 3490 3491
f 3488 3491 3492
f 3488 3492 3495
f 3488 3495 3489
f 3473 3493 3491
f 3473 3491 3490
f 3473 3490 3477
f 3494 3492 3491
f 3494 3491 3465
f 3494 3465 3514
f 3494 3514 3513
f 3494 3513 3505
f 3491 3493 3471
f 3491 3471 3465
f 3495 3496 3497
f 3495 3497 3498
f 3495 3498 3499
f 3495 3499 3500
f 3495 3500 3501
f 3495 3501 3502
f 3495 3502 3503
f 3495 3503 3504
f 3495 3504 1925
f 3495 1925 3519
f 3495 3519 3516
f 3495 3516 3489
f 3506 3494 3505
f 3506 3505 3508
f 3509 3507 3506
f 3509 3506 3508
f 3511 3509 3508
f 3511 3508 3510
f 3505 3513 3510
f 3505 3510 3508
f 3512 1923 3511
f 3512 3511 3510
f 3513 3514 3515
f 3513 3515 3512
f 3513 3512 3510
f 3518 3486 3489
f 3518 3489 3516
f 3519 3520 3521
f 3519 3521 3522
f 3519 3522 3523
f 3519 3523 3524
f 3519 3524 3525
f 3519 3525 3529
f 3519 3529 3527
f 3519 3527 3528
f 3519 3528 3530
f 3519 3530 3531
f 3519 3531 3532
f 3519 3532 3533
f 3519 3533 3534
f 3519 3534 3535
f 3519 3535 3536
f 3519 3536 3537
f 3519 3537 3538
f 3519 3538 3539
f 3519 3539 3540
f 3519 3540 3517
f 3519 3517 3516
f 3541 3518 3516
f 3541 3516 3517
f 3483 3542 3544
f 3483 3544 3481
f 3542 3543 3545
f 3542 3545 3544
f 3544 3545 3547
f 3544 3547 3546
f 3481 3544 3546
f 3481 3546 3478
f 3550 3548 3546
f 3550 3546 3547
f 3548 3549 4272
f 3548 4272 3475
f 3548 3475 3478
f 3548 3478 3546
f 3553 3554 4102
f 3553 4102 3549
f 3553 3549 3548
f 3553 3548 3550
f 3553 3550 3551
f 3576 3575 3552
f 3576 3552 3551
f 3576 3551 3550
f 3576 3550 3547
f 3556 3555 3553
f 3556 3553 3551
f 3556 3551 3552
f 3556 3552 3572
f 3556 3572 3571
f 3557 3558 3617
f 3557 3617 3554
f 3557 3554 3553
f 3557 3553 3555
f 3561 3559 3557
f 3561 3557 3555
f 3561 3555 3556
f 3561 3556 3563
f 3558 3557 3559
f 3558 3559 3560
f 3558 3560 3285
f 3558 3285 4269
f 3558 4269 4263
f 3558 4263 4261
f 3558 4261 4259
f 3558 4259 3621
f 3558 3621 3620
f 3558 3620 3618
f 3559 3561 3562
f 3559 3562 3615
f 3559 3615 3560
f 3562 3561 3563
f 3562 3563 3564
f 3565 3564 3563
f 3565 3563 3556
f 3565 3556 3571
f 3565 3571 3569
f 3565 3569 3568
f 3565 3568 3567
f 3564 3565 3566
f 3564 3566 3613
f 3564 3613 3615
f 3564 3615 3562
f 3567 2079 3566
f 3567 3566 3565
f 2073 3568 3569
f 2073 3569 3570
f 2073 3570 2071
f 3569 3571 3572
f 3569 3572 3573
f 3569 3573 3570
f 3572 3552 3575
f 3572 3575 3573
f 3575 3576 3577
f 3575 3577 3574
f 3575 3574 3573
f 3574 3585 3570
f 3574 3570 3573
f 3612 3579 3578
f 3612 3578 3577
f 3612 3577 3576
f 3612 3576 3547
f 3612 3547 3545
f 3577 3578 3580
f 3577 3580 3574
f 3578 3579 3581
f 3578 3581 3580
f 3581 3583 3582
f 3581 3582 3580
f 3580 3582 3585
f 3580 3585 3574
f 3583 3586 3584
f 3583 3584 3582
f 3582 3584 2069
f 3582 2069 3585
f 3585 2069 2071
f 3585 2071 3570
f 3586 3588 2068
f 3586 2068 3584
f 3608 3587 3586
f 3608 3586 3583
f 3587 3589 3588
f 3587 3588 3586
f 3589 3591 3590
f 3589 3590 3588
f 3588 3590 2066
f 3588 2066 2068
f 3591 3593 3592
f 3591 3592 3590
f 3590 3592 2064
f 3590 2064 2066
f 3593 3596 3594
f 3593 3594 3592
f 3592 3594 3597
f 3592 3597 2064
f 3595 3598 3597
f 3595 3597 3594
f 3600 3595 3594
f 3600 3594 3596
f 3598 2057 2059
f 3598 2059 3597
f 3602 3599 3596
f 3602 3596 3593
f 3599 3601 3600
f 3599 3600 3596
f 3603 3602 3593
f 3603 3593 3591
f 3604 3603 3591
f 3604 3591 3589
f 3605 3604 3589
f 3605 3589 3587
f 3606 3605 3587
f 3606 3587 3608
f 3607 3606 3608
f 3607 3608 3609
f 3609 3608 3583
f 3609 3583 3581
f 3610 3611 3607
f 3610 3607 3609
f 3579 3612 3610
f 3579 3610 3609
f 3579 3609 3581
f 3543 3611 3610
f 3543 3610 3612
f 3543 3612 3545
f 3615 3613 3614
f 3615 3614 3616
f 3615 3616 3285
f 3615 3285 3560
f 2391 3616 3614
f 2391 3614 2082
f 2391 2082 2091
f 4061 4100 3617
f 4061 3617 3558
f 4061 3558 3618
f 4061 3618 3619
f 4107 3619 3618
f 4107 3618 3620
f 4107 3620 3622
f 4107 3622 3624
f 4107 3624 3625
f 4107 3625 4109
f 3620 3621 3623
f 3620 3623 3622
f 3624 3622 3623
f 3624 3623 4258
f 3624 4258 4260
f 3624 4260 4262
f 3624 4262 4264
f 3624 4264 2384
f 3624 2384 3662
f 3624 3662 3661
f 3624 3661 3627
f 3624 3627 3626
f 3625 3624 3626
f 3625 3626 3628
f 3625 3628 3629
f 3625 3629 4110
f 3654 3652 3650
f 3654 3650 3648
f 3654 3648 3647
f 3654 3647 3646
f 3654 3646 3641
f 3654 3641 3640
f 3654 3640 3639
f 3654 3639 3638
f 3654 3638 3633
f 3654 3633 3632
f 3654 3632 3630
f 3654 3630 3628
f 3654 3628 3626
f 3654 3626 3627
f 3630 3631 4248
f 3630 4248 4250
f 3630 4250 4251
f 3630 4251 4252
f 3630 4252 4253
f 3630 4253 4254
f 3630 4254 4255
f 3630 4255 4256
f 3630 4256 4257
f 3630 4257 3629
f 3630 3629 3628
f 3630 3632 3634
f 3630 3634 3631
f 3632 3633 3635
f 3632 3635 3634
f 4216 3629 4257
f 4216 4257 4256
f 4216 4256 4255
f 4216 4255 4254
f 4216 4254 4253
f 4216 4253 4252
f 4216 4252 4251
f 4216 4251 4250
f 4216 4250 4249
f 4216 4249 3631
f 4216 3631 3634
f 4216 3634 3635
f 4216 3635 3636
f 4216 3636 3637
f 4216 3637 3642
f 4216 3642 3643
f 4216 3643 3644
f 4216 3644 3645
f 4216 3645 3649
f 4216 3649 4240
f 4216 4240 4239
f 4216 4239 4238
f 4216 4238 4237
f 4216 4237 4236
f 4216 4236 4235
f 4216 4235 4234
f 4216 4234 4233
f 4216 4233 4232
f 4216 4232 3960
f 4216 3960 3965
f 4216 3965 4217
f 3633 3638 3636
f 3633 3636 3635
f 3638 3639 3637
f 3638 3637 3636
f 3639 3640 3642
f 3639 3642 3637
f 3640 3641 3643
f 3640 3643 3642
f 3641 3646 3644
f 3641 3644 3643
f 3646 3647 3645
f 3646 3645 3644
f 3647 3648 3649
f 3647 3649 3645
f 3648 3650 3651
f 3648 3651 3960
f 3648 3960 4232
f 3648 4232 4233
f 3648 4233 4234
f 3648 4234 4235
f 3648 4235 4236
f 3648 4236 4237
f 3648 4237 4238
f 3648 4238 4239
f 3648 4239 4241
f 3648 4241 3649
f 3653 3959 3958
f 3653 3958 3957
f 3653 3957 3651
f 3653 3651 3650
f 3653 3650 3652
f 3656 3892 3893
f 3656 3893 3653
f 3656 3653 3652
f 3656 3652 3654
f 3656 3654 3655
f 3657 3655 3654
f 3657 3654 3627
f 3657 3627 3661
f 3657 3661 3659
f 3665 3889 3890
f 3665 3890 3656
f 3665 3656 3655
f 3665 3655 3657
f 3665 3657 3658
f 3665 3658 3664
f 3658 3657 3659
f 3658 3659 3660
f 3662 3663 3660
f 3662 3660 3659
f 3662 3659 3661
f 3660 3663 2382
f 3660 2382 3666
f 3660 3666 3664
f 3660 3664 3658
f 3664 3666 3667
f 3664 3667 3668
f 3664 3668 3665
f 2379 3671 3669
f 2379 3669 3668
f 2379 3668 3667
f 3679 3681 3682
f 3679 3682 3888
f 3679 3888 3889
f 3679 3889 3665
f 3679 3665 3668
f 3679 3668 3669
f 3679 3669 3670
f 3671 3672 3676
f 3671 3676 3674
f 3671 3674 3673
f 2379 2373 3678
f 2379 3678 3672
f 2379 3672 3671
f 3675 2251 4617
f 3675 4617 4621
f 3675 4621 4622
f 3675 4622 2148
f 3675 2148 3673
f 3675 3673 3674
f 3672 3678 3677
f 3672 3677 3676
f 3670 2187 3822
f 3670 3822 3726
f 3670 3726 3680
f 3670 3680 3679
f 3685 3683 3681
f 3685 3681 3679
f 3685 3679 3680
f 3683 3684 3887
f 3683 3887 3682
f 3683 3682 3681
f 3684 3683 3686
f 3684 3686 3687
f 3683 3685 3688
f 3683 3688 3686
f 3687 3686 3689
f 3687 3689 3690
f 3686 3688 3691
f 3686 3691 3689
f 3690 3689 3692
f 3690 3692 3694
f 3689 3691 3695
f 3689 3695 3692
f 3692 3695 3697
f 3692 3697 3693
f 3694 3692 3693
f 3694 3693 3863
f 3691 3720 3696
f 3691 3696 3695
f 3695 3696 3698
f 3695 3698 3697
f 3697 3698 3702
f 3697 3702 3699
f 3693 3697 3699
f 3693 3699 3701
f 3699 3702 3704
f 3699 3704 3700
f 3701 3699 3700
f 3701 3700 3858
f 3702 3698 3716
f 3702 3716 3703
f 3704 3702 3703
f 3704 3703 3705
f 3704 3705 3708
f 3704 3708 3706
f 3700 3704 3706
f 3700 3706 3707
f 3711 3709 3708
f 3711 3708 3705
f 3711 3705 3703
f 3711 3703 3716
f 3711 3716 3715
f 3711 3715 3714
f 3711 3713 3717
f 3711 3717 3710
f 3711 3710 3709
f 3713 3711 3712
f 3713 3712 3718
f 3711 3714 3712
f 3696 3720 3719
f 3696 3719 3718
f 3696 3718 3712
f 3696 3712 3714
f 3696 3714 3715
f 3698 3696 3715
f 3698 3715 3716
f 3717 3713 3718
f 3717 3718 3719
f 3717 3719 3721
f 3720 3724 3722
f 3720 3722 3721
f 3720 3721 3719
f 3765 3763 3764
f 3765 3764 3717
f 3765 3717 3721
f 3765 3721 3722
f 3765 3722 3723
f 3724 3725 3727
f 3724 3727 3729
f 3724 3729 3731
f 3724 3731 3732
f 3724 3732 3768
f 3724 3768 3767
f 3724 3767 3766
f 3724 3766 3723
f 3724 3723 3722
f 3688 3724 3720
f 3688 3720 3691
f 3685 3725 3724
f 3685 3724 3688
f 3725 3685 3680
f 3725 3680 3726
f 3725 3726 3822
f 3725 3822 3818
f 3725 3818 3819
f 3725 3819 3820
f 3725 3820 3821
f 3725 3821 3737
f 3725 3737 3728
f 3725 3728 3727
f 3730 3729 3727
f 3730 3727 3728
f 3730 3733 3731
f 3730 3731 3729
f 3733 3734 3732
f 3733 3732 3731
f 3735 3733 3730
f 3735 3730 3728
f 3735 3728 3737
f 3735 3738 3739
f 3735 3739 3769
f 3735 3769 3770
f 3735 3770 3734
f 3735 3734 3733
f 3736 3740 3738
f 3736 3738 3735
f 3736 3735 3737
f 3736 3737 3821
f 3738 3741 3743
f 3738 3743 3739
f 3740 3742 3741
f 3740 3741 3738
f 3744 3741 3742
f 3744 3742 3813
f 3744 3813 3746
f 3741 3744 3747
f 3741 3747 3743
f 3744 3745 3749
f 3744 3749 3747
f 3745 3744 3746
f 3745 3746 3809
f 3743 3747 3748
f 3743 3748 3758
f 3743 3758 3761
f 3747 3749 3751
f 3747 3751 3748
f 3745 3808 3750
f 3745 3750 3749
f 3749 3750 3752
f 3749 3752 3751
f 3748 3751 3753
f 3748 3753 3756
f 3751 3752 3754
f 3751 3754 3753
f 3753 3754 3771
f 3753 3771 3755
f 3717 3764 3760
f 3717 3760 3759
f 3717 3759 3757
f 3717 3757 3756
f 3717 3756 3753
f 3717 3753 3755
f 3717 3755 3710
f 3758 3748 3756
f 3758 3756 3757
f 3761 3758 3757
f 3761 3757 3759
f 3762 3761 3759
f 3762 3759 3760
f 3739 3743 3761
f 3739 3761 3762
f 3739 3762 3763
f 3739 3763 3765
f 3763 3762 3760
f 3763 3760 3764
f 3769 3739 3765
f 3769 3765 3766
f 3769 3766 3767
f 3765 3723 3766
f 3770 3769 3767
f 3770 3767 3768
f 3734 3770 3768
f 3734 3768 3732
f 3754 3774 3772
f 3754 3772 3771
f 3774 3775 3773
f 3774 3773 3772
f 3752 3776 3774
f 3752 3774 3754
f 3776 3778 3775
f 3776 3775 3774
f 3750 3777 3776
f 3750 3776 3752
f 3777 3779 3778
f 3777 3778 3776
f 3780 3778 3779
f 3780 3779 3807
f 3780 3807 3781
f 3778 3780 3782
f 3778 3782 3775
f 3783 3782 3780
f 3783 3780 3781
f 3783 3781 3801
f 3783 3801 3797
f 3782 3783 3785
f 3782 3785 3784
f 3775 3782 3784
f 3775 3784 3773
f 3783 3797 3796
f 3783 3796 3795
f 3783 3795 3794
f 3783 3794 3793
f 3783 3793 3792
f 3783 3792 3791
f 3783 3791 3790
f 3783 3790 3788
f 3783 3788 3786
f 3783 3786 3785
f 3788 3789 3844
f 3788 3844 3843
f 3788 3843 3842
f 3788 3842 3840
f 3788 3840 3839
f 3788 3839 3838
f 3788 3838 3837
f 3788 3837 3836
f 3788 3836 3835
f 3788 3835 3834
f 3788 3834 3832
f 3788 3832 3831
f 3788 3831 3830
f 3788 3830 3829
f 3788 3829 3828
f 3788 3828 3827
f 3788 3827 3825
f 3788 3825 3826
f 3788 3826 3787
f 3788 3787 3786
f 3825 3827 3828
f 3825 3828 3829
f 3825 3829 3830
f 3825 3830 3831
f 3825 3831 3832
f 3825 3832 3833
f 3825 3833 3835
f 3825 3835 3836
f 3825 3836 3837
f 3825 3837 3838
f 3825 3838 3839
f 3825 3839 3841
f 3825 3841 3842
f 3825 3842 3843
f 3825 3843 3844
f 3825 3844 3789
f 3825 3789 3788
f 3825 3788 3790
f 3825 3790 3791
f 3825 3791 3792
f 3825 3792 3793
f 3825 3793 3794
f 3825 3794 3795
f 3825 3795 3796
f 3825 3796 3798
f 3825 3798 3799
f 3796 3797 3801
f 3796 3801 3800
f 3796 3800 3798
f 3801 3781 3807
f 3801 3807 3806
f 3801 3806 3804
f 3801 3804 3802
f 3801 3802 3800
f 3804 3805 3809
f 3804 3809 3746
f 3804 3746 3813
f 3804 3813 3811
f 3804 3811 3803
f 3804 3803 3802
f 3777 3750 3808
f 3777 3808 3805
f 3777 3805 3804
f 3777 3804 3806
f 3779 3777 3806
f 3779 3806 3807
f 3808 3745 3809
f 3808 3809 3805
f 3811 3812 3814
f 3811 3814 3810
f 3811 3810 3803
f 3742 3740 3812
f 3742 3812 3811
f 3742 3811 3813
f 3817 3815 3814
f 3817 3814 3812
f 3817 3812 3740
f 3817 3740 3736
f 3817 3736 3820
f 3817 3820 3819
f 3814 3815 3816
f 3814 3816 3810
f 3815 3817 3818
f 3815 3818 3823
f 3815 3823 3816
f 3819 3818 3817
f 3736 3821 3820
f 3818 3822 2187
f 3818 2187 3823
f 3845 3826 3825
f 3845 3825 3799
f 3845 3799 3824
f 3826 3845 3846
f 3826 3846 3848
f 3826 3848 3787
f 3824 2202 3847
f 3824 3847 3846
f 3824 3846 3845
f 3849 3848 3846
f 3849 3846 3847
f 3849 3847 3851
f 3850 3849 3851
f 3850 3851 3852
f 2008 3850 3852
f 2008 3852 3853
f 2008 3853 2011
f 2008 2011 4639
f 2008 4639 4636
f 2008 4636 4637
f 3856 3858 3700
f 3856 3700 3707
f 3856 3707 3854
f 3857 3856 3854
f 3857 3854 3855
f 3859 3858 3856
f 3859 3856 3857
f 3861 3701 3858
f 3861 3858 3859
f 3860 3859 3857
f 3860 3857 3927
f 3862 3861 3859
f 3862 3859 3860
f 3864 3863 3861
f 3864 3861 3862
f 3863 3693 3701
f 3863 3701 3861
f 3865 3694 3863
f 3865 3863 3864
f 3868 3865 3864
f 3868 3864 3866
f 3866 3864 3862
f 3866 3862 3867
f 3869 3866 3867
f 3869 3867 3870
f 3872 3868 3866
f 3872 3866 3869
f 3869 3870 3918
f 3869 3918 3917
f 3869 3917 3871
f 3872 3869 3871
f 3872 3871 3915
f 3872 3915 3873
f 3874 3872 3873
f 3874 3873 4246
f 3874 4246 3875
f 3874 3876 3868
f 3874 3868 3872
f 3877 3874 3875
f 3877 3875 4247
f 3877 4247 3878
f 3877 3880 3876
f 3877 3876 3874
f 3879 3877 3878
f 3879 3878 3894
f 3879 3894 3891
f 3879 3881 3880
f 3879 3880 3877
f 3881 3884 3882
f 3881 3882 3880
f 3880 3882 3883
f 3880 3883 3876
f 3882 3687 3690
f 3882 3690 3883
f 3884 3684 3687
f 3884 3687 3882
f 3886 3885 3884
f 3886 3884 3881
f 3885 3887 3684
f 3885 3684 3884
f 3885 3886 3890
f 3885 3890 3889
f 3885 3889 3888
f 3887 3885 3888
f 3887 3888 3682
f 3886 3881 3879
f 3886 3879 3892
f 3886 3892 3656
f 3886 3656 3890
f 3876 3883 3865
f 3876 3865 3868
f 3883 3690 3694
f 3883 3694 3865
f 3879 3891 3893
f 3879 3893 3892
f 3895 3897 3959
f 3895 3959 3653
f 3895 3653 3893
f 3895 3893 3891
f 3895 3891 3894
f 3896 3895 3894
f 3896 3894 3878
f 3896 3878 4247
f 3898 3895 3896
f 3898 3896 3899
f 3900 3897 3895
f 3900 3895 3898
f 3901 3898 3899
f 3901 3899 3904
f 3903 3900 3898
f 3903 3898 3901
f 3903 3901 3902
f 3903 3902 3953
f 3903 3953 3954
f 3903 3954 3956
f 3902 3901 3904
f 3902 3904 3905
f 3905 3904 3906
f 3905 3906 3908
f 3904 3899 3909
f 3904 3909 3906
f 3908 3906 3907
f 3908 3907 3938
f 3906 3909 3911
f 3906 3911 3907
f 3899 3896 3910
f 3899 3910 3909
f 3909 3910 3913
f 3909 3913 3911
f 3907 3911 3912
f 3907 3912 3935
f 3911 3913 3914
f 3911 3914 3912
f 3914 3913 3915
f 3914 3915 3871
f 3914 3871 3917
f 3913 3910 4246
f 3913 4246 3873
f 3913 3873 3915
f 3912 3914 3916
f 3912 3916 3928
f 3916 3914 3917
f 3916 3917 3918
f 3916 3918 3919
f 3870 3921 3920
f 3870 3920 3919
f 3870 3919 3918
f 3916 3919 3920
f 3916 3920 2009
f 3916 2009 3929
f 3921 3923 2009
f 3921 2009 3920
f 3921 3922 3925
f 3921 3925 3924
f 3921 3924 3923
f 3870 3867 3922
f 3870 3922 3921
f 3925 3927 3926
f 3925 3926 3924
f 3927 3857 3855
f 3927 3855 3926
f 3922 3860 3927
f 3922 3927 3925
f 3867 3862 3860
f 3867 3860 3922
f 3928 3916 3929
f 3928 3929 3930
f 3933 3928 3930
f 3933 3930 3931
f 3934 3933 3931
f 3934 3931 3932
f 3936 3935 3933
f 3936 3933 3934
f 3935 3912 3928
f 3935 3928 3933
f 3938 3907 3935
f 3938 3935 3936
f 3937 3936 3934
f 3937 3934 4243
f 3939 3938 3936
f 3939 3936 3937
f 3940 3908 3938
f 3940 3938 3939
f 3939 3937 3942
f 3939 3942 3941
f 3940 3939 3941
f 3940 3941 3943
f 3940 3943 3944
f 3946 3940 3944
f 3946 3944 3945
f 3948 3946 3945
f 3948 3945 3947
f 3948 3947 1946
f 3948 1946 3950
f 3948 3950 3949
f 3948 3902 3905
f 3948 3905 3946
f 3902 3948 3949
f 3902 3949 3951
f 3902 3951 3953
f 3951 3949 3950
f 3951 3950 4231
f 3951 4231 3952
f 3952 3963 3962
f 3952 3962 3961
f 3952 3961 3955
f 3952 3955 3954
f 3952 3954 3953
f 3952 3953 3951
f 3957 3956 3954
f 3957 3954 3955
f 3957 3955 3960
f 3957 3960 3651
f 3900 3903 3956
f 3900 3956 3957
f 3900 3957 3958
f 3897 3900 3958
f 3897 3958 3959
f 3964 3965 3960
f 3964 3960 3955
f 3964 3955 3961
f 3964 3961 3962
f 3964 3962 3963
f 3964 3963 3952
f 3964 3952 4231
f 3964 4231 3968
f 3964 3968 3967
f 3964 3966 3982
f 3964 3982 4217
f 3964 4217 3965
f 3966 3964 3967
f 3966 3967 3969
f 3966 3969 3971
f 3969 3967 3968
f 3969 3968 4222
f 3969 4222 4221
f 3969 4221 4220
f 3969 4220 4218
f 3969 4218 3970
f 3970 1918 3973
f 3970 3973 3972
f 3970 3972 3971
f 3970 3971 3969
f 3966 3971 3972
f 3966 3972 3974
f 3966 3974 3975
f 3973 1916 1913
f 3973 1913 3974
f 3973 3974 3972
f 3977 3976 3975
f 3977 3975 3974
f 3977 3974 1909
f 3977 1909 4213
f 3966 3975 3976
f 3966 3976 3978
f 3966 3978 3981
f 3966 3981 3982
f 3977 4214 3980
f 3977 3980 3978
f 3977 3978 3976
f 4001 4000 3999
f 4001 3999 3998
f 4001 3998 3997
f 4001 3997 3996
f 4001 3996 3995
f 4001 3995 3994
f 4001 3994 3993
f 4001 3993 3992
f 4001 3992 3991
f 4001 3991 3990
f 4001 3990 3988
f 4001 3988 3979
f 4001 3979 3978
f 4001 3978 3980
f 3983 3981 3978
f 3983 3978 3979
f 3983 3984 3985
f 3983 3985 4216
f 3983 4216 4217
f 3983 4217 3982
f 3983 3982 3981
f 3983 3979 3988
f 3983 3988 3986
f 3983 3986 3984
f 3987 4075 4070
f 3987 4070 4069
f 3987 4069 4068
f 3987 4068 3985
f 3987 3985 3984
f 3987 3984 3986
f 3986 3988 3989
f 3986 3989 4104
f 3986 4104 3987
f 4002 4003 3989
f 4002 3989 3988
f 4002 3988 3990
f 4002 3990 3991
f 4002 3991 3992
f 4002 3992 3993
f 4002 3993 3994
f 4002 3994 3995
f 4002 3995 3996
f 4002 3996 3997
f 4002 3997 3998
f 4002 3998 3999
f 4002 3999 4000
f 4000 4001 4215
f 4000 4215 4020
f 4000 4020 4019
f 4000 4019 4017
f 4000 4017 4015
f 4000 4015 4013
f 4000 4013 4012
f 4000 4012 4011
f 4000 4011 4005
f 4000 4005 4004
f 4000 4004 4002
f 4006 4007 4083
f 4006 4083 4003
f 4006 4003 4002
f 4006 4002 4004
f 4008 4006 4004
f 4008 4004 4005
f 4007 4006 4008
f 4007 4008 4009
f 4007 4009 4010
f 4007 4010 4014
f 4007 4014 4016
f 4007 4016 4115
f 4007 4115 4030
f 4007 4030 4095
f 4007 4095 4094
f 4007 4094 4093
f 4009 4008 4005
f 4009 4005 4011
f 4010 4009 4011
f 4010 4011 4012
f 4014 4010 4012
f 4014 4012 4013
f 4016 4014 4013
f 4016 4013 4015
f 4114 4115 4016
f 4114 4016 4015
f 4114 4015 4017
f 4114 4017 4018
f 4019 4021 4032
f 4019 4032 4040
f 4019 4040 4111
f 4019 4111 4018
f 4019 4018 4017
f 4023 4022 4019
f 4023 4019 4020
f 4023 4020 4182
f 4023 4182 4181
f 4019 4022 4024
f 4019 4024 4025
f 4019 4025 4021
f 4118 4116 4027
f 4118 4027 4026
f 4118 4026 4024
f 4118 4024 4022
f 4118 4022 4023
f 4118 4023 4120
f 4026 4028 4025
f 4026 4025 4024
f 4029 4028 4026
f 4029 4026 4027
f 4029 4027 4030
f 4028 4029 4031
f 4028 4031 4032
f 4028 4032 4021
f 4028 4021 4025
f 4115 4114 4034
f 4115 4034 4033
f 4115 4033 4031
f 4115 4031 4029
f 4115 4029 4030
f 4031 4033 4035
f 4031 4035 4038
f 4031 4038 4040
f 4031 4040 4032
f 4034 4113 4036
f 4034 4036 4035
f 4034 4035 4033
f 4037 4035 4036
f 4037 4036 4055
f 4037 4055 4054
f 4038 4035 4037
f 4038 4037 4045
f 4038 4045 4043
f 4038 4043 4041
f 4040 4038 4039
f 4040 4039 4112
f 4040 4112 4111
f 4042 4056 4039
f 4042 4039 4038
f 4042 4038 4041
f 4049 4051 4042
f 4049 4042 4041
f 4049 4041 4043
f 4049 4043 4046
f 4049 4046 4047
f 4108 4044 4043
f 4108 4043 4045
f 4108 4045 4105
f 4108 4105 4106
f 4046 4043 4044
f 4044 4108 4109
f 4044 4109 3625
f 4044 3625 4110
f 4044 4110 4048
f 4044 4048 4047
f 4044 4047 4046
f 4066 4050 4049
f 4066 4049 4047
f 4066 4047 4048
f 4057 4053 4052
f 4057 4052 4051
f 4057 4051 4049
f 4057 4049 4050
f 4052 4054 4055
f 4052 4055 4056
f 4052 4056 4042
f 4052 4042 4051
f 4058 4059 4045
f 4058 4045 4037
f 4058 4037 4054
f 4058 4054 4052
f 4058 4052 4053
f 4055 4036 4039
f 4055 4039 4056
f 4060 4058 4053
f 4060 4053 4057
f 4060 4057 4062
f 4059 4058 4060
f 4059 4060 4061
f 4059 4061 3619
f 4059 3619 4107
f 4059 4107 4106
f 4059 4106 4105
f 4097 4098 4100
f 4097 4100 4061
f 4097 4061 4060
f 4097 4060 4062
f 4097 4062 4063
f 4097 4063 4064
f 4097 4064 4072
f 4063 4062 4057
f 4063 4057 4050
f 4063 4050 4066
f 4063 4066 4065
f 4064 4063 4065
f 4064 4065 4067
f 4068 4067 4065
f 4068 4065 4066
f 4068 4066 4048
f 4068 4048 4110
f 4068 4110 3629
f 4068 3629 4216
f 4068 4216 3985
f 4071 4072 4064
f 4071 4064 4067
f 4071 4067 4068
f 4071 4068 4069
f 4073 4071 4069
f 4073 4069 4070
f 4078 4079 4097
f 4078 4097 4072
f 4078 4072 4071
f 4078 4071 4073
f 4078 4073 4074
f 4078 4074 4076
f 4074 4073 4070
f 4074 4070 4075
f 4077 4076 4074
f 4077 4074 4075
f 4077 4075 3987
f 4077 3987 4104
f 4076 4077 4082
f 4076 4082 4080
f 4076 4080 4078
f 4079 4078 4080
f 4079 4080 3455
f 4079 3455 4096
f 4093 4092 4091
f 4093 4091 4090
f 4093 4090 4089
f 4093 4089 4088
f 4093 4088 4087
f 4093 4087 4086
f 4093 4086 4085
f 4093 4085 4084
f 4093 4084 4081
f 4093 4081 4080
f 4093 4080 4082
f 4093 4082 4083
f 4093 4083 4007
f 3451 3455 4080
f 3451 4080 4081
f 3451 4081 4084
f 3451 4084 4085
f 3451 4085 4086
f 3451 4086 4087
f 3451 4087 4088
f 3451 4088 4089
f 3451 4089 4090
f 3451 4090 4091
f 3451 4091 4092
f 3451 4092 4093
f 3451 4093 4094
f 4104 3989 4082
f 4104 4082 4077
f 4083 4082 3989
f 4083 3989 4003
f 4117 3449 4095
f 4117 4095 4030
f 4117 4030 4027
f 4117 4027 4116
f 4096 4103 4099
f 4096 4099 4098
f 4096 4098 4097
f 4096 4097 4079
f 4099 3467 4101
f 4099 4101 4100
f 4099 4100 4098
f 3617 4100 4101
f 3617 4101 4102
f 3617 4102 3554
f 4102 4101 3469
f 4102 3469 4272
f 4102 4272 3549
f 4105 4045 4059
f 4106 4107 4109
f 4106 4109 4108
f 4113 4034 4114
f 4113 4114 4018
f 4113 4018 4111
f 4113 4111 4112
f 4112 4039 4036
f 4112 4036 4113
f 4130 3446 4117
f 4130 4117 4116
f 4130 4116 4118
f 4130 4118 4119
f 4130 4119 4124
f 4130 4124 4125
f 4130 4125 4126
f 4130 4126 4128
f 4119 4118 4120
f 4119 4120 4121
f 4172 4127 4123
f 4172 4123 4122
f 4172 4122 4121
f 4172 4121 4120
f 4172 4120 4023
f 4172 4023 4181
f 4172 4181 4183
f 4172 4183 3238
f 4124 4119 4121
f 4124 4121 4122
f 4125 4124 4122
f 4125 4122 4123
f 4126 4125 4123
f 4126 4123 4127
f 4129 4128 4126
f 4129 4126 4127
f 4129 4127 4172
f 4129 4172 4170
f 4131 4132 4133
f 4131 4133 4168
f 4131 4168 3439
f 4131 3439 3444
f 4136 4135 3241
f 4136 3241 4138
f 4137 4136 4138
f 4137 4138 4139
f 4141 4137 4139
f 4141 4139 4140
f 4140 4142 3408
f 4140 3408 4141
f 4273 3408 4142
f 4273 4142 3401
f 4273 3401 4274
f 4147 2514 4143
f 4147 4143 4144
f 4148 4147 4144
f 4148 4144 4146
f 4149 4148 4146
f 4149 4146 4151
f 4150 4149 4151
f 4150 4151 4152
f 4155 4150 4152
f 4155 4152 4153
f 4156 4155 4153
f 4156 4153 4154
f 4157 4156 4154
f 4157 4154 4159
f 4158 4157 4159
f 4158 4159 4160
f 4162 4158 4160
f 4162 4160 4161
f 4164 4162 4161
f 4164 4161 4163
f 4166 4164 4163
f 4166 4163 4165
f 4166 4165 3226
f 4166 3226 3224
f 4166 3224 4167
f 4169 4129 4170
f 4169 4170 4171
f 4176 3248 4169
f 4176 4169 4171
f 4176 4171 4173
f 4176 4173 4174
f 4179 3261 4176
f 4179 4176 4174
f 4179 4174 4175
f 4179 4175 4177
f 4180 4179 4177
f 4180 4177 4178
f 4186 4185 4184
f 4186 4184 4183
f 4186 4183 4181
f 4186 4181 4182
f 4187 4188 3236
f 4187 3236 4184
f 4187 4184 4185
f 3977 4187 4185
f 3977 4185 4186
f 3977 4186 4214
f 4188 4187 4189
f 4188 4189 4191
f 4188 4191 4193
f 4187 3977 4213
f 4187 4213 4190
f 4187 4190 4189
f 4191 4189 4190
f 4191 4190 1907
f 4191 1907 4210
f 4191 4210 4192
f 4194 4193 4191
f 4194 4191 4192
f 4194 4192 4207
f 4194 4207 4195
f 3230 4188 4193
f 3230 4193 4194
f 3230 4194 4196
f 4197 4196 4194
f 4197 4194 4195
f 4197 4195 4199
f 4197 4199 4198
f 4200 4202 3206
f 4200 3206 3209
f 4200 3209 4198
f 4200 4198 4199
f 4205 4201 4200
f 4205 4200 4199
f 4205 4199 4195
f 4205 4195 4207
f 4202 4200 4201
f 4202 4201 4204
f 4202 4204 3438
f 4202 3438 4203
f 4201 4205 4206
f 4201 4206 4208
f 4201 4208 3441
f 4201 3441 4204
f 4209 4206 4205
f 4209 4205 4207
f 4209 4207 4192
f 4209 4192 4210
f 4206 4209 1905
f 4206 1905 4212
f 4206 4212 4211
f 4206 4211 4208
f 3980 4214 4186
f 3980 4186 4182
f 3980 4182 4020
f 3980 4020 4215
f 3980 4215 4001
f 4219 4218 4220
f 4219 4220 4221
f 4219 4221 4222
f 4219 4222 4223
f 4219 4223 4225
f 4223 4224 1944
f 4223 1944 4226
f 4223 4226 4225
f 4227 4228 4230
f 4227 4230 4219
f 4227 4219 4225
f 4226 4229 4227
f 4226 4227 4225
f 3968 4231 3950
f 3968 3950 1946
f 3946 3905 3908
f 3946 3908 3940
f 3937 4243 4242
f 3937 4242 3942
f 4243 4245 4244
f 4243 4244 4242
f 4243 3934 3932
f 4243 3932 4245
f 3910 3896 4247
f 3910 4247 3875
f 3910 3875 4246
f 3621 4259 4258
f 3621 4258 3623
f 4259 4261 4260
f 4259 4260 4258
f 4261 4263 4262
f 4261 4262 4260
f 4263 4269 4267
f 4263 4267 4265
f 4263 4265 4264
f 4263 4264 4262
f 4267 4268 4266
f 4267 4266 4265
f 4268 4270 4271
f 4268 4271 4266
f 3387 4273 4274
f 3387 4274 3389
f 2521 2518 3219
f 2521 3219 4277
f 2521 4277 4278
f 2521 4278 4279
f 3216 4282 4280
f 3216 4280 4278
f 3216 4278 4277
f 4280 4281 4366
f 4280 4366 4515
f 4280 4515 4279
f 4280 4279 4278
f 4283 4284 4310
f 4283 4310 4332
f 4283 4332 4330
f 4283 4330 4331
f 4283 4331 4334
f 4283 4334 4335
f 4283 4335 4340
f 4283 4340 4341
f 4283 4341 4342
f 4283 4342 4344
f 4283 4344 4345
f 4283 4345 4350
f 4283 4350 4351
f 4283 4351 4352
f 4283 4352 4353
f 4283 4353 4520
f 4283 4520 4519
f 4283 4519 4518
f 4283 4518 4281
f 4283 4281 4280
f 4283 4280 4282
f 4283 4285 4286
f 4283 4286 4284
f 4285 3213 4287
f 4285 4287 4286
f 4284 4286 4288
f 4284 4288 4289
f 4284 4289 4307
f 4286 4287 4457
f 4286 4457 4458
f 4286 4458 4459
f 4286 4459 4461
f 4286 4461 4463
f 4286 4463 4291
f 4286 4291 4290
f 4286 4290 4288
f 4290 4292 4289
f 4290 4289 4288
f 4295 4293 4290
f 4295 4290 4291
f 4290 4293 4296
f 4290 4296 4292
f 4294 4296 4293
f 4443 4465 4294
f 4443 4294 4293
f 4443 4293 4295
f 4443 4295 4464
f 4443 4464 4462
f 4443 4462 4460
f 4443 4460 4445
f 4443 4445 4444
f 4443 4444 4435
f 4321 4320 4316
f 4321 4316 4318
f 4321 4318 4298
f 4321 4298 4297
f 4321 4297 4296
f 4321 4296 4294
f 4321 4294 4465
f 4299 4301 4303
f 4299 4303 4304
f 4299 4304 4292
f 4299 4292 4296
f 4299 4296 4297
f 4319 4300 4299
f 4319 4299 4297
f 4319 4297 4298
f 4301 4299 4300
f 4301 4300 4308
f 4301 4308 4302
f 4303 4301 4302
f 4303 4302 4305
f 4304 4303 4305
f 4304 4305 4306
f 4310 4284 4307
f 4310 4307 4306
f 4310 4306 4305
f 4310 4305 4302
f 4310 4302 4308
f 4310 4308 4309
f 4306 4307 4289
f 4306 4289 4292
f 4306 4292 4304
f 4300 4319 4317
f 4300 4317 4315
f 4300 4315 4313
f 4300 4313 4311
f 4300 4311 4309
f 4300 4309 4308
f 4332 4310 4309
f 4332 4309 4311
f 4332 4311 4312
f 4332 4312 4333
f 4313 4314 4312
f 4313 4312 4311
f 4322 4314 4313
f 4322 4313 4315
f 4322 4315 4316
f 4322 4316 4320
f 4315 4317 4318
f 4315 4318 4316
f 4317 4319 4298
f 4317 4298 4318
f 4320 4321 4365
f 4320 4365 4363
f 4320 4363 4361
f 4320 4361 4360
f 4320 4360 4358
f 4320 4358 4359
f 4320 4359 4537
f 4320 4537 4326
f 4320 4326 4325
f 4320 4325 4323
f 4320 4323 4322
f 4314 4322 4323
f 4314 4323 4324
f 4314 4324 4333
f 4314 4333 4312
f 4323 4325 4327
f 4323 4327 4329
f 4323 4329 4324
f 4325 4326 4349
f 4325 4349 4348
f 4325 4348 4347
f 4325 4347 4346
f 4325 4346 4343
f 4325 4343 4339
f 4325 4339 4338
f 4325 4338 4337
f 4325 4337 4336
f 4325 4336 4328
f 4325 4328 4327
f 4331 4330 4329
f 4331 4329 4327
f 4331 4327 4328
f 4330 4332 4333
f 4330 4333 4324
f 4330 4324 4329
f 4334 4331 4328
f 4334 4328 4336
f 4335 4334 4336
f 4335 4336 4337
f 4340 4335 4337
f 4340 4337 4338
f 4341 4340 4338
f 4341 4338 4339
f 4342 4341 4339
f 4342 4339 4343
f 4344 4342 4343
f 4344 4343 4346
f 4345 4344 4346
f 4345 4346 4347
f 4350 4345 4347
f 4350 4347 4348
f 4351 4350 4348
f 4351 4348 4349
f 4352 4351 4349
f 4352 4349 4538
f 4352 4538 4357
f 4352 4357 4356
f 4352 4356 4354
f 4353 4352 4354
f 4353 4354 4355
f 4353 4355 4362
f 4353 4362 4522
f 4358 4360 4355
f 4358 4355 4354
f 4358 4354 4356
f 4359 4358 4356
f 4359 4356 4357
f 4360 4361 4362
f 4360 4362 4355
f 4361 4363 4364
f 4361 4364 4521
f 4361 4521 4522
f 4361 4522 4362
f 4363 4365 4366
f 4363 4366 4516
f 4363 4516 4517
f 4363 4517 4364
f 4365 4367 4369
f 4365 4369 4370
f 4365 4370 4375
f 4365 4375 4376
f 4365 4376 4377
f 4365 4377 4379
f 4365 4379 4380
f 4365 4380 4385
f 4365 4385 4386
f 4365 4386 4387
f 4365 4387 4389
f 4365 4389 4390
f 4365 4390 2531
f 4365 2531 4536
f 4365 4536 4535
f 4365 4535 4534
f 4365 4534 4533
f 4365 4533 4532
f 4365 4532 4531
f 4365 4531 4530
f 4365 4530 4529
f 4365 4529 4528
f 4365 4528 4527
f 4365 4527 4526
f 4365 4526 4525
f 4365 4525 4523
f 4365 4523 4515
f 4365 4515 4366
f 4367 4365 4321
f 4367 4321 4368
f 4368 4371 4369
f 4368 4369 4367
f 4371 4372 4370
f 4371 4370 4369
f 4465 3191 4513
f 4465 4513 4512
f 4465 4512 4511
f 4465 4511 4510
f 4465 4510 4509
f 4465 4509 4508
f 4465 4508 4507
f 4465 4507 4506
f 4465 4506 4505
f 4465 4505 4504
f 4465 4504 4503
f 4465 4503 4502
f 4465 4502 4501
f 4465 4501 4418
f 4465 4418 4417
f 4465 4417 4391
f 4465 4391 4388
f 4465 4388 4384
f 4465 4384 4383
f 4465 4383 4382
f 4465 4382 4381
f 4465 4381 4378
f 4465 4378 4374
f 4465 4374 4373
f 4465 4373 4372
f 4465 4372 4371
f 4465 4371 4368
f 4465 4368 4321
f 4372 4373 4375
f 4372 4375 4370
f 4373 4374 4376
f 4373 4376 4375
f 4374 4378 4377
f 4374 4377 4376
f 4378 4381 4379
f 4378 4379 4377
f 4381 4382 4380
f 4381 4380 4379
f 4382 4383 4385
f 4382 4385 4380
f 4383 4384 4386
f 4383 4386 4385
f 4384 4388 4387
f 4384 4387 4386
f 4388 4391 4389
f 4388 4389 4387
f 4425 4390 4389
f 4425 4389 4392
f 4425 4392 4393
f 4425 4393 4398
f 4425 4398 4399
f 4425 4399 4400
f 4425 4400 4401
f 4425 4401 4405
f 4425 4405 4408
f 4425 4408 4409
f 4425 4409 4410
f 4425 4410 4411
f 4392 4389 4391
f 4392 4391 4394
f 4394 4395 4393
f 4394 4393 4392
f 4413 4412 4407
f 4413 4407 4406
f 4413 4406 4404
f 4413 4404 4403
f 4413 4403 4402
f 4413 4402 4397
f 4413 4397 4396
f 4413 4396 4395
f 4413 4395 4394
f 4413 4394 4391
f 4413 4391 4417
f 4413 4417 4415
f 4395 4396 4398
f 4395 4398 4393
f 4396 4397 4399
f 4396 4399 4398
f 4397 4402 4400
f 4397 4400 4399
f 4402 4403 4401
f 4402 4401 4400
f 4403 4404 4405
f 4403 4405 4401
f 4404 4406 4408
f 4404 4408 4405
f 4406 4407 4409
f 4406 4409 4408
f 4407 4412 4410
f 4407 4410 4409
f 4412 4413 4411
f 4412 4411 4410
f 4411 4413 4414
f 4411 4414 4456
f 4415 4416 4427
f 4415 4427 4430
f 4415 4430 4431
f 4415 4431 4414
f 4415 4414 4413
f 4421 4422 4416
f 4421 4416 4415
f 4421 4415 4417
f 4421 4417 4419
f 4420 4419 4417
f 4420 4417 4418
f 4420 4418 4469
f 4420 4469 4468
f 2553 4421 4419
f 2553 4419 4420
f 2553 4420 4467
f 4423 4424 4416
f 4423 4416 4422
f 4514 4390 4425
f 4514 4425 4424
f 4514 4424 4423
f 4514 4423 2551
f 4427 4416 4424
f 4427 4424 4426
f 4411 4456 4429
f 4411 4429 4428
f 4411 4428 4426
f 4411 4426 4424
f 4411 4424 4425
f 4430 4427 4426
f 4430 4426 4428
f 4428 4429 4431
f 4428 4431 4430
f 4432 4431 4429
f 4432 4429 4466
f 4432 4466 4433
f 4444 4446 4448
f 4444 4448 4449
f 4444 4449 4454
f 4444 4454 4455
f 4444 4455 4414
f 4444 4414 4431
f 4444 4431 4432
f 4444 4432 4434
f 4444 4434 4435
f 4436 4434 4432
f 4436 4432 4433
f 4436 4433 4439
f 4436 4439 4438
f 4434 4436 4437
f 4434 4437 4440
f 4434 4440 4435
f 4441 4437 4436
f 4441 4436 4438
f 4441 4438 3214
f 4441 3214 3208
f 4287 3213 4439
f 4287 4439 4433
f 4287 4433 4466
f 4442 3193 4443
f 4442 4443 4435
f 4442 4435 4440
f 4446 4444 4445
f 4446 4445 4458
f 4446 4458 4457
f 4446 4457 4447
f 4448 4446 4447
f 4448 4447 4450
f 4449 4448 4450
f 4449 4450 4451
f 4287 4466 4429
f 4287 4429 4456
f 4287 4456 4453
f 4287 4453 4452
f 4287 4452 4451
f 4287 4451 4450
f 4287 4450 4447
f 4287 4447 4457
f 4454 4449 4451
f 4454 4451 4452
f 4455 4454 4452
f 4455 4452 4453
f 4453 4456 4414
f 4453 4414 4455
f 4445 4460 4459
f 4445 4459 4458
f 4460 4462 4461
f 4460 4461 4459
f 4462 4464 4463
f 4462 4463 4461
f 4464 4295 4291
f 4464 4291 4463
f 2556 4467 4420
f 2556 4420 4468
f 2556 4468 4470
f 2556 4470 4471
f 4470 4468 4469
f 4470 4469 4473
f 4470 4473 3153
f 4472 4471 4470
f 4472 4470 3153
f 4472 3153 3150
f 4469 4418 4475
f 4469 4475 4474
f 4469 4474 4473
f 4475 4418 4501
f 4475 4501 4502
f 4475 4502 4503
f 4475 4503 4504
f 4475 4504 4505
f 4475 4505 4506
f 4475 4506 4507
f 4475 4507 4508
f 4475 4508 4509
f 4475 4509 4510
f 4475 4510 4511
f 4475 4511 4512
f 4475 4512 4513
f 4475 4513 3191
f 4475 3191 3187
f 4518 4516 4366
f 4518 4366 4281
f 4518 4519 4517
f 4518 4517 4516
f 4519 4520 4521
f 4519 4521 4364
f 4519 4364 4517
f 4520 4353 4522
f 4520 4522 4521
f 4524 4515 4523
f 4524 4523 4525
f 4524 4525 4526
f 4524 4526 4527
f 4524 4527 4528
f 4524 4528 4529
f 4524 4529 4530
f 4524 4530 4531
f 4524 4531 4532
f 4524 4532 4533
f 4524 4533 4534
f 4524 4534 4535
f 4524 4535 4536
f 4524 4536 2531
f 4524 2531 2527
f 2521 4279 4515
f 2521 4515 4524
f 2521 4524 2524
f 4537 4359 4357
f 4537 4357 4538
f 4326 4537 4538
f 4326 4538 4349
f 4539 4542 3146
f 4539 3146 3155
f 4541 4539 3155
f 4541 3155 2453
f 4550 4540 4539
f 4550 4539 4541
f 4540 4543 4542
f 4540 4542 4539
f 4544 3144 4542
f 4544 4542 4543
f 4547 4545 4543
f 4547 4543 4540
f 4546 4572 4544
f 4546 4544 4543
f 4546 4543 4545
f 4573 4546 4545
f 4573 4545 2094
f 4549 2094 4545
f 4549 4545 4547
f 4548 4547 4540
f 4548 4540 4550
f 2396 4549 4547
f 2396 4547 4548
f 4611 2092 4549
f 4611 4549 2396
f 4571 4570 4555
f 4571 4555 4554
f 4571 4554 4552
f 4571 4552 4550
f 4571 4550 4541
f 4553 4552 4554
f 4553 4554 4556
f 4553 4556 4557
f 4553 4557 4559
f 4554 4555 4558
f 4554 4558 4556
f 4555 4570 2472
f 4555 2472 4558
f 4562 4553 4559
f 4562 4559 4560
f 4563 4562 4560
f 4563 4560 4561
f 4564 4563 4561
f 4564 4561 4566
f 4565 4564 4566
f 4565 4566 4567
f 4569 4565 4567
f 4569 4567 4568
f 2413 4569 4568
f 2413 4568 2411
f 2698 2609 4575
f 2698 4575 2702
f 4577 2646 4576
f 4577 4576 4578
f 4579 4577 4578
f 4579 4578 4580
f 4581 4579 4580
f 4581 4580 4582
f 4583 4581 4582
f 4583 4582 4584
f 4585 4583 4584
f 4585 4584 4586
f 4587 4585 4586
f 4587 4586 4588
f 4589 4587 4588
f 4589 4588 4590
f 4590 4593 4591
f 4590 4591 4589
f 4592 4591 4593
f 4592 4593 4594
f 4596 4592 4594
f 4596 4594 4595
f 4598 4596 4595
f 4598 4595 4597
f 4601 4598 4597
f 4601 4597 4599
f 4602 4601 4599
f 4602 4599 4600
f 4603 4602 4600
f 4603 4600 4605
f 4604 4603 4605
f 4604 4605 4606
f 4608 4604 4606
f 4608 4606 4607
f 2638 4608 4607
f 2638 4607 4609
f 4610 2634 2630
f 4610 2630 2623
f 4612 2286 2269
f 4612 2269 4613
f 2141 4612 4613
f 2141 4613 4614
f 4615 4616 4619
f 4615 4619 2244
f 4615 2244 2247
f 4615 2247 2249
f 4615 2249 2255
f 2245 4619 4616
f 2245 4616 4617
f 4621 4617 4616
f 4621 4616 4618
f 2237 4620 4619
f 2237 4619 2245
f 4619 4620 2240
f 4619 2240 2242
f 4619 2242 2244
f 4620 2234 2016
f 4620 2016 2240
f 4618 2149 4622
f 4618 4622 4621
f 2195 2194 2054
f 2195 2054 2025
f 2195 2025 2201
