# baked from FR_hip.dae
v -0.08999997 -0.00310796805 -0.0536099598
v -0.08999997 -0.0180859538 -0.0505629686
v -0.08999997 0.0121219661 -0.0523139809
v -0.07899999 -0.00310796805 -0.0536099598
v -0.07899999 0.0121219661 -0.0523139809
v -0.07899999 -0.0180859538 -0.0505629686
v -0.07049995 -0.00310796805 -0.0536099598
v -0.07049995 0.0121219661 -0.0523139809
v -0.07049995 -0.0180859538 -0.0505629686
v -0.06849998 -0.00304997297 -0.0526119398
v -0.06849998 -0.0177489537 -0.0496209787
v -0.06849998 0.0118959461 -0.0513399809
v -0.06849998 0.0258779465 -0.045908982
v -0.06849998 0.0377639472 -0.0367579429
v -0.07049995 0.0263689665 -0.046779992
v -0.07899999 0.0263689665 -0.046779992
v -0.07049995 0.0384799772 -0.0374559729
v -0.07899999 0.0384799772 -0.0374559729
v -0.07049995 0.0474739581 -0.0250979636
v -0.07049995 0.0526219592 -0.010705944
v -0.07899999 0.0474739581 -0.0250979636
v -0.06849998 0.0465899681 -0.0246299535
v -0.06849998 0.0516419992 -0.0105069839
v -0.06849998 0.0525099603 0.00446897304
v -0.06849998 0.0491240014 0.0190809863
v -0.07049995 0.0535069703 0.00455295596
v -0.07899999 0.0535069703 0.00455295596
v -0.07049995 0.0500559815 0.0194429662
v -0.07899999 0.0500559815 0.0194429662
v -0.07049995 0.0425509825 0.0327579868
v -0.07049995 0.0315979733 0.0434189976
v -0.07899999 0.0425509825 0.0327579868
v -0.06849998 0.0417589524 0.0321479968
v -0.06849998 0.0310099732 0.0426109977
v -0.06849998 0.0177489537 0.0496209787
v -0.07049995 0.0180859538 0.0505629686
v -0.06849998 0.00304997297 0.0526119398
v -0.06849998 -0.0118959461 0.0513399809
v -0.07049995 0.00310796805 0.0536099598
v -0.07899999 0.00310796805 0.0536099598
v -0.07049995 -0.0121219661 0.0523139809
v -0.07899999 -0.0121219661 0.0523139809
v -0.07049995 -0.0263689665 0.046779992
v -0.07899999 -0.0263689665 0.046779992
v -0.07049995 -0.0384799772 0.0374559729
v -0.06849998 -0.0258779465 0.045908982
v -0.06849998 -0.0377639472 0.0367589529
v -0.06849998 -0.0465899681 0.0246299535
v -0.06849998 -0.0516419992 0.0105069839
v -0.07049995 -0.0474739581 0.0250979636
v -0.07049995 -0.0526219592 0.010705944
v -0.07899999 -0.0474739581 0.0250979636
v -0.07899999 -0.0384799772 0.0374559729
v -0.07899999 -0.0526219592 0.010705944
v -0.08999997 -0.0474739581 0.0250979636
v -0.08999997 -0.0526219592 0.010705944
v -0.08999997 -0.0384799772 0.0374559729
v -0.08999997 -0.0263689665 0.046779992
v -0.08999997 -0.0121219661 0.0523139809
v -0.08999997 0.00310796805 0.0536099598
v -0.08999997 0.0180859538 0.0505629686
v -0.08999997 0.0315979733 0.0434189976
v -0.07899999 0.0180859538 0.0505629686
v -0.07899999 0.0315979733 0.0434189976
v -0.08999997 0.0425509825 0.0327579868
v -0.08999997 0.0500559815 0.0194429662
v -0.08999997 0.0535069703 0.00455295596
v -0.08999997 0.0526219592 -0.010705944
v -0.08999997 0.0474739581 -0.0250979636
v -0.07899999 0.0526219592 -0.010705944
v -0.08999997 0.0384799772 -0.0374559729
v -0.08999997 0.0263689665 -0.046779992
v -0.08999997 -0.0535069703 -0.00455295596
v -0.08999997 -0.0500559815 -0.0194429662
v -0.07899999 -0.0535069703 -0.00455295596
v -0.07899999 -0.0500559815 -0.0194429662
v -0.07049995 -0.0535069703 -0.00455295596
v -0.07049995 -0.0500559815 -0.0194429662
v -0.06849998 -0.0525099603 -0.00446897304
v -0.06849998 -0.0491240014 -0.0190809863
v -0.06849998 -0.0417589524 -0.0321479968
v -0.06849998 -0.0310099732 -0.0426109977
v -0.07049995 -0.0425509825 -0.0327579868
v -0.07899999 -0.0425509825 -0.0327579868
v -0.07049995 -0.0315979733 -0.0434189976
v -0.07899999 -0.0315979733 -0.0434189976
v -0.08999997 -0.0315979733 -0.0434189976
v -0.08999997 -0.0425509825 -0.0327579868
v -0.06849998 0.0511939508 0.0110799561
v -0.06799995 0.0516829408 0.0111859961
v -0.06849998 0.0463389718 0.0244429665
v -0.06849998 0.0517869507 0.00990795609
v -0.06849998 0.0528769407 0.00917493801
v -0.06799995 0.0521609708 0.0102389961
v -0.06799995 0.0530419907 0.009646948
v -0.05763 0.0521609708 0.0102389961
v -0.05763 0.0516829408 0.0111859961
v -0.0575 0.0520640008 0.0101529861
v -0.05763 0.0530419907 0.009646948
v -0.0575 0.0529999707 0.009524997
v -0.05763 0.0540999707 0.00956093792
v -0.0575 0.0541219707 0.00943397991
v -0.05763 0.0604239708 0.0106759554
v -0.06799995 0.0540999707 0.00956093792
v -0.06799995 0.0604239708 0.0106759554
v -0.06849998 0.0541869907 0.00906896091
v -0.06849998 0.0605109908 0.0101839854
v -0.06849998 0.0610339608 0.0101359354
v -0.06799995 0.0612089608 0.0106039554
v -0.06849998 0.0614609707 0.00982897936
v -0.06849998 0.0616729807 0.00934898334
v -0.06799995 0.0618489908 0.0101439853
v -0.05763 0.0618489908 0.0101439853
v -0.06799995 0.0621680007 0.00942295231
v -0.05763 0.0621680007 0.00942295231
v -0.06799995 0.06287598 -4.74700445e-09
v -0.06849998 0.06237596 -4.70925399e-09
v -0.05763 0.06287598 -4.74700445e-09
v -0.06799995 0.0621679993 -0.00942296169
v -0.05763 0.0621679993 -0.00942296169
v -0.06849998 0.0616729793 -0.00934899266
v -0.06799995 0.0618489892 -0.0101439947
v -0.06799995 0.0612089592 -0.0106039646
v -0.05763 0.0618489892 -0.0101439947
v -0.06849998 0.0614609693 -0.00982898864
v -0.06849998 0.0610339592 -0.0101359446
v -0.06849998 0.0605109892 -0.0101839946
v -0.06849998 0.0541869893 -0.00906896909
v -0.06799995 0.0604239692 -0.0106759646
v -0.05763 0.0604239692 -0.0106759646
v -0.06799995 0.0540999693 -0.00956094608
v -0.06799995 0.0530419893 -0.009646956
v -0.05763 0.0540999693 -0.00956094608
v -0.05763 0.0530419893 -0.009646956
v -0.0575 0.0541219693 -0.00943398809
v -0.0575 0.0604469692 -0.0105489446
v -0.0575 0.0529999693 -0.009525005
v -0.0575 0.0520639992 -0.0101529939
v -0.05763 0.0521609692 -0.0102390039
v -0.0575 0.0515559892 -0.0111590039
v -0.0575 0.0467889882 -0.0243829435
v -0.05763 0.0516829392 -0.0111860039
v -0.06799995 0.0516829392 -0.0111860039
v -0.05763 0.0469039582 -0.0244429735
v -0.05763 0.0467819481 -0.0246759635
v -0.06799995 0.0467819481 -0.0246759635
v -0.05763 0.0387999973 -0.0359709829
v -0.0575 0.0387049873 -0.0358839629
v -0.05763 0.0384409973 -0.0363559729
v -0.06799995 0.0384409973 -0.0363559729
v -0.05763 0.0279449766 -0.0449569821
v -0.05763 0.0278759466 -0.0449999521
v -0.0575 0.0278759466 -0.0448479621
v -0.0575 0.0278759467 -0.0431839821
v -0.0575 0.0278089566 -0.0448899821
v -0.05715399 0.0264799465 -0.045781972
v -0.05715495 0.0264809667 -0.044146002
v -0.05702698 0.0262859965 -0.045919952
v -0.05713397 0.0262839665 -0.046027002
v -0.05614799 0.0253539565 -0.0466060019
v -0.05614995 0.0253549766 -0.0449929819
v -0.05580896 0.0250809665 -0.0468159919
v -0.055893 0.0250519465 -0.0469219619
v -0.054874 0.0244469564 -0.0473199418
v -0.05487698 0.0244479665 -0.0457249818
v -0.05430299 0.0241239564 -0.0475890018
v -0.05437296 0.0240819964 -0.0476949818
v -0.053451 0.0237129864 -0.0479469818
v -0.05345594 0.0237129865 -0.0463629918
v -0.05262696 0.0233909364 -0.0482469718
v -0.05268299 0.0233359863 -0.0483569518
v -0.051907 0.0231709363 -0.0484730017
v -0.05080699 0.0229489763 -0.0487479517
v -0.05191099 0.0231719565 -0.0468869817
v -0.05283099 0.0234619865 -0.0465959918
v -0.05104696 0.0229869364 -0.0470999417
v -0.05026096 0.0228759564 -0.0472679717
v -0.05104798 0.0228759564 -0.0470229917
v -0.05151396 0.0229619665 -0.0469169617
v -0.06352198 0.0228759565 -0.0459499917
v -0.05025899 0.0227659864 -0.0471929917
v -0.04318195 0.0217049663 -0.0489949516
v -0.04317396 0.0175869962 -0.0501569513
v -0.02423298 0.0175159458 -0.0561109713
v -0.02398097 0.0173349858 -0.0562409713
v -0.02355295 0.0173389857 -0.0564109613
v -0.02349895 0.0173249757 -0.0564349813
v -0.02358198 0.0173269457 -0.0564009513
v -0.02378499 0.0172879557 -0.0563269813
v -0.01949799 0.0162919656 -0.0580759612
v -0.02350795 0.0174179557 -0.0565109813
v -0.01950895 0.0163559856 -0.0581499912
v -0.03019899 0.0190959459 -0.0536679614
v -0.03019899 0.0190959458 -0.0552569614
v -0.01461797 0.0150189853 -0.0621419511
v -0.03196895 0.0195129459 -0.0545519515
v -0.05026096 0.0228759563 -0.0488659717
v -0.03203499 0.0194279459 -0.0546689615
v -0.03923398 0.0209879761 -0.0520429616
v -0.01470398 0.0149049653 -0.0622599711
v -0.01445996 0.00740396425 -0.0628609606
v -0.01462996 0.0148849353 -0.0622939411
v -0.01458698 0.0148739753 -0.0623119411
v -0.01458597 0.0148739753 -0.0623119411
v -0.01458597 0.0148739753 -0.0623119411
v -0.01458597 0.0148739753 -0.0623119411
v -0.01458597 0.0148739753 -0.0623119411
v -0.01458597 0.0148739753 -0.0623119411
v -0.01458698 0.0148739753 -0.0623119411
v -0.01458698 0.0148739753 -0.0623119411
v -0.01458698 0.0148739753 -0.0623119411
v -0.01458698 0.0148739753 -0.0623119411
v -0.01458698 0.0148739753 -0.0623119411
v -0.01458698 0.0148739753 -0.0623119411
v -0.01458698 0.0148739753 -0.0623119411
v -0.01458698 0.0148739753 -0.0623119411
v -0.01458597 0.0148739753 -0.0623119411
v -0.014584 0.0148729553 -0.0623129611
v -0.01457399 0.0148699753 -0.0623169511
v -0.01437598 0.0148179453 -0.0623909811
v -0.01405894 0.0147349753 -0.0624769911
v -0.01339095 0.0145579453 -0.0625439811
v -0.01336097 0.0146709553 -0.0624150011
v -0.01324695 0.0145189653 -0.0625379611
v -0.01299196 -0.000124004765 -0.06312096
v -0.01208698 0.0142099753 -0.0622220011
v -0.01211398 0.0143249553 -0.0621079811
v -0.01184594 0.0141449453 -0.0620829411
v -0.01171696 -0.000124004724 -0.06257599
v -0.01105594 0.0139329954 -0.0613359811
v -0.01119297 0.0140689554 -0.0613479611
v -0.01085299 0.0137289654 -0.061022991
v -0.01059299 0.0134689754 -0.060371991
v -0.01082295 -0.000124004644 -0.061517
v -0.01049995 -0.000124004542 -0.06016397
v -0.01085299 -0.0139759746 -0.0610229889
v -0.01059299 -0.0137159846 -0.060371989
v -0.01105594 -0.0141800046 -0.0613359789
v -0.01119297 -0.0143159646 -0.0613479589
v -0.01184594 -0.0143919547 -0.0620829389
v -0.01208698 -0.0144569847 -0.0622219989
v -0.01211398 -0.0145719647 -0.0621079789
v -0.01324695 -0.0147659747 -0.0625379589
v -0.01339095 -0.0148049547 -0.0625439789
v -0.01336097 -0.0149179647 -0.0624149989
v -0.01405894 -0.0149819847 -0.0624769889
v -0.01437598 -0.0150649547 -0.0623909789
v -0.01457399 -0.0151169847 -0.0623169489
v -0.014584 -0.0151199647 -0.0623129589
v -0.01458597 -0.0151209847 -0.0623119389
v -0.01458698 -0.0151209847 -0.0623119389
v -0.01458698 -0.0151209847 -0.0623119389
v -0.01458698 -0.0151209847 -0.0623119389
v -0.01458698 -0.0151209847 -0.0623119389
v -0.01458698 -0.0151209847 -0.0623119389
v -0.01458698 -0.0151209847 -0.0623119389
v -0.01458698 -0.0151209847 -0.0623119389
v -0.01458698 -0.0151209847 -0.0623119389
v -0.01458597 -0.0151209847 -0.0623119389
v -0.01458597 -0.0151209847 -0.0623119389
v -0.01458597 -0.0151209847 -0.0623119389
v -0.01458597 -0.0151209847 -0.0623119389
v -0.01458597 -0.0151209847 -0.0623119389
v -0.01458698 -0.0151209847 -0.0623119389
v -0.01462996 -0.0151319547 -0.0622939389
v -0.01470398 -0.0151519747 -0.0622599689
v -0.01461797 -0.0152660047 -0.0621419488
v -0.03203499 -0.0196749541 -0.0546689585
v -0.01445996 -0.00765097575 -0.0628609594
v -0.01437997 -0.000124004759 -0.06303197
v -0.03943794 -0.0105809542 -0.0551859692
v -0.03923398 -0.0212349839 -0.0520429584
v -0.05240696 -0.011555964 -0.0526309591
v -0.03949195 -0.000124004239 -0.05614399
v -0.03943794 0.0103339458 -0.0551859708
v -0.06549996 -0.000124004001 -0.05299997
v -0.06549996 -0.0119229539 -0.0516699491
v -0.06549996 0.0116759461 -0.0516699509
v -0.06799995 -0.000124004001 -0.05299997
v -0.06799995 0.0140949361 -0.0510569811
v -0.06799995 -0.0143429639 -0.0510569789
v -0.06849998 -0.000124003964 -0.05249994
v -0.06849998 0.0139619662 -0.0505749511
v -0.06849998 -0.0142089738 -0.0505749489
v -0.06849998 -0.0272619734 -0.0449419579
v -0.06849998 -0.0383249527 -0.0360129371
v -0.06799995 -0.0275200034 -0.0453699779
v -0.06549996 -0.0275209534 -0.0453699779
v -0.06799995 -0.0386889527 -0.0363559671
v -0.06799995 -0.0143439739 -0.0510569789
v -0.06549996 -0.0143429639 -0.0510559589
v -0.06549996 -0.0231239736 -0.0477489783
v -0.05223995 -0.0231239737 -0.0486659983
v -0.06549996 -0.0248559735 -0.0468749981
v -0.06549996 -0.0261240035 -0.046183998
v -0.05370295 -0.0239959936 -0.0479799482
v -0.05412799 -0.0242019836 -0.0478029782
v -0.05331695 -0.0238269536 -0.0481299682
v -0.05292397 -0.0236709736 -0.0482739782
v -0.052522 -0.0235279737 -0.0484099882
v -0.05211299 -0.0234009637 -0.0485379582
v -0.051696 -0.0232899737 -0.0486569982
v -0.05127197 -0.0231969937 -0.0487649982
v -0.05105799 -0.0231579537 -0.0488159583
v -0.05094999 -0.0231399537 -0.0488399783
v -0.05089598 -0.0231319637 -0.0488519583
v -0.05086898 -0.0231279737 -0.0488579783
v -0.05085599 -0.0231260037 -0.0488609583
v -0.05084896 -0.0231249937 -0.0488629883
v -0.05084598 -0.0231239737 -0.0488629883
v -0.05084395 -0.0231239737 -0.0488639383
v -0.050843 -0.0231239737 -0.0488639383
v -0.050843 -0.0231239737 -0.0488639383
v -0.050843 -0.0231239737 -0.0488639383
v -0.050843 -0.0231239737 -0.0488639383
v -0.050843 -0.0231239737 -0.0488639383
v -0.050843 -0.0231239737 -0.0488639383
v -0.050843 -0.0231239737 -0.0488639383
v -0.05084198 -0.0231239737 -0.0488639383
v -0.050843 -0.0231239737 -0.0488639383
v -0.050843 -0.0231239737 -0.0488639383
v -0.050843 -0.0231239737 -0.0488639383
v -0.050843 -0.0231239737 -0.0488639383
v -0.050843 -0.0231239737 -0.0488639383
v -0.05080699 -0.0231959837 -0.0487479482
v -0.05029499 -0.0230499537 -0.0489819583
v -0.05026096 -0.0231239737 -0.0488659683
v -0.03196895 -0.0197599541 -0.0545519485
v -0.05026096 -0.0231239736 -0.0472679683
v -0.05080699 -0.0231959837 -0.0487479482
v -0.05381399 -0.0241249736 -0.0477999982
v -0.05381798 -0.0241259935 -0.0462149882
v -0.05405998 -0.0242449636 -0.0476959882
v -0.05669397 -0.0261240035 -0.046215948
v -0.05669498 -0.0261240034 -0.044592968
v -0.05680495 -0.0261240035 -0.046312978
v -0.05422896 -0.0243309735 -0.0460349882
v -0.05684697 -0.0261240034 -0.044448968
v -0.05567497 -0.0250779934 -0.0452499881
v -0.06351697 -0.0261240033 -0.044345968
v -0.06403696 -0.0261240033 -0.044260968
v -0.06353497 -0.0247939834 -0.0451169581
v -0.06352198 -0.0231229635 -0.0459499883
v -0.05385595 -0.0240089835 -0.0461429882
v -0.05426096 -0.0242099735 -0.0459669782
v -0.05250996 -0.0234709935 -0.0466399682
v -0.05178099 -0.0232679835 -0.0468499582
v -0.051777 -0.0232669735 -0.0468509682
v -0.051777 -0.0232669735 -0.0468519882
v -0.051777 -0.0232669735 -0.0468519882
v -0.051777 -0.0232669735 -0.0468519882
v -0.051777 -0.0232669735 -0.0468519882
v -0.051777 -0.0232669735 -0.0468519882
v -0.051777 -0.0232669735 -0.0468519882
v -0.051777 -0.0232669735 -0.0468519882
v -0.051777 -0.0232669735 -0.0468519882
v -0.051777 -0.0232669735 -0.0468519882
v -0.051777 -0.0232669735 -0.0468519882
v -0.051777 -0.0232669735 -0.0468519882
v -0.05177098 -0.0232659535 -0.0468529382
v -0.05174595 -0.0232599935 -0.0468599682
v -0.05169796 -0.0232489735 -0.0468719582
v -0.05160796 -0.0232290035 -0.0468939482
v -0.05142098 -0.0231909735 -0.0469389482
v -0.05104798 -0.0231229636 -0.0470229883
v -0.05104696 -0.0232339536 -0.0470999382
v -0.05025899 -0.0230129936 -0.0471929883
v -0.04318195 -0.0219519737 -0.0489949483
v -0.04317396 -0.0178339438 -0.0501569487
v -0.02423298 -0.0177629542 -0.0561109687
v -0.02398097 -0.0175819942 -0.0562409687
v -0.02355295 -0.0175859943 -0.0564109587
v -0.02358198 -0.0175739543 -0.0564009487
v -0.02349895 -0.0175719843 -0.0564349787
v -0.01949799 -0.0165389744 -0.0580759588
v -0.02350795 -0.0176649643 -0.0565109787
v -0.01950895 -0.0166029944 -0.0581499887
v -0.03019899 -0.0193429541 -0.0536679585
v -0.03019899 -0.0193429542 -0.0552569585
v -0.01541495 -0.0154849845 -0.0594909688
v -0.01119297 -0.0143159645 -0.0599009889
v -0.01540696 -0.0154519645 -0.0594289788
v -0.01811397 -0.0161739544 -0.0585799788
v -0.01394695 -0.0150579845 -0.0597749889
v -0.02826398 -0.0152009741 -0.0539169889
v -0.01138097 -0.0143629945 -0.0599219689
v -0.011186 -0.0143089845 -0.0598699989
v -0.02791595 -0.014406974 -0.0529479889
v -0.04537194 -0.0144269436 -0.0480589789
v -0.02748495 -0.0141239739 -0.0517499989
v -0.01099997 -0.0141239744 -0.0587999789
v -0.04511797 -0.0141239735 -0.0467679489
v -0.06349998 -0.0141239734 -0.0451349589
v -0.06347596 -0.0144519835 -0.0464999589
v -0.06349998 -0.0141239717 -0.0225679789
v -0.06449997 -0.0143910034 -0.0451359689
v -0.06450098 -0.0143919534 -0.0451359689
v -0.06449997 -0.0143910017 -0.0225679789
v -0.06523197 -0.0151239617 -0.0225679789
v -0.06449997 -0.014391 1.08649028e-09
v -0.06349998 -0.01412397 1.06633007e-09
v -0.06523197 -0.01512396 1.14182722e-09
v -0.06449997 -0.0143909983 0.0225679811
v -0.06449997 -0.0143909966 0.0451359711
v -0.06523197 -0.0151239583 0.0225679811
v -0.06349998 -0.0141239683 0.0225679811
v -0.06349998 -0.0141239666 0.0451349611
v -0.04511797 -0.0141239665 0.0467679511
v -0.06347596 -0.0144519765 0.0464999611
v -0.04537194 -0.0144269364 0.0480589811
v -0.06347495 -0.0144599565 0.0465149811
v -0.06448596 -0.0146899765 0.0463959511
v -0.06345599 -0.0153829364 0.0475789912
v -0.06345599 -0.0153879464 0.0475829812
v -0.04557597 -0.0152809563 0.0490919912
v -0.04568594 -0.0165119663 0.0496499512
v -0.02826398 -0.0152009659 0.0539169911
v -0.02846598 -0.0163549659 0.0544790012
v -0.02791595 -0.014406966 0.0529479911
v -0.01394695 -0.0150579755 0.0597749911
v -0.01138097 -0.0143629855 0.0599219711
v -0.01540696 -0.0154519555 0.0594289812
v -0.01811397 -0.0161739456 0.0585799812
v -0.01541495 -0.0154849755 0.0594909712
v -0.01950895 -0.0166029856 0.0581509413
v -0.01119297 -0.0143159555 0.0599009911
v -0.01119297 -0.0143159554 0.0613489711
v -0.011186 -0.0143089755 0.0598709511
v -0.01099997 -0.0141239656 0.0587999811
v -0.02748495 -0.0141239661 0.0517500011
v -0.01099997 -0.0141239658 0.0549839711
v -0.01049995 -0.0136239458 0.054983971
v -0.01124495 -0.0141239659 0.0539049511
v -0.01193195 -0.014123966 0.0530380011
v -0.01079398 -0.0136239459 0.053689951
v -0.01134198 -0.013623946 0.052899951
v -0.010719 -0.0136239459 0.053860961
v -0.010719 -0.000123995934 0.05386096
v -0.010719 0.0133759941 0.053860959
v -0.01134198 -0.000123996006 0.05289995
v -0.01049995 -0.000123995849 0.05498397
v -0.01049995 0.0133759942 0.054983969
v -0.01049995 -0.000123995458 0.06016397
v -0.01082295 -0.000123995356 0.061517
v -0.01049995 0.0133759945 0.059636949
v -0.01049995 -0.0136239455 0.059636951
v -0.01059299 -0.0137159754 0.060371991
v -0.01085299 -0.0139759654 0.0610239511
v -0.01105594 -0.0141799954 0.0613359811
v -0.01184594 -0.0143919453 0.0620829411
v -0.01171696 -0.000123995276 0.06257599
v -0.01208698 -0.0144569753 0.0622220011
v -0.01324695 -0.0147659653 0.0625379611
v -0.01211398 -0.0145719553 0.0621079811
v -0.01336097 -0.0149179553 0.0624150011
v -0.01339095 -0.0148049453 0.0625439811
v -0.01461797 -0.0152659953 0.0621419512
v -0.01470398 -0.0151519653 0.0622599711
v -0.03019899 -0.0193429458 0.0552569615
v -0.03019899 -0.0193429459 0.0536679615
v -0.03196895 -0.0197599459 0.0545519515
v -0.05026096 -0.0231239663 0.0488659717
v -0.03203499 -0.0196749459 0.0546689615
v -0.03923398 -0.0212349761 0.0520429616
v -0.05029499 -0.0230499463 0.0489819617
v -0.03943794 -0.0105809458 0.0551859708
v -0.01445996 -0.00765096625 0.0628609606
v -0.03949195 -0.000123995761 0.05614399
v -0.05240696 -0.011555956 0.0526309609
v -0.06549996 -0.0119229461 0.0516699509
v -0.05223995 -0.0231239663 0.0486660017
v -0.06549996 -0.0231239664 0.0477489817
v -0.050843 -0.0231239663 0.0488639417
v -0.05080699 -0.0231959763 0.0487489718
v -0.050843 -0.0231239663 0.0488639417
v -0.050843 -0.0231239663 0.0488639417
v -0.050843 -0.0231239663 0.0488639417
v -0.050843 -0.0231239663 0.0488639417
v -0.05084198 -0.0231239663 0.0488639417
v -0.050843 -0.0231239663 0.0488639417
v -0.050843 -0.0231239663 0.0488639417
v -0.050843 -0.0231239663 0.0488639417
v -0.050843 -0.0231239663 0.0488639417
v -0.050843 -0.0231239663 0.0488639417
v -0.050843 -0.0231239663 0.0488639417
v -0.050843 -0.0231239663 0.0488639417
v -0.05084395 -0.0231239663 0.0488639417
v -0.05084598 -0.0231239663 0.0488629917
v -0.05084896 -0.0231249863 0.0488629917
v -0.05085599 -0.0231259963 0.0488609617
v -0.05086898 -0.0231279663 0.0488579817
v -0.05089598 -0.0231319563 0.0488519617
v -0.05094999 -0.0231399463 0.0488399817
v -0.05105799 -0.0231579463 0.0488159617
v -0.05127197 -0.0231969863 0.0487650018
v -0.051696 -0.0232899663 0.0486570018
v -0.05211299 -0.0234009563 0.0485379618
v -0.052522 -0.0235279663 0.0484099918
v -0.05292397 -0.0236709664 0.0482739818
v -0.05331695 -0.0238269464 0.0481299718
v -0.05370295 -0.0239959864 0.0479799518
v -0.06549996 -0.0248559665 0.0468750019
v -0.05412799 -0.0242019764 0.0478029818
v -0.05680495 -0.0261239965 0.046312982
v -0.05405998 -0.0242449564 0.0476959918
v -0.05669397 -0.0261239965 0.046215952
v -0.05381399 -0.0241249664 0.0478000018
v -0.05080699 -0.0231959763 0.0487479518
v -0.05381798 -0.0241259865 0.0462149918
v -0.05104696 -0.0232339464 0.0470999418
v -0.05422896 -0.0243309665 0.0460349918
v -0.05426096 -0.0242099665 0.0459669818
v -0.05669498 -0.0261239966 0.044592972
v -0.05684697 -0.0261239966 0.044448972
v -0.06351697 -0.0261239967 0.044345972
v -0.05567497 -0.0250779866 0.0452499919
v -0.05528795 -0.0248109566 0.0454649919
v -0.05526596 -0.0247969566 0.0454769719
v -0.05526095 -0.0247929566 0.0454799519
v -0.05526 -0.0247929566 0.0454799519
v -0.05526 -0.0247929566 0.0454799519
v -0.05526 -0.0247929566 0.0454799519
v -0.05526 -0.0247929566 0.0454799519
v -0.05526 -0.0247929566 0.0454799519
v -0.05526 -0.0247929566 0.0454799519
v -0.05526095 -0.0247929566 0.0454799519
v -0.05526095 -0.0247929566 0.0454799519
v -0.05526095 -0.0247929566 0.0454799519
v -0.05526095 -0.0247929566 0.0454799519
v -0.05526095 -0.0247929566 0.0454799519
v -0.05526 -0.0247919466 0.0454809619
v -0.05525296 -0.0247879566 0.0454839419
v -0.05523997 -0.0247799666 0.0454909819
v -0.05513995 -0.0247159566 0.0455429519
v -0.05495899 -0.0246029366 0.0456359919
v -0.06403696 -0.0261239967 0.044260972
v -0.06353497 -0.0247939766 0.0451169619
v -0.06352198 -0.0231229565 0.0459499917
v -0.05385595 -0.0240089765 0.0461429918
v -0.05250996 -0.0234709865 0.0466399718
v -0.05178099 -0.0232679765 0.0468509718
v -0.051777 -0.0232669665 0.0468519918
v -0.051777 -0.0232669665 0.0468519918
v -0.051777 -0.0232669665 0.0468519918
v -0.051777 -0.0232669665 0.0468519918
v -0.051777 -0.0232669665 0.0468519918
v -0.051777 -0.0232669665 0.0468519918
v -0.051777 -0.0232669665 0.0468519918
v -0.051777 -0.0232669665 0.0468519918
v -0.051777 -0.0232669665 0.0468519918
v -0.051777 -0.0232669665 0.0468519918
v -0.051777 -0.0232669665 0.0468519918
v -0.051777 -0.0232669665 0.0468519918
v -0.05177098 -0.0232659465 0.0468529418
v -0.05174595 -0.0232599865 0.0468599718
v -0.05169796 -0.0232489665 0.0468719618
v -0.05160796 -0.0232289965 0.0468939518
v -0.05142098 -0.0231909665 0.0469389518
v -0.05104798 -0.0231229564 0.0470229917
v -0.05025899 -0.0230129864 0.0471929917
v -0.05026096 -0.0231239664 0.0472679717
v -0.04318195 -0.0219519663 0.0489949517
v -0.02423298 -0.0177629458 0.0561109713
v -0.04317396 -0.0178339362 0.0501569513
v -0.02848398 -0.0176599559 0.0545279913
v -0.04567998 -0.0178609363 0.0496219913
v -0.06344795 -0.0181049664 0.0479699914
v -0.06344598 -0.0167069964 0.0481059513
v -0.06446999 -0.0180229464 0.0477339614
v -0.06451398 -0.0230079765 0.0456999517
v -0.06446999 -0.0180229464 0.0477339614
v -0.06522399 -0.0177829764 0.0470399813
v -0.06446897 -0.0167349464 0.0478589513
v -0.06522297 -0.0168389564 0.0471310013
v -0.06447398 -0.0155339764 0.0473769912
v -0.06344598 -0.0166999564 0.0481050013
v -0.065225 -0.0159589565 0.0467779612
v -0.06522798 -0.0153409765 0.0460589512
v -0.06549996 -0.0165449865 0.0459519612
v -0.06549996 -0.0162359366 0.0455960012
v -0.06549996 -0.0169819465 0.0461259413
v -0.06549996 -0.0174509765 0.0460809413
v -0.06549996 -0.0222849767 0.0441349717
v -0.06523597 -0.0227019666 0.0450369717
v -0.06549996 -0.0261239968 0.041989982
v -0.065234 -0.0261239967 0.043167942
v -0.06549996 -0.0261239965 0.046184002
v -0.06549996 -0.0275189766 0.0453699821
v -0.06549996 -0.0386879973 0.0363559729
v -0.06799995 -0.0275189766 0.0453699821
v -0.06799995 -0.0275199966 0.0453699821
v -0.06799995 -0.0143429561 0.0510569811
v -0.06799995 -0.0143419461 0.0510569811
v -0.06849998 -0.0142089662 0.0505749511
v -0.06849998 -0.000123996036 0.05249994
v -0.06849998 -0.0272619666 0.0449419621
v -0.06849998 -0.0383249473 0.0360129429
v -0.06849998 -0.0465859682 0.0244429735
v -0.06799995 -0.0386889473 0.0363559729
v -0.06799995 -0.0386879973 0.0363559729
v -0.06799995 -0.0470289481 0.0246759636
v -0.06549996 -0.0470289481 0.0246759636
v -0.06799995 -0.0519299492 0.0111860039
v -0.06799995 -0.05292797 3.99595059e-09
v -0.06849998 -0.0514409492 0.0110799639
v -0.06549996 -0.0519299492 0.0111860039
v -0.06549996 -0.05292695 3.99587358e-09
v -0.06549996 -0.0519299508 -0.0111859961
v -0.06549996 -0.0470289519 -0.0246749464
v -0.06799995 -0.0519299508 -0.0111859961
v -0.06849998 -0.0514409508 -0.0110799561
v -0.06799995 -0.0470289519 -0.0246759564
v -0.06849998 -0.0465859718 -0.0244429665
v -0.06849998 -0.05242896 3.95827638e-09
v -0.06549996 -0.0386889527 -0.0363549471
v -0.06849998 0.0139619738 0.0505749489
v -0.06799995 -0.000123995999 0.05299997
v -0.06549996 -0.000123995999 0.05299997
v -0.06799995 0.0140959639 0.0510569789
v -0.06799995 0.0140969739 0.0510569789
v -0.06549996 0.0140959639 0.0510569789
v -0.06799995 0.0272729934 0.0453699779
v -0.06849998 0.0270149734 0.044941958
v -0.06549996 0.0272739534 0.0453699779
v -0.06799995 0.0384419527 0.0363559671
v -0.06849998 0.0380779527 0.0360129371
v -0.06799995 0.0467819519 0.0246759565
v -0.05763 0.0384419527 0.0363549471
v -0.05763 0.0279449834 0.0449569779
v -0.05763 0.0388000027 0.0359709771
v -0.0575 0.0387049927 0.0358839571
v -0.05763 0.0467819519 0.0246749465
v -0.05763 0.0469039618 0.0244429665
v -0.0575 0.0467889918 0.0243829365
v -0.0575 0.0515559908 0.0111589961
v -0.0575 0.0278759534 0.0448479579
v -0.0575 0.0278089634 0.0448899779
v -0.0575 0.0278759533 0.0431839779
v -0.05758297 0.0278309533 0.0431149579
v -0.05715495 0.0264809733 0.044145998
v -0.0575 0.0279219733 0.0431549479
v -0.05758297 0.0278759533 0.0430849679
v -0.0575 0.0376789526 0.0349259872
v -0.0575 0.0451110019 0.0245509666
v -0.05758297 0.0376179826 0.0348699572
v -0.05758297 0.0450379819 0.0245109666
v -0.06349998 0.0376179826 0.0348699572
v -0.06349998 0.0450379819 0.0245109666
v -0.06349998 0.0278759533 0.0430849679
v -0.06449997 0.0374209826 0.0346889372
v -0.06523197 0.0368829926 0.0341919572
v -0.06449997 0.0448019518 0.0243829366
v -0.06449997 0.0277310032 0.0428609779
v -0.06451296 0.0227609835 0.0456999483
v -0.06523299 0.0273309932 0.0422469879
v -0.06549996 0.0267869831 0.041407998
v -0.06523597 0.0224549734 0.0450369683
v -0.06523597 0.0224549734 0.0450369683
v -0.06549996 0.0220379833 0.0441349683
v -0.06549996 0.0172039835 0.0460809387
v -0.06549996 0.0167349535 0.0461259387
v -0.06522399 0.0175359836 0.0470399787
v -0.06446999 0.0177759536 0.0477339587
v -0.06522297 0.0165919636 0.0471309987
v -0.065225 0.0157119635 0.0467779588
v -0.06446897 0.0164879536 0.0478589488
v -0.06344598 0.0164529636 0.0481049988
v -0.06447398 0.0152869836 0.0473769888
v -0.06448596 0.0144429835 0.0463959489
v -0.06345599 0.0151409536 0.0475829789
v -0.06345599 0.0151360036 0.0475789889
v -0.04557597 0.0150339637 0.0490919889
v -0.06347495 0.0142129635 0.0465149789
v -0.06347596 0.0142049735 0.0464999589
v -0.06349998 0.0138759634 0.045134959
v -0.04537194 0.0141800036 0.0480589789
v -0.04511797 0.0138759635 0.046767949
v -0.02791595 0.014159974 0.0529479889
v -0.02826398 0.0149539741 0.0539169889
v -0.02748495 0.0138759639 0.051749999
v -0.01138097 0.0141159845 0.0599219689
v -0.011186 0.0140619845 0.0598709489
v -0.01394695 0.0148109745 0.0597749889
v -0.01540696 0.0152049645 0.0594289789
v -0.01541495 0.0152379845 0.0594909688
v -0.01811397 0.0159269544 0.0585799788
v -0.02846598 0.0161079741 0.0544789988
v -0.01949799 0.0162919744 0.0580759588
v -0.01950895 0.0163559944 0.0581509388
v -0.02349895 0.0173249843 0.0564349787
v -0.02350795 0.0174179643 0.0565109787
v -0.02358198 0.0173269543 0.0564009487
v -0.02355295 0.0173389943 0.0564109587
v -0.02423298 0.0175159542 0.0561109687
v -0.02398097 0.0173349942 0.0562409687
v -0.04318195 0.0217049737 0.0489949484
v -0.04317396 0.0175870038 0.0501569487
v -0.05025899 0.0227659936 0.0471929883
v -0.05026096 0.0228759636 0.0472679683
v -0.05104798 0.0228759636 0.0470229883
v -0.05104696 0.0229869436 0.0470999383
v -0.05151396 0.0229619735 0.0469169583
v -0.06352198 0.0228759635 0.0459499883
v -0.06344795 0.0178579636 0.0479699887
v -0.06353497 0.0246449734 0.0450629481
v -0.06351399 0.0260759533 0.044223958
v -0.05405497 0.0238579535 0.0460579882
v -0.05449795 0.0240899935 0.0458589682
v -0.05285096 0.0233419535 0.0465259482
v -0.05283099 0.0234619935 0.0465959882
v -0.05197799 0.0230689635 0.0467979883
v -0.05183196 0.0230329635 0.0468369683
v -0.05178499 0.0230219935 0.0468489483
v -0.05177897 0.0230209835 0.0468509683
v -0.051777 0.0230199635 0.0468519883
v -0.051777 0.0230199635 0.0468519883
v -0.051777 0.0230199635 0.0468519883
v -0.051777 0.0230199635 0.0468519883
v -0.051777 0.0230199635 0.0468519883
v -0.051777 0.0230199635 0.0468519883
v -0.051777 0.0230199635 0.0468519883
v -0.051777 0.0230199635 0.0468519883
v -0.051777 0.0230199635 0.0468519883
v -0.051777 0.0230199635 0.0468519883
v -0.051777 0.0230199635 0.0468519883
v -0.051777 0.0230199635 0.0468519883
v -0.051777 0.0230199635 0.0468519883
v -0.05177497 0.0230199635 0.0468519883
v -0.05174398 0.0230119835 0.0468599683
v -0.05191099 0.0231719635 0.0468869783
v -0.05345594 0.0237129935 0.0463629882
v -0.05446398 0.0242099735 0.0459269782
v -0.053451 0.0237129936 0.0479469782
v -0.05430299 0.0241239636 0.0475889982
v -0.05262696 0.0233909436 0.0482469682
v -0.05268299 0.0233359937 0.0483569482
v -0.051907 0.0231709437 0.0484729983
v -0.05080699 0.0229489837 0.0487479483
v -0.05026096 0.0228759637 0.0488659683
v -0.05080699 0.0229489837 0.0487489683
v -0.050843 0.0228769737 0.0488639383
v -0.050843 0.0228759637 0.0488639383
v -0.05223995 0.0228769737 0.0486659983
v -0.05029499 0.0228029437 0.0489819583
v -0.03923398 0.0209879839 0.0520429584
v -0.03203499 0.0194279541 0.0546689585
v -0.03943794 0.0103339542 0.0551859692
v -0.05240696 0.011308964 0.0526309591
v -0.01445996 0.00740397375 0.0628609594
v -0.01470398 0.0149049747 0.0622599689
v -0.01437997 -0.000123995241 0.06303197
v -0.01299196 -0.000123995235 0.06312096
v -0.01324695 0.0145189747 0.0625379589
v -0.01208698 0.0142099847 0.0622219989
v -0.01339095 0.0145579547 0.0625439789
v -0.01336097 0.0146709647 0.0624149989
v -0.01405894 0.0147349847 0.0624769889
v -0.01437598 0.0148179547 0.0623909789
v -0.01457399 0.0148699847 0.0623169489
v -0.014584 0.0148729647 0.0623129589
v -0.01458597 0.0148739847 0.0623119389
v -0.01458698 0.0148739847 0.0623119389
v -0.01458698 0.0148739847 0.0623119389
v -0.01458698 0.0148739847 0.0623119389
v -0.01458698 0.0148739847 0.0623119389
v -0.01458698 0.0148739847 0.0623119389
v -0.01458698 0.0148739847 0.0623119389
v -0.01458698 0.0148739847 0.0623119389
v -0.01458698 0.0148739847 0.0623119389
v -0.01458597 0.0148739847 0.0623119389
v -0.01458597 0.0148739847 0.0623119389
v -0.01458597 0.0148739847 0.0623119389
v -0.01458597 0.0148739847 0.0623119389
v -0.01458597 0.0148739847 0.0623119389
v -0.01458698 0.0148739847 0.0623119389
v -0.01462996 0.0148849447 0.0622939389
v -0.01211398 0.0143249647 0.0621079789
v -0.01461797 0.0150189947 0.0621419489
v -0.03019899 0.0190959542 0.0552569586
v -0.03196895 0.0195129541 0.0545519485
v -0.03019899 0.0190959541 0.0536679586
v -0.01119297 0.0140689646 0.0613489689
v -0.01105594 0.0139330046 0.0613359789
v -0.01119297 0.0140689645 0.0599009889
v -0.01184594 0.0141449547 0.0620829389
v -0.01085299 0.0137289746 0.061023949
v -0.01059299 0.0134689846 0.060371989
v -0.06549996 0.0116759539 0.0516699491
v -0.06549996 0.0228759636 0.0477489783
v -0.06549996 0.0246819835 0.0468369681
v -0.05385094 0.0238189636 0.0479189682
v -0.06549996 0.0261510035 0.046028968
v -0.05658894 0.0256519935 0.0464739681
v -0.06549996 0.0270199734 0.045521968
v -0.05744498 0.0268329934 0.045657988
v -0.05763 0.0278759534 0.0449999479
v -0.05713397 0.0262839735 0.046026998
v -0.05702698 0.0262860035 0.045919948
v -0.05715399 0.0264799535 0.045781968
v -0.05614799 0.0253539635 0.0466059981
v -0.05614995 0.0253549834 0.0449929781
v -0.05580896 0.0250809735 0.0468159881
v -0.055893 0.0250519535 0.0469219581
v -0.054874 0.0244469636 0.0473199382
v -0.05487698 0.0244479735 0.0457249782
v -0.05592298 0.0251680034 0.0451399581
v -0.05597096 0.0250549934 0.0450729681
v -0.05563396 0.0248009534 0.0452739481
v -0.05662995 0.0256419734 0.0446229481
v -0.05715298 0.0262770033 0.044158988
v -0.05708497 0.0263699833 0.044225988
v -0.05743795 0.0268269733 0.043774958
v -0.06350296 0.0269819433 0.043657948
v -0.05540698 0.0246430034 0.0454009681
v -0.05530399 0.0245739834 0.0454569981
v -0.05527395 0.0245549634 0.0454729681
v -0.05526494 0.0245489434 0.0454779781
v -0.05526196 0.0245469834 0.0454789881
v -0.05526095 0.0245459634 0.0454799481
v -0.05526095 0.0245459634 0.0454799481
v -0.05526 0.0245459634 0.0454799481
v -0.05526 0.0245459634 0.0454799481
v -0.05526 0.0245459634 0.0454799481
v -0.05526 0.0245459634 0.0454799481
v -0.05526 0.0245459634 0.0454799481
v -0.05526095 0.0245459634 0.0454799481
v -0.05526095 0.0245459634 0.0454799481
v -0.05526095 0.0245459634 0.0454799481
v -0.05526095 0.0245459634 0.0454799481
v -0.05526 0.0245459634 0.0454799481
v -0.05526 0.0245459634 0.0454799481
v -0.05437296 0.0240820036 0.0476959882
v -0.06549996 0.0278759534 0.0449999479
v -0.050843 0.0228759637 0.0488639383
v -0.05084198 0.0228759637 0.0488639383
v -0.05084198 0.0228759637 0.0488639383
v -0.05084198 0.0228759637 0.0488639383
v -0.050843 0.0228759637 0.0488639383
v -0.050843 0.0228769737 0.0488639383
v -0.050843 0.0228769737 0.0488639383
v -0.050843 0.0228769737 0.0488639383
v -0.050843 0.0228769737 0.0488639383
v -0.050843 0.0228769737 0.0488639383
v -0.050843 0.0228769737 0.0488639383
v -0.05084395 0.0228769737 0.0488639383
v -0.05084699 0.0228769737 0.0488629883
v -0.05085098 0.0228779937 0.0488619783
v -0.05085897 0.0228790037 0.0488599483
v -0.05087596 0.0228819837 0.0488569683
v -0.05090999 0.0228869937 0.0488489783
v -0.050978 0.0228970037 0.0488339583
v -0.05111294 0.0229199537 0.0488029683
v -0.051382 0.0229719837 0.0487379983
v -0.05164796 0.0230319437 0.0486699883
v -0.05191099 0.0230979937 0.0485969683
v -0.05217099 0.0231709437 0.0485199583
v -0.05242794 0.0232509937 0.0484399682
v -0.04567998 0.0176139437 0.0496219887
v -0.06446999 0.0177759536 0.0477339587
v -0.06344598 0.0164600036 0.0481059488
v -0.04568594 0.0162639637 0.0496499488
v -0.06451398 0.0227609835 0.0456999483
v -0.02848398 0.0174129641 0.0545279887
v -0.02378499 0.0172879643 0.0563269787
v -0.01099997 0.0138759644 0.058799979
v -0.01099997 0.0138759642 0.054983969
v -0.01124495 0.0138759641 0.053904949
v -0.01079398 0.0133759941 0.053689949
v -0.01193195 0.013875964 0.053037999
v -0.01292496 0.013875964 0.052550969
v -0.01175194 0.013589974 0.052814959
v -0.01134198 0.013375994 0.052899949
v -0.02523899 0.0138759636 0.047999969
v -0.02523899 -0.0141239664 0.0479999711
v -0.03729295 0.013875963 0.039525979
v -0.03729295 -0.014123967 0.0395259811
v -0.04660797 0.0138759621 0.028107999
v -0.04660797 -0.0141239679 0.0281080011
v -0.05248999 0.0138759611 0.014597949
v -0.05248999 -0.0141239689 0.0145979511
v -0.05449998 0.01387596 -1.04760584e-09
v -0.06349998 0.01387596 -1.04760584e-09
v -0.05248999 0.0138759589 -0.014597951
v -0.05449998 -0.01412397 1.06633007e-09
v -0.05248999 -0.0141239711 -0.0145979489
v -0.04660797 -0.0141239721 -0.0281079989
v -0.04660797 0.0138759579 -0.028108001
v -0.03729295 -0.014123973 -0.0395259789
v -0.02523899 -0.0141239736 -0.0479999689
v -0.03729295 0.013875957 -0.039525981
v -0.02523899 0.0138759564 -0.047999971
v -0.01292496 0.013875956 -0.052550971
v -0.01193195 0.013875956 -0.053038001
v -0.01175194 0.013590986 -0.052814961
v -0.01134198 0.013375986 -0.052899951
v -0.01079398 0.0133759859 -0.053689001
v -0.01134198 -0.000124003994 -0.05289995
v -0.01134198 -0.013623954 -0.052899949
v -0.010719 -0.000124004066 -0.05385994
v -0.010719 0.0133759859 -0.053859941
v -0.01049995 -0.000124004151 -0.05498397
v -0.010719 -0.0136239541 -0.053859939
v -0.01079398 -0.0136239541 -0.053688999
v -0.01049995 -0.0136239542 -0.054983969
v -0.01099997 -0.0141239742 -0.0549839689
v -0.01049995 -0.0136239545 -0.059636949
v -0.01124495 -0.0141239741 -0.0539049489
v -0.01193195 -0.014123974 -0.0530379989
v -0.01292496 -0.014123974 -0.0525509689
v -0.01175194 -0.013837994 -0.052814959
v -0.01049995 0.0133759858 -0.054983971
v -0.01049995 0.0133759855 -0.059636951
v -0.01099997 0.0138759558 -0.054983971
v -0.01099997 0.0138759556 -0.058799981
v -0.01124495 0.0138759559 -0.053904951
v -0.02748495 0.0138759561 -0.051750001
v -0.011186 0.0140619755 -0.0598700011
v -0.01138097 0.0141159755 -0.0599219711
v -0.01119297 0.0140689555 -0.0599009911
v -0.01541495 0.0152379755 -0.0594909712
v -0.01540696 0.0152049555 -0.0594289811
v -0.01811397 0.0159269456 -0.0585799812
v -0.01394695 0.0148109655 -0.0597749911
v -0.02826398 0.0149539659 -0.0539169911
v -0.02846598 0.0161079659 -0.0544790012
v -0.02791595 0.014159966 -0.0529479911
v -0.04557597 0.0150339563 -0.0490919911
v -0.04537194 0.0141799964 -0.0480589811
v -0.06345599 0.0151359964 -0.0475789911
v -0.04568594 0.0162639563 -0.0496499512
v -0.04567998 0.0176139363 -0.0496219913
v -0.06344598 0.0164599964 -0.0481059512
v -0.06344795 0.0178579564 -0.0479699913
v -0.06344598 0.0164529564 -0.0481050012
v -0.06345599 0.0151409464 -0.0475829811
v -0.06446897 0.0164879464 -0.0478589512
v -0.06522297 0.0165919564 -0.0471310013
v -0.06446999 0.0177759464 -0.0477339613
v -0.06447398 0.0152869764 -0.0473769912
v -0.06448596 0.0144429765 -0.0463959511
v -0.065225 0.0157119565 -0.0467779612
v -0.06549996 0.0162979865 -0.0459519612
v -0.06522798 0.0150939765 -0.0460589511
v -0.06549996 0.0159879866 -0.0455960012
v -0.06523197 0.0148759366 -0.0451359711
v -0.06523197 0.0148759366 -0.0451359711
v -0.06450098 0.0141449466 -0.0451359711
v -0.06449997 0.0141439966 -0.0451359711
v -0.06349998 0.0138759566 -0.045134961
v -0.06449997 0.0141439983 -0.0225679811
v -0.06523197 0.0148759383 -0.0225679811
v -0.06449997 0.014144 -1.0678423e-09
v -0.06349998 0.0138759583 -0.022567981
v -0.06449997 0.0141440017 0.0225679789
v -0.06523197 0.01487594 -1.12310223e-09
v -0.06549996 0.01587599 -1.19860391e-09
v -0.06523197 0.0148759417 0.0225679789
v -0.06549996 0.0158759917 0.0225679788
v -0.06523197 0.0148759434 0.0451359689
v -0.06523197 0.0148759434 0.0451359689
v -0.06549996 0.0158759934 0.0451359688
v -0.06549996 0.0159879934 0.0455959988
v -0.06549996 0.0162979935 0.0459519588
v -0.06522798 0.0150939835 0.0460589489
v -0.06450098 0.0141449534 0.0451359689
v -0.06449997 0.0141440034 0.0451359689
v -0.06549996 0.0158759883 -0.0225679812
v -0.06549996 0.04926097 -3.71909979e-09
v -0.06549996 0.0477419391 -0.0121519536
v -0.06523197 0.05026096 -3.79459693e-09
v -0.06549996 0.0477419409 0.0121519464
v -0.06549996 0.0432800018 0.0235569367
v -0.06523197 0.0487110009 0.0123979963
v -0.06449997 0.0494209509 0.0125779463
v -0.06523197 0.0441589918 0.0240339567
v -0.06349998 0.049680941 0.0126439862
v -0.06449997 0.05099296 -3.84986139e-09
v -0.06449997 0.0494209491 -0.0125779537
v -0.06349998 0.05126094 -3.87009332e-09
v -0.06349998 0.049680939 -0.0126439938
v -0.05758297 0.05126094 -3.87009332e-09
v -0.06349998 0.049680941 0.0126429662
v -0.05758297 0.049680941 0.0126429662
v -0.05758297 0.049680941 0.0126439862
v -0.05758297 0.0450379819 0.0245099566
v -0.0575 0.049760991 0.0126649662
v -0.0575 0.05134296 -3.87628566e-09
v -0.0575 0.062747 -4.73726673e-09
v -0.0575 0.049760989 -0.0126649738
v -0.0575 0.0451109981 -0.0245499634
v -0.05758297 0.049680939 -0.0126439938
v -0.05758297 0.0450379781 -0.0245109734
v -0.05758297 0.0376179774 -0.0348699628
v -0.06349998 0.0450379781 -0.0245109734
v -0.06349998 0.0376179774 -0.0348699628
v -0.06449997 0.0448019482 -0.0243829434
v -0.06523197 0.0441589882 -0.0240339633
v -0.06449997 0.0374209774 -0.0346879928
v -0.06523197 0.0368829874 -0.0341919628
v -0.06449997 0.0277309968 -0.0428609821
v -0.06451296 0.0227609765 -0.0456999517
v -0.06349998 0.0278759467 -0.0430849721
v -0.06523299 0.0273309868 -0.0422469921
v -0.06549996 0.0267869769 -0.041408002
v -0.06523597 0.0224549666 -0.0450369717
v -0.06549996 0.0220379767 -0.0441339617
v -0.06523597 0.0224549666 -0.0450369717
v -0.06522399 0.0175359764 -0.0470399813
v -0.06451398 0.0227609765 -0.0456999517
v -0.06446999 0.0177759464 -0.0477339613
v -0.06549996 0.0172039765 -0.0460809413
v -0.06549996 0.0167349465 -0.0461259413
v -0.06549996 0.0361489575 -0.0335129427
v -0.06549996 0.0432799982 -0.0235569433
v -0.05758297 0.0278759467 -0.0430849721
v -0.06350296 0.0269819367 -0.043657002
v -0.06351399 0.0260759467 -0.044223962
v -0.05743795 0.0268269667 -0.043774962
v -0.05715298 0.0262769967 -0.044158992
v -0.05758297 0.0278309467 -0.0431139421
v -0.05708497 0.0263699767 -0.044225992
v -0.05662995 0.0256419666 -0.0446229519
v -0.05597096 0.0250549866 -0.0450729719
v -0.05563396 0.0248009466 -0.0452739519
v -0.05592298 0.0251679966 -0.0451399619
v -0.05540698 0.0246429966 -0.0454009719
v -0.05530399 0.0245739766 -0.0454570019
v -0.05527395 0.0245549566 -0.0454729719
v -0.05526494 0.0245489366 -0.0454779819
v -0.05526196 0.0245469766 -0.0454789919
v -0.05526095 0.0245459566 -0.0454799519
v -0.05526095 0.0245459566 -0.0454799519
v -0.05526095 0.0245459566 -0.0454799519
v -0.05526 0.0245459566 -0.0454799519
v -0.05526 0.0245459566 -0.0454799519
v -0.05526 0.0245459566 -0.0454799519
v -0.05526 0.0245459566 -0.0454799519
v -0.05526095 0.0245459566 -0.0454799519
v -0.05526095 0.0245459566 -0.0454799519
v -0.05526095 0.0245459566 -0.0454799519
v -0.05526095 0.0245459566 -0.0454799519
v -0.05526095 0.0245459566 -0.0454799519
v -0.05526 0.0245459566 -0.0454799519
v -0.05449795 0.0240899865 -0.0458589718
v -0.05446398 0.0242099665 -0.0459269818
v -0.05405497 0.0238579465 -0.0460579918
v -0.06353497 0.0246449666 -0.0450629519
v -0.05285096 0.0233419465 -0.0465259518
v -0.05197799 0.0230689565 -0.0467979917
v -0.05183196 0.0230329565 -0.0468369717
v -0.05178499 0.0230219865 -0.0468489517
v -0.05177897 0.0230209765 -0.0468509717
v -0.051777 0.0230199565 -0.0468519917
v -0.051777 0.0230199565 -0.0468519917
v -0.051777 0.0230199565 -0.0468519917
v -0.051777 0.0230199565 -0.0468519917
v -0.051777 0.0230199565 -0.0468519917
v -0.051777 0.0230199565 -0.0468519917
v -0.051777 0.0230199565 -0.0468519917
v -0.051777 0.0230199565 -0.0468519917
v -0.051777 0.0230199565 -0.0468519917
v -0.051777 0.0230199565 -0.0468519917
v -0.051777 0.0230199565 -0.0468519917
v -0.051777 0.0230199565 -0.0468519917
v -0.051777 0.0230199565 -0.0468519917
v -0.05177497 0.0230199565 -0.0468519917
v -0.05174398 0.0230119765 -0.0468599717
v -0.0575 0.0279219667 -0.0431549521
v -0.0575 0.0376789474 -0.0349259928
v -0.06523197 0.0487109991 -0.0123980037
v -0.0575 0.0620399707 0.00940393932
v -0.0575 0.0620399693 -0.00940394868
v -0.0575 0.0617489792 -0.0100629947
v -0.0575 0.0611639592 -0.0104829646
v -0.05763 0.0612089592 -0.0106039646
v -0.0575 0.0617489808 0.0100629853
v -0.0575 0.0611639608 0.0104829554
v -0.0575 0.0604469708 0.0105489354
v -0.05763 0.0612089608 0.0106039554
v -0.06349998 0.0450379819 0.0245099566
v -0.06549996 0.0361489625 0.0335129373
v -0.06549996 0.0158759866 -0.0451359712
v -0.06349998 0.0138759617 0.022567979
v -0.04511797 0.0138759565 -0.046767951
v -0.06347596 0.0142049665 -0.0464999611
v -0.06347495 0.0142129565 -0.0465149811
v -0.02848398 0.0174129559 -0.0545279913
v -0.01292496 -0.014123966 0.0525509711
v -0.01175194 -0.013837986 0.052814961
v -0.06549996 -0.0143419461 0.0510569811
v -0.06450796 -0.0261239967 0.044026972
v -0.06451296 -0.0230079765 0.0456999517
v -0.06523597 -0.0227019666 0.0450369717
v -0.06549996 -0.0161239466 0.0451359712
v -0.06523197 -0.0151239566 0.0451359711
v -0.06549996 -0.0161239483 0.0225679812
v -0.06549996 -0.01612395 1.21732436e-09
v -0.06549996 -0.0161239517 -0.0225679788
v -0.06549996 -0.0161239534 -0.0451359688
v -0.06549996 -0.0162359434 -0.0455959988
v -0.06523197 -0.0151239634 -0.0451359689
v -0.06523197 -0.0151229534 -0.0451359689
v -0.06522798 -0.0153409835 -0.0460589488
v -0.065225 -0.0159589635 -0.0467779588
v -0.06448596 -0.0146899835 -0.0463959489
v -0.06447398 -0.0155339836 -0.0473769888
v -0.06347495 -0.0144599635 -0.0465149789
v -0.06345599 -0.0153829436 -0.0475789888
v -0.04557597 -0.0152809637 -0.0490919888
v -0.06345599 -0.0153879536 -0.0475829788
v -0.06344598 -0.0166999636 -0.0481049987
v -0.06446897 -0.0167349536 -0.0478589487
v -0.06344598 -0.0167070036 -0.0481059487
v -0.04568594 -0.0165119737 -0.0496499488
v -0.06344795 -0.0181049736 -0.0479699886
v -0.04567998 -0.0178609437 -0.0496219887
v -0.06446999 -0.0180229536 -0.0477339586
v -0.06451398 -0.0230079835 -0.0456999483
v -0.06446999 -0.0180229536 -0.0477339586
v -0.06522399 -0.0177829836 -0.0470399787
v -0.06523597 -0.0227019734 -0.0450369683
v -0.06522297 -0.0168389636 -0.0471309987
v -0.06549996 -0.0174509835 -0.0460809387
v -0.06549996 -0.0222849833 -0.0441339583
v -0.06549996 -0.0169819535 -0.0461259387
v -0.06549996 -0.0165449935 -0.0459519588
v -0.06549996 -0.0261240032 -0.041989978
v -0.06523597 -0.0227019734 -0.0450359483
v -0.065234 -0.0261240033 -0.043167938
v -0.06450796 -0.0261240033 -0.044026968
v -0.06451296 -0.0230079835 -0.0456999483
v -0.02846598 -0.0163549741 -0.0544789988
v -0.02848398 -0.0176599641 -0.0545279887
v -0.06523197 -0.0151229466 0.0451359711
v -0.06450098 -0.0143919466 0.0451359711
v -0.02398097 -0.0175819858 0.0562409713
v -0.02378499 -0.0175349657 0.0563269813
v -0.02358198 -0.0175739457 0.0564009513
v -0.02349895 -0.0175719757 0.0564349813
v -0.02355295 -0.0175859857 0.0564109613
v -0.02350795 -0.0176649557 0.0565109813
v -0.01949799 -0.0165389656 0.0580759612
v -0.01462996 -0.0151319453 0.0622939411
v -0.01458698 -0.0151209753 0.0623119411
v -0.01458597 -0.0151209753 0.0623119411
v -0.01458597 -0.0151209753 0.0623119411
v -0.01458597 -0.0151209753 0.0623119411
v -0.01458597 -0.0151209753 0.0623119411
v -0.01458597 -0.0151209753 0.0623119411
v -0.01458698 -0.0151209753 0.0623119411
v -0.01458698 -0.0151209753 0.0623119411
v -0.01458698 -0.0151209753 0.0623119411
v -0.01458698 -0.0151209753 0.0623119411
v -0.01458698 -0.0151209753 0.0623119411
v -0.01458698 -0.0151209753 0.0623119411
v -0.01458698 -0.0151209753 0.0623119411
v -0.01458698 -0.0151209753 0.0623119411
v -0.01458597 -0.0151209753 0.0623119411
v -0.014584 -0.0151199553 0.0623129611
v -0.01457399 -0.0151169753 0.0623169511
v -0.01437598 -0.0150649453 0.0623909811
v -0.01405894 -0.0149819753 0.0624769911
v -0.02378499 -0.0175349743 -0.0563269787
v -0.05495899 -0.0246029434 -0.0456359881
v -0.05514097 -0.0247159634 -0.0455429481
v -0.05523997 -0.0247799734 -0.0454909781
v -0.05525296 -0.0247879634 -0.0454839381
v -0.05526 -0.0247919534 -0.0454799481
v -0.05526095 -0.0247929634 -0.0454799481
v -0.05526095 -0.0247929634 -0.0454799481
v -0.05526095 -0.0247929634 -0.0454799481
v -0.05526095 -0.0247929634 -0.0454799481
v -0.05526095 -0.0247929634 -0.0454799481
v -0.05526095 -0.0247929634 -0.0454799481
v -0.05526 -0.0247929634 -0.0454799481
v -0.05526 -0.0247929634 -0.0454799481
v -0.05526 -0.0247929634 -0.0454799481
v -0.05526095 -0.0247929634 -0.0454799481
v -0.05526095 -0.0247929634 -0.0454799481
v -0.05526095 -0.0247929634 -0.0454799481
v -0.05526596 -0.0247969634 -0.0454769681
v -0.05528795 -0.0248109634 -0.0454649881
v -0.06849998 0.0270149666 -0.044941962
v -0.06799995 0.0140959561 -0.0510569811
v -0.06799995 0.0272719766 -0.0453699821
v -0.06549996 0.0272719766 -0.0453699821
v -0.06799995 0.0272729866 -0.0453699821
v -0.06549996 0.0270199666 -0.045521972
v -0.06549996 0.0278759466 -0.0449999521
v -0.05744498 0.0268329866 -0.045657992
v -0.06549996 0.0261509965 -0.046028972
v -0.06549996 0.0246819765 -0.0468369719
v -0.05658894 0.0256519865 -0.0464739719
v -0.06549996 0.0228759564 -0.0477489817
v -0.05385094 0.0238189564 -0.0479189718
v -0.05223995 0.0228769663 -0.0486660017
v -0.06549996 0.0140949361 -0.0510569811
v -0.05240696 0.011308956 -0.0526309609
v -0.050843 0.0228769663 -0.0488639417
v -0.05080699 0.0229489763 -0.0487479517
v -0.050843 0.0228759563 -0.0488639417
v -0.05029499 0.0228029363 -0.0489819617
v -0.050843 0.0228759563 -0.0488639417
v -0.05084198 0.0228759563 -0.0488639417
v -0.05084198 0.0228759563 -0.0488639417
v -0.05084198 0.0228759563 -0.0488639417
v -0.050843 0.0228759563 -0.0488639417
v -0.050843 0.0228769663 -0.0488639417
v -0.050843 0.0228769663 -0.0488639417
v -0.050843 0.0228769663 -0.0488639417
v -0.050843 0.0228769663 -0.0488639417
v -0.050843 0.0228769663 -0.0488639417
v -0.050843 0.0228769663 -0.0488639417
v -0.05084395 0.0228769663 -0.0488639417
v -0.05084699 0.0228769663 -0.0488629917
v -0.05085098 0.0228779863 -0.0488619817
v -0.05085897 0.0228789963 -0.0488599517
v -0.05087596 0.0228819763 -0.0488569717
v -0.05090999 0.0228869863 -0.0488489817
v -0.050978 0.0228969963 -0.0488339617
v -0.05111294 0.0229199463 -0.0488029717
v -0.051382 0.0229719763 -0.0487380017
v -0.05164796 0.0230319363 -0.0486699917
v -0.05191099 0.0230979863 -0.0485969717
v -0.05217099 0.0231709363 -0.0485199617
v -0.05242794 0.0232509863 -0.0484399718
v -0.06849998 0.0380779473 -0.0360129429
v -0.06849998 0.0463389682 -0.0244429735
v -0.06799995 0.0384419473 -0.0363559729
v -0.06849998 0.0511939492 -0.0110799639
v -0.06849998 0.0517869493 -0.00990796391
v -0.06849998 0.0528769393 -0.00917494599
v -0.06799995 0.0521609692 -0.0102390039
v -0.0005 -0.0215239539 -0.0519999784
v -0.0005 -0.021523954 -0.0524999384
v 0.006899952 -0.0215239539 -0.0514709884
v -0.007900953 -0.0215239539 -0.0514709884
v -0.02210199 -0.0215239536 -0.0473009884
v -0.007872998 -0.0213239739 -0.0512729784
v 0.006871998 -0.0213239739 -0.0512729784
v -0.02201896 -0.0213239736 -0.0471189584
v -0.007872998 -0.0211240039 -0.0512729784
v 0.006871998 -0.0211240039 -0.0512729784
v -0.02201896 -0.0211240036 -0.0471189584
v -0.03442198 -0.021124003 -0.0391479684
v -0.04407697 -0.0211240021 -0.0280049984
v -0.03442198 -0.021323973 -0.0391479684
v -0.03455299 -0.021523953 -0.0392989484
v -0.04407697 -0.0213239721 -0.0280049984
v -0.044245 -0.0215239521 -0.0281129384
v -0.05020195 -0.0213239711 -0.0145939484
v -0.05229997 -0.02132397 1.60991495e-09
v -0.05039399 -0.0215239511 -0.0146499784
v -0.05020195 -0.0211240011 -0.0145939484
v -0.05229997 -0.021124 1.59481764e-09
v -0.05020195 -0.0211239989 0.0145939516
v -0.05020195 -0.0213239689 0.0145939516
v -0.04407697 -0.0211239979 0.0280050016
v -0.03442198 -0.021123997 0.0391479716
v -0.04407697 -0.0213239679 0.0280050016
v -0.03442198 -0.021323967 0.0391479716
v -0.044245 -0.0215239479 0.0281129416
v -0.05039399 -0.0215239489 0.0146499816
v -0.03455299 -0.021523947 0.0392989516
v -0.02210199 -0.0215239464 0.0473009916
v -0.02201896 -0.0213239664 0.0471189616
v -0.007900953 -0.0215239461 0.0514709916
v -0.0005 -0.0215239461 0.0519999816
v -0.007872998 -0.0213239661 0.0512729816
v 0.006871998 -0.0213239661 0.0512729816
v -0.007872998 -0.0211239961 0.0512729816
v -0.02201896 -0.0211239964 0.0471189616
v 0.006871998 -0.0211239961 0.0512729816
v 0.02101796 -0.0211239964 0.0471189616
v 0.03342097 -0.021123997 0.0391479716
v 0.02101796 -0.0213239664 0.0471189616
v 0.02110099 -0.0215239464 0.0473009916
v 0.03342097 -0.021323967 0.0391479716
v 0.04307699 -0.0213239679 0.0280050016
v 0.03355199 -0.021523947 0.0392989516
v 0.04324495 -0.0215239479 0.0281129416
v 0.04939299 -0.0215239489 0.0146499816
v 0.04920095 -0.0213239689 0.0145939516
v 0.05149996 -0.02152395 1.62501302e-09
v 0.04939299 -0.0215239511 -0.0146499784
v 0.05129998 -0.02132397 1.60991495e-09
v 0.04920095 -0.0213239711 -0.0145939484
v 0.05129998 -0.021124 1.59481764e-09
v 0.04920095 -0.0211239989 0.0145939516
v 0.04920095 -0.0211240011 -0.0145939484
v 0.04307699 -0.0211240021 -0.0280049984
v 0.03342097 -0.021124003 -0.0391479684
v 0.04307699 -0.0213239721 -0.0280049984
v 0.03342097 -0.021323973 -0.0391479684
v 0.04324495 -0.0215239521 -0.0281129384
v 0.03355199 -0.021523953 -0.0392989484
v 0.02110099 -0.0215239536 -0.0473009884
v 0.02101796 -0.0213239736 -0.0471189584
v 0.02101796 -0.0211240036 -0.0471189584
v 0.04307699 -0.0211239979 0.0280050016
v 0.006899952 -0.0215239461 0.0514709916
v -0.0005 -0.021523946 0.0524999416
v 0.006970942 -0.0215239461 0.0519659516
v -0.007971942 -0.0215239461 0.0519659516
v -0.008184969 -0.020023996 0.0534499815
v -0.02230995 -0.0215239464 0.0477559516
v -0.03488099 -0.021523947 0.0396769616
v -0.022933 -0.0200239963 0.0491199415
v -0.01134198 -0.020023996 0.0528999515
v -0.02523899 -0.0200239964 0.0479999715
v -0.02523899 -0.00542395938 0.0479999704
v -0.03586298 -0.0200239969 0.0408099815
v -0.03729295 -0.020023997 0.0395259815
v -0.03729295 -0.00542396002 0.0395259804
v -0.045928 -0.0200239978 0.0291949515
v -0.04466599 -0.0215239479 0.0283839716
v -0.04660797 -0.0200239979 0.0281080015
v -0.04660797 -0.00542396088 0.0281080004
v -0.05231297 -0.0200239989 0.0152139615
v -0.05087399 -0.0215239489 0.0147909516
v -0.05248999 -0.0200239989 0.0145979515
v -0.05449998 -0.020024 1.51176995e-09
v -0.05248999 -0.0054239619 0.0145979504
v -0.05449998 -0.005423963 4.09497816e-10
v -0.05248999 -0.0054239641 -0.0145979496
v -0.05248999 -0.0200240011 -0.0145979485
v -0.04660797 -0.00542396512 -0.0281079996
v -0.04660797 -0.0200240021 -0.0281079985
v -0.03729295 -0.00542396598 -0.0395259796
v -0.03729295 -0.020024003 -0.0395259785
v -0.02523899 -0.00542396662 -0.0479999696
v -0.01134198 -0.00542396699 -0.0528999496
v -0.02523899 -0.0200240036 -0.0479999685
v -0.03586298 -0.0200240031 -0.0408099785
v -0.022933 -0.0200240037 -0.0491199385
v -0.02230995 -0.0215239536 -0.0477559484
v -0.01134198 -0.020024004 -0.0528999485
v -0.008184969 -0.020024004 -0.0534499785
v -0.01134198 -0.00549894899 -0.0528999496
v 0.004532992 -0.00549894906 -0.0537649896
v 0.004532992 -0.0200240041 -0.0537649885
v 0.01997196 -0.00549894877 -0.0499689496
v 0.01997095 -0.0200240038 -0.0499689485
v 0.03363597 -0.00549894816 -0.0418419796
v 0.04434096 -0.00549894727 -0.0300869896
v 0.03363597 -0.0200240032 -0.0418419785
v 0.021932 -0.0200240037 -0.0491199385
v 0.03486198 -0.0200240031 -0.0408099785
v 0.03387999 -0.021523953 -0.0396769584
v 0.04434096 -0.0200240023 -0.0300869885
v 0.044927 -0.0200240022 -0.0291949485
v 0.04366499 -0.0215239521 -0.0283839684
v 0.05115896 -0.0200240012 -0.0157249485
v 0.05131196 -0.0200240011 -0.0152139585
v 0.05115896 -0.00549894619 -0.0157249496
v 0.05339896 -0.00549894525 -0.00330197758
v 0.05339896 0.00137698575 -0.0033019781
v 0.05349999 0.001376986 -1.03959551e-10
v 0.05349999 -0.020024 1.51176995e-09
v 0.05339896 0.00137698625 0.0033019779
v 0.05339896 -0.00549894475 0.00330197842
v 0.05115896 -0.00549894381 0.0157249504
v 0.04434096 -0.00549894273 0.0300869904
v 0.05115896 -0.0200239988 0.0157249515
v 0.05131196 -0.0200239989 0.0152139615
v 0.044927 -0.0200239978 0.0291949515
v 0.04366499 -0.0215239479 0.0283839716
v 0.04434096 -0.0200239977 0.0300869915
v 0.03486198 -0.0200239969 0.0408099815
v 0.03387999 -0.021523947 0.0396769616
v 0.03363597 -0.0200239968 0.0418419815
v 0.021932 -0.0200239963 0.0491199415
v 0.03363597 -0.00549894184 0.0418419804
v 0.01997196 -0.00549894123 0.0499689504
v 0.004532992 -0.00549894094 0.0537649904
v 0.01997095 -0.0200239962 0.0499689515
v 0.007184982 -0.020023996 0.0534499815
v 0.004532992 -0.0200239959 0.0537649915
v -0.01134198 -0.00549894101 0.0528999504
v -0.01134198 -0.00542395901 0.0528999504
v 0.02130895 -0.0215239464 0.0477559516
v 0.04987299 -0.0215239489 0.0147909516
v 0.05199998 -0.02152395 1.62501302e-09
v 0.04987299 -0.0215239511 -0.0147909484
v 0.02130895 -0.0215239536 -0.0477559484
v 0.006970942 -0.0215239539 -0.0519659484
v 0.007184982 -0.020024004 -0.0534499785
v -0.007971942 -0.0215239539 -0.0519659484
v -0.03488099 -0.021523953 -0.0396769584
v -0.04466599 -0.0215239521 -0.0283839684
v -0.05087399 -0.0215239511 -0.0147909484
v -0.045928 -0.0200240022 -0.0291949485
v -0.05299997 -0.02152395 1.62501302e-09
v -0.05231297 -0.0200240011 -0.0152139585
v -0.05249994 -0.02152395 1.62501302e-09
v -0.05394995 0.007575988 -5.71971184e-10
v -0.05178499 0.00757598686 -0.0150589906
v -0.05178499 0.00757598914 0.0150589894
v -0.05394995 0.03347599 -2.52736695e-09
v -0.05178499 0.0334759911 0.0150589875
v -0.05294996 0.03447598 -2.60286409e-09
v -0.05178499 0.0334759889 -0.0150589925
v -0.04546499 0.0334759878 -0.0288969825
v -0.05082595 0.0344759789 -0.0147770026
v -0.04462397 0.0344759779 -0.0283569626
v -0.03484797 0.034475977 -0.0396389926
v -0.02228897 0.0344769864 -0.0477100026
v -0.03550297 0.033475987 -0.0403949625
v -0.022704 0.0334759863 -0.0486199825
v -0.03550297 0.00757598495 -0.0403949606
v -0.04546499 0.00757598582 -0.0288969806
v -0.022704 0.00757598433 -0.0486199806
v -0.008106946 0.00757598401 -0.0529059706
v 0.007106959 0.00757598401 -0.0529059706
v -0.008106946 0.033475986 -0.0529059725
v 0.007106959 0.033475986 -0.0529059725
v -0.007964968 0.0344769861 -0.0519160026
v 0.006963968 0.0344769861 -0.0519160026
v 0.02128797 0.0344769864 -0.0477100026
v 0.03384697 0.034476987 -0.0396389926
v 0.02170395 0.0334759863 -0.0486199825
v 0.02170395 0.00757598433 -0.0486199806
v 0.03450196 0.033475987 -0.0403949625
v 0.044465 0.0334759878 -0.0288969825
v 0.03450196 0.00757598495 -0.0403949606
v 0.044465 0.00757598582 -0.0288969806
v 0.05078399 0.00757598686 -0.0150589906
v 0.05294996 0.007575988 -5.71971184e-10
v 0.05078399 0.0334759889 -0.0150589925
v 0.04982495 0.0344769889 -0.0147770026
v 0.05294996 0.03347694 -2.52743867e-09
v 0.05078399 0.0334759911 0.0150589875
v 0.05194997 0.03447699 -2.60294034e-09
v 0.04982495 0.0344769911 0.0147769974
v 0.04362297 0.0344769921 0.0283569574
v 0.03384697 0.034476993 0.0396389874
v 0.044465 0.0334759922 0.0288969775
v 0.03450196 0.033475993 0.0403949575
v 0.044465 0.00757599018 0.0288969794
v 0.05078399 0.00757598914 0.0150589894
v 0.03450196 0.00757599105 0.0403949594
v 0.02170395 0.00757599167 0.0486199794
v 0.007106959 0.00757599199 0.0529059694
v 0.02170395 0.0334759937 0.0486199775
v 0.007106959 0.033475994 0.0529059675
v 0.02128797 0.0344769936 0.0477099974
v 0.006963968 0.0344769939 0.0519159974
v -0.007964968 0.0344769939 0.0519159974
v -0.02228897 0.0344769936 0.0477099974
v -0.008106946 0.033475994 0.0529059675
v -0.022704 0.0334759937 0.0486199775
v -0.008106946 0.00757599199 0.0529059694
v -0.022704 0.00757599167 0.0486199794
v -0.03550297 0.00757599105 0.0403949594
v -0.03550297 0.033475993 0.0403949575
v -0.04546499 0.00757599018 0.0288969794
v -0.04546499 0.0334759922 0.0288969775
v -0.04462397 0.0344759821 0.0283569574
v -0.05082595 0.0344759811 0.0147769974
v -0.03484797 0.034475983 0.0396389874
v 0.04362297 0.0344769879 -0.0283569626
v -0.000666 0.00757599208 0.0540079394
v 0.014557 0.00757599192 0.0518659894
v -0.01587498 0.00757599191 0.0517729494
v -0.000687 0.00557595861 0.0609999796
v -0.017865 0.00557595841 0.0584759696
v 0.01650595 0.00557595842 0.0585809896
v -0.000687 -0.00342398339 0.0609999803
v 0.01650595 -0.00342398358 0.0585809903
v -0.017865 -0.00342398359 0.0584759703
v -0.000666 -0.00542395892 0.0540079404
v -0.01587498 -0.00542395909 0.0517729504
v 0.014557 -0.00542395908 0.0518659904
v 0.02855896 -0.00542395956 0.0455229804
v 0.03232198 -0.00342398412 0.0514169903
v 0.04020696 -0.00542396032 0.0354920004
v 0.04855799 -0.00542396129 0.0225859804
v 0.04547798 -0.00342398497 0.0400879903
v 0.05490899 -0.00342398607 0.0255099503
v 0.04547798 0.00557595703 0.0400879896
v 0.03232198 0.00557595788 0.0514169896
v 0.04020696 0.00757599068 0.0354919994
v 0.05490899 0.00557595593 0.0255099496
v 0.04855799 0.00757598971 0.0225859794
v 0.059852 0.00557595467 0.00886595158
v 0.05293399 0.00757598859 0.00784999043
v 0.05990499 0.00557595336 -0.00849699942
v 0.059852 -0.00342398733 0.00886595226
v 0.05990499 -0.00342398864 -0.00849699874
v 0.05293399 -0.00542396241 0.00784999141
v 0.05298095 -0.00542396357 -0.00752299959
v 0.04869496 -0.00542396468 -0.0222849796
v 0.04042398 -0.00542396566 -0.0352419596
v 0.05506396 -0.0034239899 -0.0251699597
v 0.04572194 -0.00342399101 -0.0398049897
v 0.05506396 0.0055759521 -0.0251699604
v 0.04869496 0.00757598632 -0.0222849806
v 0.04572194 0.00557595099 -0.0398049904
v 0.04042398 0.00757598534 -0.0352419606
v 0.03263598 0.00557595013 -0.0512149904
v 0.02883797 0.00757598458 -0.0453449406
v 0.01686495 0.00557594959 -0.0584759704
v 0.03263598 -0.00342399187 -0.0512149897
v 0.02883797 -0.00542396642 -0.0453449396
v 0.01686495 -0.00342399241 -0.0584759697
v 0.01487398 -0.00542396691 -0.0517729496
v -0.000314 -0.00342399261 -0.0609999797
v -0.000335 -0.00542396708 -0.0540079396
v -0.01750695 -0.00342399242 -0.0585809897
v -0.000314 0.00557594939 -0.0609999804
v -0.000335 0.00757598392 -0.0540079406
v -0.01750695 0.00557594958 -0.0585809904
v -0.015558 0.00757598408 -0.0518659906
v -0.03332197 0.00557595012 -0.0514169904
v -0.04647898 0.00557595097 -0.0400869804
v -0.02955996 0.00757598456 -0.0455229806
v -0.03332197 -0.00342399188 -0.0514169897
v -0.02955996 -0.00542396644 -0.0455229796
v -0.04647898 -0.00342399103 -0.0400869797
v -0.04120796 -0.00542396568 -0.0354919996
v -0.05590999 -0.00342398993 -0.0255099497
v -0.04955899 -0.00542396471 -0.0225859796
v -0.060853 -0.00342398867 -0.00886595174
v -0.05590999 0.00557595207 -0.0255099504
v -0.04955899 0.00757598629 -0.0225859806
v -0.060853 0.00557595333 -0.00886595242
v -0.05393499 0.00757598741 -0.00784999157
v -0.06090599 0.00557595464 0.00849699858
v -0.05398195 0.00757598857 0.00752299943
v -0.05606496 0.0055759559 0.0251699596
v -0.06090599 -0.00342398736 0.00849699926
v -0.05398195 -0.00542396243 0.00752300041
v -0.05606496 -0.0034239861 0.0251699603
v -0.04969596 -0.00542396132 0.0222849804
v -0.04672294 -0.00342398499 0.0398049903
v -0.04142498 -0.00542396034 0.0352419604
v -0.03363698 -0.00342398413 0.0512149903
v -0.04672294 0.00557595701 0.0398049896
v -0.04142498 0.00757599066 0.0352419594
v -0.03363698 0.00557595787 0.0512149896
v -0.02983796 0.00757599142 0.0453449394
v -0.04969596 0.00757598968 0.0222849794
v -0.02983796 -0.00542395958 0.0453449404
v -0.05393499 -0.00542396359 -0.00784999059
v -0.04120796 0.00757598532 -0.0354920006
v -0.015558 -0.00542396692 -0.0518659896
v 0.01487398 0.00757598409 -0.0517729506
v 0.05298095 0.00757598743 -0.00752300057
v 0.02855896 0.00757599144 0.0455229794
f 2 1 4
f 2 4 6
f 1 2 87
f 1 87 88
f 1 88 74
f 1 74 73
f 1 73 56
f 1 56 55
f 1 55 57
f 1 57 58
f 1 58 59
f 1 59 60
f 1 60 61
f 1 61 62
f 1 62 65
f 1 65 66
f 1 66 67
f 1 67 68
f 1 68 69
f 1 69 71
f 1 71 72
f 1 72 3
f 5 4 1
f 5 1 3
f 8 7 4
f 8 4 5
f 6 4 7
f 6 7 9
f 12 10 7
f 12 7 8
f 10 11 9
f 10 9 7
f 37 38 46
f 37 46 47
f 37 47 48
f 37 48 49
f 37 49 79
f 37 79 80
f 37 80 81
f 37 81 82
f 37 82 11
f 37 11 10
f 37 10 12
f 37 12 13
f 37 13 14
f 37 14 22
f 37 22 23
f 37 23 24
f 37 24 25
f 37 25 33
f 37 33 34
f 37 34 35
f 13 12 8
f 13 8 15
f 14 13 15
f 14 15 17
f 5 16 15
f 5 15 8
f 16 18 17
f 16 17 15
f 18 21 19
f 18 19 17
f 22 14 17
f 22 17 19
f 23 22 19
f 23 19 20
f 21 70 20
f 21 20 19
f 24 23 20
f 24 20 26
f 25 24 26
f 25 26 28
f 70 27 26
f 70 26 20
f 27 29 28
f 27 28 26
f 29 32 30
f 29 30 28
f 33 25 28
f 33 28 30
f 34 33 30
f 34 30 31
f 32 64 31
f 32 31 30
f 35 34 31
f 35 31 36
f 36 39 37
f 36 37 35
f 38 37 39
f 38 39 41
f 63 40 39
f 63 39 36
f 40 42 41
f 40 41 39
f 42 44 43
f 42 43 41
f 46 38 41
f 46 41 43
f 44 53 45
f 44 45 43
f 47 46 43
f 47 43 45
f 48 47 45
f 48 45 50
f 49 48 50
f 49 50 51
f 53 52 50
f 53 50 45
f 52 54 51
f 52 51 50
f 52 53 57
f 52 57 55
f 54 52 55
f 54 55 56
f 53 44 58
f 53 58 57
f 44 42 59
f 44 59 58
f 42 40 60
f 42 60 59
f 40 63 61
f 40 61 60
f 63 64 62
f 63 62 61
f 64 63 36
f 64 36 31
f 64 32 65
f 64 65 62
f 32 29 66
f 32 66 65
f 29 27 67
f 29 67 66
f 27 70 68
f 27 68 67
f 70 21 69
f 70 69 68
f 21 18 71
f 21 71 69
f 18 16 72
f 18 72 71
f 16 5 3
f 16 3 72
f 75 54 56
f 75 56 73
f 76 75 73
f 76 73 74
f 54 75 77
f 54 77 51
f 75 76 78
f 75 78 77
f 80 79 77
f 80 77 78
f 79 49 51
f 79 51 77
f 81 80 78
f 81 78 83
f 82 81 83
f 82 83 85
f 76 84 83
f 76 83 78
f 84 86 85
f 84 85 83
f 86 6 9
f 86 9 85
f 11 82 85
f 11 85 9
f 86 84 88
f 86 88 87
f 6 86 87
f 6 87 2
f 84 76 74
f 84 74 88
f 627 90 89
f 627 89 91
f 92 89 90
f 92 90 94
f 106 107 108
f 106 108 110
f 106 110 111
f 106 111 117
f 106 117 121
f 106 121 125
f 106 125 126
f 106 126 127
f 106 127 128
f 106 128 1232
f 106 1232 1231
f 106 1231 1230
f 106 1230 1228
f 106 1228 1227
f 106 1227 1183
f 106 1183 283
f 106 283 282
f 106 282 284
f 106 284 285
f 106 285 286
f 106 286 613
f 106 613 611
f 106 611 614
f 106 614 605
f 106 605 598
f 106 598 597
f 106 597 596
f 106 596 594
f 106 594 595
f 106 595 616
f 106 616 623
f 106 623 626
f 106 626 91
f 106 91 89
f 106 89 92
f 106 92 93
f 94 95 93
f 94 93 92
f 96 99 95
f 96 95 94
f 94 90 97
f 94 97 96
f 96 97 635
f 96 635 98
f 99 96 98
f 99 98 100
f 100 102 101
f 100 101 99
f 99 101 104
f 99 104 95
f 102 1078 103
f 102 103 101
f 105 104 101
f 105 101 103
f 107 106 104
f 107 104 105
f 95 104 106
f 95 106 93
f 108 107 105
f 108 105 109
f 109 112 110
f 109 110 108
f 112 114 111
f 112 111 110
f 1079 113 112
f 1079 112 109
f 113 115 114
f 113 114 112
f 114 116 117
f 114 117 111
f 115 118 116
f 115 116 114
f 121 117 116
f 121 116 119
f 119 116 118
f 119 118 120
f 122 119 120
f 122 120 124
f 125 121 119
f 125 119 122
f 123 122 124
f 123 124 1075
f 126 125 122
f 126 122 123
f 123 129 127
f 123 127 126
f 129 131 128
f 129 128 127
f 1075 130 129
f 1075 129 123
f 130 133 131
f 130 131 129
f 132 131 133
f 132 133 134
f 1232 128 131
f 1232 131 132
f 134 133 135
f 134 135 137
f 133 130 136
f 133 136 135
f 154 153 148
f 154 148 141
f 154 141 140
f 154 140 138
f 154 138 137
f 154 137 135
f 154 135 136
f 154 136 1074
f 154 1074 1073
f 154 1073 1072
f 154 1072 988
f 154 988 987
f 154 987 989
f 154 989 990
f 154 990 1069
f 154 1069 1068
f 137 138 139
f 137 139 134
f 138 140 142
f 138 142 139
f 144 142 140
f 144 140 141
f 139 142 143
f 139 143 1233
f 146 143 142
f 146 142 144
f 146 144 145
f 141 148 147
f 141 147 145
f 141 145 144
f 150 1229 146
f 150 146 145
f 150 145 147
f 150 147 149
f 148 153 151
f 148 151 149
f 148 149 147
f 1185 1187 150
f 1185 150 149
f 1185 149 151
f 1185 151 152
f 1185 152 1189
f 1185 1189 1186
f 152 151 153
f 152 153 155
f 156 155 153
f 156 153 154
f 156 154 157
f 159 1190 152
f 159 152 155
f 159 155 156
f 159 156 158
f 157 1021 161
f 157 161 160
f 157 160 158
f 157 158 156
f 158 160 162
f 158 162 163
f 158 163 1193
f 158 1193 159
f 161 1025 165
f 161 165 164
f 161 164 162
f 161 162 160
f 162 164 166
f 162 166 167
f 162 167 163
f 165 1045 169
f 165 169 168
f 165 168 166
f 165 166 164
f 166 168 170
f 166 170 171
f 166 171 1195
f 166 1195 167
f 169 175 174
f 169 174 172
f 169 172 170
f 169 170 168
f 170 172 173
f 170 173 1200
f 170 1200 1199
f 170 1199 1201
f 170 1201 1203
f 170 1203 1204
f 170 1204 1205
f 170 1205 1206
f 170 1206 1207
f 170 1207 1208
f 170 1208 1209
f 170 1209 1210
f 170 1210 1211
f 170 1211 1212
f 170 1212 1213
f 170 1213 1214
f 170 1214 1215
f 170 1215 1216
f 170 1216 1217
f 170 1217 1218
f 170 1218 1219
f 170 1219 1220
f 170 1220 1221
f 170 1221 1222
f 170 1222 1223
f 170 1223 1224
f 170 1224 1225
f 170 1225 1226
f 170 1226 171
f 174 176 177
f 174 177 197
f 174 197 173
f 174 173 172
f 1048 1049 1050
f 1048 1050 1051
f 1048 1051 1052
f 1048 1052 1053
f 1048 1053 1054
f 1048 1054 1055
f 1048 1055 1056
f 1048 1056 1058
f 1048 1058 1059
f 1048 1059 1060
f 1048 1060 1061
f 1048 1061 1062
f 1048 1062 1063
f 1048 1063 1065
f 1048 1065 1066
f 1048 1066 1067
f 1048 1067 179
f 1048 179 178
f 1048 178 176
f 1048 176 174
f 1048 174 175
f 178 181 177
f 178 177 176
f 1047 180 178
f 1047 178 179
f 1047 179 1067
f 1047 1067 1066
f 1047 1066 1065
f 1047 1065 1064
f 1047 1064 1062
f 1047 1062 1061
f 1047 1061 1060
f 1047 1060 1059
f 1047 1059 1058
f 1047 1058 1057
f 1047 1057 1055
f 1047 1055 1054
f 1047 1054 1053
f 1047 1053 1052
f 1047 1052 1051
f 1047 1051 1050
f 1047 1050 1049
f 1047 1049 1048
f 1047 1048 1046
f 182 181 178
f 182 178 180
f 182 180 933
f 182 933 931
f 182 931 183
f 177 181 182
f 177 182 184
f 177 184 186
f 177 186 187
f 177 187 191
f 177 191 193
f 183 1087 185
f 183 185 184
f 183 184 182
f 184 185 189
f 184 189 188
f 184 188 186
f 187 186 188
f 922 190 187
f 922 187 188
f 922 188 189
f 922 189 185
f 922 185 1087
f 922 1087 925
f 192 191 187
f 192 187 190
f 193 191 192
f 193 192 920
f 193 920 919
f 193 919 231
f 193 231 227
f 193 227 223
f 193 223 195
f 193 195 194
f 194 196 197
f 194 197 177
f 194 177 193
f 196 194 195
f 196 195 200
f 196 200 198
f 198 199 1202
f 198 1202 197
f 198 197 196
f 199 198 200
f 199 200 201
f 199 201 275
f 222 221 220
f 222 220 219
f 222 219 218
f 222 218 217
f 222 217 216
f 222 216 215
f 222 215 214
f 222 214 213
f 222 213 211
f 222 211 210
f 222 210 209
f 222 209 208
f 222 208 206
f 222 206 205
f 222 205 204
f 222 204 203
f 222 203 202
f 222 202 200
f 222 200 195
f 222 195 223
f 225 270 201
f 225 201 200
f 225 200 202
f 225 202 203
f 225 203 204
f 225 204 205
f 225 205 207
f 225 207 208
f 225 208 209
f 225 209 210
f 225 210 212
f 225 212 213
f 225 213 214
f 225 214 215
f 225 215 216
f 225 216 217
f 225 217 218
f 225 218 219
f 225 219 220
f 225 220 221
f 225 221 222
f 225 222 224
f 223 227 226
f 223 226 224
f 223 224 222
f 224 226 228
f 224 228 229
f 224 229 225
f 227 231 230
f 227 230 228
f 227 228 226
f 228 230 232
f 228 232 234
f 228 234 229
f 911 912 233
f 911 233 232
f 911 232 230
f 911 230 231
f 911 231 919
f 911 919 917
f 911 917 914
f 911 914 913
f 232 233 912
f 232 912 235
f 232 235 234
f 234 235 906
f 234 906 237
f 234 237 236
f 229 234 236
f 229 236 238
f 229 238 240
f 905 391 387
f 905 387 381
f 905 381 239
f 905 239 238
f 905 238 236
f 905 236 237
f 905 237 906
f 905 906 904
f 241 240 238
f 241 238 239
f 241 239 242
f 225 229 240
f 225 240 241
f 225 241 243
f 244 243 241
f 244 241 242
f 244 242 245
f 243 244 246
f 243 246 247
f 243 247 248
f 243 248 249
f 243 249 250
f 243 250 251
f 243 251 252
f 243 252 253
f 243 253 254
f 243 254 256
f 243 256 257
f 243 257 258
f 243 258 259
f 243 259 261
f 243 261 262
f 243 262 263
f 243 263 264
f 243 264 265
f 243 265 266
f 243 266 269
f 243 269 270
f 243 270 225
f 245 267 266
f 245 266 265
f 245 265 264
f 245 264 263
f 245 263 262
f 245 262 260
f 245 260 259
f 245 259 258
f 245 258 257
f 245 257 255
f 245 255 254
f 245 254 253
f 245 253 252
f 245 252 251
f 245 251 250
f 245 250 249
f 245 249 248
f 245 248 247
f 245 247 246
f 245 246 244
f 268 266 267
f 268 267 379
f 268 379 328
f 271 269 266
f 271 266 268
f 271 268 272
f 271 274 270
f 271 270 269
f 273 271 272
f 273 272 326
f 273 326 324
f 273 324 293
f 271 273 277
f 271 277 276
f 271 276 274
f 201 270 274
f 201 274 275
f 274 276 278
f 274 278 1198
f 274 1198 275
f 290 281 279
f 290 279 276
f 290 276 277
f 290 277 291
f 1197 278 276
f 1197 276 279
f 1197 279 280
f 1184 280 279
f 1184 279 282
f 1184 282 283
f 284 282 279
f 284 279 281
f 281 290 287
f 281 287 285
f 281 285 284
f 287 289 286
f 287 286 285
f 291 292 294
f 291 294 295
f 291 295 288
f 291 288 287
f 291 287 290
f 289 287 288
f 289 288 615
f 273 293 292
f 273 292 291
f 273 291 277
f 294 292 293
f 294 293 324
f 294 324 323
f 294 323 322
f 294 322 321
f 294 321 320
f 294 320 319
f 294 319 318
f 294 318 317
f 294 317 316
f 294 316 315
f 294 315 314
f 294 314 313
f 294 313 312
f 294 312 311
f 294 311 310
f 294 310 309
f 294 309 308
f 294 308 307
f 294 307 306
f 294 306 305
f 294 305 304
f 294 304 303
f 294 303 302
f 294 302 301
f 294 301 300
f 294 300 299
f 294 299 298
f 294 298 296
f 296 297 336
f 296 336 295
f 296 295 294
f 297 296 298
f 297 298 299
f 297 299 300
f 297 300 301
f 297 301 302
f 297 302 303
f 297 303 304
f 297 304 305
f 297 305 306
f 297 306 307
f 297 307 308
f 297 308 309
f 297 309 310
f 297 310 311
f 297 311 312
f 297 312 313
f 297 313 314
f 297 314 315
f 297 315 316
f 297 316 317
f 297 317 318
f 297 318 319
f 297 319 320
f 297 320 321
f 297 321 322
f 297 322 323
f 297 323 324
f 297 324 325
f 297 325 330
f 297 330 331
f 297 331 333
f 327 330 325
f 327 325 324
f 327 324 326
f 328 327 326
f 328 326 272
f 328 272 268
f 378 329 327
f 378 327 328
f 378 328 379
f 331 330 327
f 331 327 329
f 331 329 366
f 331 366 332
f 332 337 335
f 332 335 334
f 332 334 333
f 332 333 331
f 333 334 336
f 333 336 297
f 335 338 340
f 335 340 341
f 335 341 1130
f 335 1130 1129
f 335 1129 1127
f 335 1127 295
f 335 295 336
f 335 336 334
f 345 1164 1165
f 345 1165 1166
f 345 1166 1167
f 345 1167 1168
f 345 1168 1169
f 345 1169 1170
f 345 1170 1172
f 345 1172 1173
f 345 1173 1174
f 345 1174 1175
f 345 1175 1177
f 345 1177 1178
f 345 1178 1179
f 345 1179 1180
f 345 1180 1181
f 345 1181 1182
f 345 1182 339
f 345 339 338
f 345 338 335
f 345 335 337
f 342 340 338
f 342 338 339
f 342 339 1182
f 342 1182 1181
f 342 1181 1180
f 342 1180 1179
f 342 1179 1178
f 342 1178 1176
f 342 1176 1175
f 342 1175 1174
f 342 1174 1173
f 342 1173 1172
f 342 1172 1171
f 342 1171 1169
f 342 1169 1168
f 342 1168 1167
f 342 1167 1166
f 342 1166 1165
f 342 1165 1164
f 342 1164 345
f 342 345 344
f 1130 341 340
f 1130 340 342
f 1130 342 343
f 1130 343 1131
f 344 346 347
f 344 347 348
f 344 348 349
f 344 349 350
f 344 350 352
f 344 352 353
f 344 353 354
f 344 354 356
f 344 356 357
f 344 357 358
f 344 358 359
f 344 359 360
f 344 360 361
f 344 361 362
f 344 362 363
f 344 363 364
f 344 364 365
f 344 365 343
f 344 343 342
f 337 332 366
f 337 366 365
f 337 365 364
f 337 364 363
f 337 363 362
f 337 362 361
f 337 361 360
f 337 360 359
f 337 359 358
f 337 358 357
f 337 357 355
f 337 355 354
f 337 354 353
f 337 353 351
f 337 351 350
f 337 350 349
f 337 349 348
f 337 348 347
f 337 347 346
f 337 346 344
f 337 344 345
f 369 1116 1115
f 369 1115 343
f 369 343 365
f 369 365 367
f 369 367 368
f 366 329 367
f 366 367 365
f 376 374 372
f 376 372 370
f 376 370 368
f 376 368 367
f 376 367 329
f 376 329 378
f 368 370 371
f 368 371 1133
f 368 1133 369
f 372 373 1163
f 372 1163 371
f 372 371 370
f 373 372 374
f 1132 1133 371
f 1132 371 1163
f 1132 1163 373
f 1132 373 374
f 1132 374 375
f 1132 375 383
f 375 374 376
f 375 376 377
f 379 267 245
f 379 245 242
f 379 242 239
f 379 239 381
f 379 381 380
f 379 380 377
f 379 377 376
f 379 376 378
f 382 383 375
f 382 375 377
f 382 377 380
f 380 381 387
f 380 387 386
f 380 386 384
f 380 384 382
f 385 1132 383
f 385 383 382
f 385 382 384
f 388 385 384
f 388 384 386
f 388 386 387
f 388 387 391
f 388 391 390
f 388 389 1109
f 388 1109 385
f 389 388 390
f 389 390 392
f 391 905 907
f 391 907 908
f 391 908 909
f 391 909 889
f 391 889 888
f 391 888 886
f 391 886 885
f 391 885 884
f 391 884 401
f 391 401 395
f 391 395 393
f 391 393 392
f 391 392 390
f 389 392 393
f 389 393 394
f 1105 1107 394
f 1105 394 393
f 1105 393 396
f 1105 396 397
f 396 393 395
f 396 395 398
f 1101 1102 397
f 1101 397 396
f 1101 396 398
f 1101 398 399
f 400 402 399
f 400 399 398
f 395 401 400
f 395 400 398
f 403 400 401
f 403 401 406
f 403 405 402
f 403 402 400
f 403 406 407
f 403 407 404
f 405 403 404
f 405 404 1135
f 405 1135 1134
f 405 1134 1095
f 407 406 401
f 407 401 884
f 407 884 880
f 407 880 878
f 407 878 876
f 407 876 874
f 407 874 1088
f 407 1088 434
f 407 434 433
f 407 433 431
f 407 431 429
f 407 429 430
f 407 430 408
f 409 407 408
f 409 408 410
f 1135 404 407
f 1135 407 409
f 1135 409 411
f 1135 411 412
f 413 411 409
f 413 409 410
f 413 410 415
f 411 413 414
f 411 414 575
f 411 575 412
f 568 576 414
f 568 414 413
f 568 413 415
f 568 415 416
f 418 416 415
f 418 415 417
f 417 415 410
f 417 410 419
f 420 422 423
f 420 423 418
f 420 418 417
f 421 420 417
f 421 417 419
f 422 420 421
f 422 421 428
f 422 428 426
f 422 426 424
f 424 425 1142
f 424 1142 423
f 424 423 422
f 460 1141 425
f 460 425 424
f 460 424 426
f 460 426 427
f 460 427 454
f 460 454 455
f 460 455 457
f 460 457 459
f 432 446 447
f 432 447 448
f 432 448 449
f 432 449 427
f 432 427 426
f 432 426 428
f 432 428 429
f 432 429 431
f 430 429 428
f 430 428 421
f 430 421 419
f 435 437 432
f 435 432 431
f 435 431 433
f 1089 436 435
f 1089 435 433
f 1089 433 434
f 437 435 436
f 437 436 440
f 437 440 438
f 438 441 432
f 438 432 437
f 438 440 872
f 438 872 868
f 438 868 439
f 439 442 441
f 439 441 438
f 445 443 441
f 445 441 442
f 432 441 443
f 432 443 446
f 448 447 446
f 448 446 443
f 448 443 444
f 444 443 445
f 444 445 787
f 444 787 786
f 450 449 448
f 450 448 444
f 450 444 451
f 454 427 449
f 454 449 450
f 454 450 452
f 453 452 450
f 453 450 451
f 453 451 752
f 455 454 452
f 455 452 453
f 455 453 456
f 456 1162 1161
f 456 1161 1160
f 456 1160 1159
f 456 1159 1158
f 456 1158 1157
f 456 1157 1156
f 456 1156 1155
f 456 1155 1154
f 456 1154 1152
f 456 1152 1151
f 456 1151 1150
f 456 1150 1149
f 456 1149 1147
f 456 1147 1146
f 456 1146 1145
f 456 1145 1144
f 456 1144 1143
f 456 1143 458
f 456 458 457
f 456 457 455
f 461 459 457
f 461 457 458
f 461 458 463
f 459 461 462
f 459 462 561
f 459 561 460
f 463 464 465
f 463 465 462
f 463 462 461
f 464 463 458
f 464 458 467
f 464 467 466
f 471 473 465
f 471 465 464
f 471 464 466
f 471 466 469
f 467 751 468
f 467 468 466
f 468 618 470
f 468 470 469
f 468 469 466
f 470 1090 472
f 470 472 471
f 470 471 469
f 501 500 499
f 501 499 498
f 501 498 497
f 501 497 496
f 501 496 495
f 501 495 494
f 501 494 493
f 501 493 492
f 501 492 491
f 501 491 490
f 501 490 489
f 501 489 488
f 501 488 487
f 501 487 486
f 501 486 485
f 501 485 484
f 501 484 483
f 501 483 482
f 501 482 481
f 501 481 480
f 501 480 479
f 501 479 478
f 501 478 477
f 501 477 476
f 501 476 475
f 501 475 473
f 501 473 471
f 501 471 472
f 501 472 502
f 465 473 474
f 465 474 508
f 465 508 462
f 505 507 508
f 505 508 474
f 505 474 473
f 505 473 475
f 505 475 476
f 505 476 477
f 505 477 478
f 505 478 479
f 505 479 480
f 505 480 481
f 505 481 482
f 505 482 483
f 505 483 484
f 505 484 485
f 505 485 486
f 505 486 487
f 505 487 488
f 505 488 489
f 505 489 490
f 505 490 491
f 505 491 492
f 505 492 493
f 505 493 494
f 505 494 495
f 505 495 496
f 505 496 497
f 505 497 498
f 505 498 499
f 505 499 500
f 505 500 501
f 505 501 503
f 502 587 504
f 502 504 503
f 502 503 501
f 503 504 506
f 503 506 505
f 507 505 506
f 507 506 513
f 507 513 511
f 507 511 509
f 509 510 561
f 509 561 462
f 509 462 508
f 509 508 507
f 512 539 540
f 512 540 541
f 512 541 542
f 512 542 543
f 512 543 544
f 512 544 546
f 512 546 547
f 512 547 548
f 512 548 549
f 512 549 551
f 512 551 552
f 512 552 553
f 512 553 554
f 512 554 555
f 512 555 556
f 512 556 557
f 512 557 558
f 512 558 559
f 512 559 510
f 512 510 509
f 512 509 511
f 511 513 514
f 511 514 516
f 511 516 517
f 511 517 518
f 511 518 519
f 511 519 520
f 511 520 521
f 511 521 522
f 511 522 524
f 511 524 525
f 511 525 526
f 511 526 527
f 511 527 528
f 511 528 530
f 511 530 531
f 511 531 532
f 511 532 533
f 511 533 534
f 511 534 535
f 511 535 512
f 585 586 1091
f 585 1091 536
f 585 536 515
f 585 515 514
f 585 514 513
f 585 513 506
f 585 506 504
f 585 504 587
f 539 512 535
f 539 535 534
f 539 534 533
f 539 533 532
f 539 532 531
f 539 531 530
f 539 530 529
f 539 529 527
f 539 527 526
f 539 526 525
f 539 525 524
f 539 524 523
f 539 523 521
f 539 521 520
f 539 520 519
f 539 519 518
f 539 518 517
f 539 517 516
f 539 516 514
f 539 514 515
f 539 515 537
f 1092 538 537
f 1092 537 515
f 1092 515 536
f 1092 536 1091
f 537 538 559
f 537 559 558
f 537 558 557
f 537 557 556
f 537 556 555
f 537 555 554
f 537 554 553
f 537 553 552
f 537 552 551
f 537 551 550
f 537 550 548
f 537 548 547
f 537 547 545
f 537 545 544
f 537 544 543
f 537 543 542
f 537 542 541
f 537 541 540
f 537 540 539
f 559 560 561
f 559 561 510
f 562 560 559
f 562 559 538
f 562 538 567
f 562 567 566
f 562 566 564
f 561 560 562
f 561 562 563
f 561 563 1140
f 561 1140 1139
f 561 1139 1141
f 561 1141 460
f 564 565 1136
f 564 1136 563
f 564 563 562
f 565 564 566
f 565 566 416
f 565 416 418
f 566 567 568
f 566 568 416
f 576 568 567
f 576 567 569
f 576 569 571
f 576 571 573
f 569 567 538
f 569 538 1092
f 569 1092 570
f 570 1093 572
f 570 572 571
f 570 571 569
f 571 572 574
f 571 574 573
f 574 577 575
f 574 575 573
f 414 576 573
f 414 573 575
f 577 578 412
f 577 412 575
f 581 579 577
f 581 577 574
f 579 580 578
f 579 578 577
f 587 588 589
f 587 589 602
f 587 602 606
f 587 606 607
f 587 607 608
f 587 608 609
f 587 609 615
f 587 615 288
f 587 288 295
f 587 295 1127
f 587 1127 1124
f 587 1124 1123
f 587 1123 1125
f 587 1125 1126
f 587 1126 1100
f 587 1100 1099
f 587 1099 1098
f 587 1098 1097
f 587 1097 1096
f 587 1096 1094
f 587 1094 580
f 587 580 579
f 587 579 581
f 587 581 582
f 587 582 583
f 587 583 585
f 572 582 581
f 572 581 574
f 1093 584 583
f 1093 583 582
f 1093 582 572
f 586 585 583
f 586 583 584
f 593 592 590
f 593 590 588
f 593 588 587
f 593 587 502
f 593 502 472
f 593 472 1090
f 589 588 590
f 589 590 591
f 589 591 600
f 594 596 591
f 594 591 590
f 594 590 592
f 592 593 617
f 592 617 595
f 592 595 594
f 596 597 599
f 596 599 600
f 596 600 591
f 597 598 601
f 597 601 599
f 602 589 600
f 602 600 599
f 602 599 601
f 598 605 603
f 598 603 601
f 601 603 606
f 601 606 602
f 607 606 603
f 607 603 604
f 604 603 605
f 604 605 614
f 604 610 608
f 604 608 607
f 609 608 610
f 609 610 612
f 612 610 611
f 612 611 613
f 614 611 610
f 614 610 604
f 289 612 613
f 289 613 286
f 612 289 615
f 612 615 609
f 616 595 617
f 616 617 619
f 620 619 617
f 620 617 618
f 620 618 788
f 620 788 621
f 1090 470 618
f 1090 618 617
f 1090 617 593
f 619 620 622
f 619 622 623
f 619 623 616
f 621 789 790
f 621 790 792
f 621 792 794
f 621 794 624
f 621 624 622
f 621 622 620
f 622 625 626
f 622 626 623
f 624 833 796
f 624 796 629
f 624 629 628
f 624 628 625
f 624 625 622
f 625 627 91
f 625 91 626
f 628 630 632
f 628 632 627
f 628 627 625
f 630 628 629
f 630 629 636
f 630 636 631
f 633 632 630
f 633 630 631
f 633 631 634
f 632 633 97
f 632 97 90
f 632 90 627
f 634 635 97
f 634 97 633
f 641 643 644
f 641 644 986
f 641 986 987
f 641 987 988
f 641 988 1071
f 641 1071 1076
f 641 1076 1077
f 641 1077 1078
f 641 1078 102
f 641 102 100
f 641 100 98
f 641 98 635
f 641 635 634
f 641 634 631
f 641 631 636
f 641 636 638
f 640 638 636
f 640 636 637
f 640 637 799
f 637 636 629
f 637 629 796
f 810 812 639
f 810 639 638
f 810 638 640
f 810 640 811
f 639 642 641
f 639 641 638
f 643 641 642
f 643 642 645
f 644 643 645
f 644 645 646
f 985 646 645
f 985 645 647
f 985 647 648
f 985 648 1080
f 645 642 649
f 645 649 647
f 650 652 648
f 650 648 647
f 650 647 649
f 650 649 653
f 652 650 651
f 652 651 975
f 651 650 653
f 651 653 655
f 653 649 813
f 653 813 706
f 653 706 705
f 653 705 703
f 653 703 654
f 655 653 654
f 655 654 862
f 655 862 658
f 655 658 657
f 651 655 656
f 651 656 1081
f 657 659 656
f 657 656 655
f 662 660 659
f 662 659 657
f 662 657 658
f 961 958 956
f 961 956 968
f 961 968 971
f 961 971 972
f 961 972 1081
f 961 1081 656
f 961 656 659
f 961 659 660
f 961 660 661
f 961 661 963
f 961 963 962
f 664 661 660
f 664 660 662
f 859 663 662
f 859 662 658
f 859 658 862
f 666 664 662
f 666 662 663
f 666 668 665
f 666 665 664
f 664 665 963
f 664 963 661
f 666 663 859
f 666 859 704
f 666 704 860
f 666 860 667
f 668 666 667
f 668 667 670
f 669 668 670
f 669 670 671
f 669 671 673
f 668 669 964
f 668 964 665
f 861 672 671
f 861 671 670
f 861 670 667
f 861 667 860
f 672 676 674
f 672 674 673
f 672 673 671
f 669 673 674
f 669 674 675
f 669 675 966
f 669 966 965
f 676 677 675
f 676 675 674
f 678 676 672
f 678 672 679
f 676 678 680
f 676 680 677
f 678 679 683
f 678 683 681
f 678 681 682
f 678 682 865
f 678 865 680
f 685 784 682
f 685 682 681
f 685 681 683
f 685 683 684
f 679 687 686
f 679 686 684
f 679 684 683
f 684 686 688
f 684 688 689
f 684 689 685
f 687 863 695
f 687 695 864
f 687 864 692
f 687 692 690
f 687 690 688
f 687 688 686
f 688 690 691
f 688 691 689
f 691 690 693
f 691 693 694
f 691 694 696
f 691 696 698
f 691 698 699
f 691 699 781
f 692 693 690
f 693 692 864
f 693 864 695
f 693 695 694
f 696 694 695
f 696 695 863
f 696 863 697
f 697 858 704
f 697 704 703
f 697 703 700
f 697 700 698
f 697 698 696
f 701 699 698
f 701 698 700
f 710 730 701
f 710 701 700
f 710 700 702
f 710 702 729
f 710 729 728
f 710 728 727
f 710 727 725
f 710 725 724
f 710 724 723
f 710 723 722
f 710 722 721
f 710 721 720
f 710 720 718
f 710 718 717
f 710 717 716
f 710 716 715
f 710 715 714
f 710 714 713
f 710 713 712
f 710 712 711
f 710 711 709
f 707 709 711
f 707 711 712
f 707 712 713
f 707 713 714
f 707 714 715
f 707 715 716
f 707 716 717
f 707 717 719
f 707 719 720
f 707 720 721
f 707 721 722
f 707 722 723
f 707 723 724
f 707 724 726
f 707 726 727
f 707 727 728
f 707 728 729
f 707 729 702
f 707 702 700
f 707 700 703
f 707 703 705
f 862 654 703
f 862 703 704
f 862 704 859
f 809 807 808
f 809 808 814
f 809 814 815
f 809 815 816
f 809 816 817
f 809 817 818
f 809 818 819
f 809 819 820
f 809 820 821
f 809 821 822
f 809 822 824
f 809 824 825
f 809 825 826
f 809 826 828
f 809 828 829
f 809 829 830
f 809 830 831
f 809 831 708
f 809 708 707
f 809 707 705
f 809 705 706
f 709 707 708
f 709 708 732
f 709 732 731
f 709 731 710
f 733 735 737
f 733 737 730
f 733 730 710
f 733 710 731
f 804 734 733
f 804 733 731
f 804 731 732
f 804 732 805
f 832 791 736
f 832 736 735
f 832 735 733
f 832 733 734
f 736 857 856
f 736 856 855
f 736 855 854
f 736 854 853
f 736 853 852
f 736 852 851
f 736 851 850
f 736 850 849
f 736 849 848
f 736 848 847
f 736 847 846
f 736 846 845
f 736 845 844
f 736 844 843
f 736 843 842
f 736 842 841
f 736 841 840
f 736 840 839
f 736 839 838
f 736 838 837
f 736 837 836
f 736 836 835
f 736 835 834
f 736 834 742
f 736 742 741
f 736 741 740
f 736 740 738
f 736 738 737
f 736 737 735
f 737 738 739
f 737 739 699
f 737 699 701
f 737 701 730
f 739 738 740
f 739 740 741
f 739 741 744
f 790 789 743
f 790 743 741
f 790 741 742
f 790 742 834
f 790 834 835
f 790 835 836
f 790 836 837
f 790 837 838
f 790 838 839
f 790 839 840
f 790 840 841
f 790 841 842
f 790 842 843
f 790 843 844
f 790 844 845
f 790 845 846
f 790 846 847
f 790 847 848
f 790 848 849
f 790 849 850
f 790 850 851
f 790 851 852
f 790 852 853
f 790 853 854
f 790 854 855
f 790 855 856
f 790 856 857
f 790 857 736
f 790 736 791
f 748 747 745
f 748 745 744
f 748 744 741
f 748 741 743
f 780 739 744
f 780 744 745
f 780 745 746
f 747 749 750
f 747 750 746
f 747 746 745
f 747 748 788
f 747 788 618
f 747 618 468
f 747 468 751
f 747 751 749
f 753 755 757
f 753 757 758
f 753 758 759
f 753 759 760
f 753 760 761
f 753 761 762
f 753 762 763
f 753 763 764
f 753 764 765
f 753 765 767
f 753 767 768
f 753 768 769
f 753 769 770
f 753 770 772
f 753 772 773
f 753 773 774
f 753 774 775
f 753 775 776
f 753 776 750
f 753 750 749
f 753 749 751
f 753 751 752
f 752 751 467
f 752 467 458
f 752 458 1143
f 752 1143 1144
f 752 1144 1145
f 752 1145 1146
f 752 1146 1148
f 752 1148 1149
f 752 1149 1150
f 752 1150 1151
f 752 1151 1153
f 752 1153 1154
f 752 1154 1155
f 752 1155 1156
f 752 1156 1157
f 752 1157 1158
f 752 1158 1159
f 752 1159 1160
f 752 1160 1161
f 752 1161 1162
f 752 1162 456
f 752 456 453
f 752 451 785
f 752 785 754
f 752 754 753
f 755 753 754
f 755 754 777
f 755 777 756
f 756 778 750
f 756 750 776
f 756 776 775
f 756 775 774
f 756 774 773
f 756 773 771
f 756 771 770
f 756 770 769
f 756 769 768
f 756 768 766
f 756 766 765
f 756 765 764
f 756 764 763
f 756 763 762
f 756 762 761
f 756 761 760
f 756 760 759
f 756 759 758
f 756 758 757
f 756 757 755
f 779 778 756
f 779 756 777
f 779 777 782
f 779 782 784
f 779 784 685
f 779 685 689
f 779 689 691
f 779 691 781
f 746 750 778
f 746 778 779
f 746 779 780
f 781 699 739
f 781 739 780
f 781 780 779
f 754 785 783
f 754 783 782
f 754 782 777
f 866 865 682
f 866 682 784
f 866 784 782
f 866 782 783
f 866 783 786
f 866 786 787
f 866 787 445
f 866 445 442
f 451 444 786
f 451 786 783
f 451 783 785
f 748 743 789
f 748 789 621
f 748 621 788
f 791 832 803
f 791 803 793
f 791 793 792
f 791 792 790
f 793 797 795
f 793 795 794
f 793 794 792
f 795 796 833
f 795 833 624
f 795 624 794
f 798 799 637
f 798 637 796
f 798 796 795
f 798 795 797
f 797 793 803
f 797 803 802
f 797 802 800
f 797 800 798
f 799 798 800
f 799 800 801
f 799 801 811
f 799 811 640
f 800 802 804
f 800 804 805
f 800 805 806
f 800 806 801
f 803 832 734
f 803 734 804
f 803 804 802
f 708 831 830
f 708 830 829
f 708 829 827
f 708 827 826
f 708 826 825
f 708 825 823
f 708 823 822
f 708 822 821
f 708 821 820
f 708 820 819
f 708 819 818
f 708 818 817
f 708 817 816
f 708 816 815
f 708 815 814
f 708 814 808
f 708 808 807
f 708 807 806
f 708 806 805
f 708 805 732
f 807 809 810
f 807 810 811
f 807 811 801
f 807 801 806
f 812 810 809
f 812 809 706
f 812 706 813
f 813 649 642
f 813 642 639
f 813 639 812
f 861 860 704
f 861 704 858
f 687 861 858
f 687 858 697
f 687 697 863
f 679 672 861
f 679 861 687
f 865 866 867
f 865 867 869
f 865 869 870
f 865 870 873
f 865 873 875
f 865 875 877
f 865 877 879
f 865 879 881
f 865 881 882
f 865 882 1083
f 865 1083 675
f 865 675 677
f 865 677 680
f 867 866 442
f 867 442 439
f 867 439 868
f 869 867 868
f 869 868 872
f 869 872 871
f 871 870 869
f 873 870 871
f 873 871 872
f 873 872 440
f 873 440 436
f 873 436 1089
f 873 1089 1088
f 873 1088 874
f 875 873 874
f 875 874 876
f 877 875 876
f 877 876 878
f 879 877 878
f 879 878 880
f 880 884 881
f 880 881 879
f 949 953 882
f 949 882 881
f 949 881 883
f 949 883 887
f 949 887 890
f 949 890 891
f 949 891 892
f 949 892 893
f 949 893 915
f 949 915 913
f 949 913 914
f 949 914 916
f 949 916 1084
f 883 881 884
f 883 884 885
f 885 886 887
f 885 887 883
f 886 888 890
f 886 890 887
f 888 889 891
f 888 891 890
f 889 909 910
f 889 910 898
f 889 898 897
f 889 897 895
f 889 895 894
f 889 894 892
f 889 892 891
f 893 892 894
f 894 895 896
f 894 896 915
f 894 915 893
f 900 896 895
f 900 895 897
f 900 897 899
f 899 897 898
f 899 898 903
f 899 903 902
f 899 901 911
f 899 911 900
f 902 904 901
f 902 901 899
f 907 905 904
f 907 904 902
f 907 902 903
f 906 235 901
f 906 901 904
f 908 907 903
f 908 903 898
f 908 898 910
f 910 909 908
f 911 901 235
f 911 235 912
f 896 900 911
f 896 911 913
f 896 913 915
f 916 914 917
f 916 917 918
f 916 918 926
f 921 923 918
f 921 918 917
f 921 917 919
f 921 919 920
f 920 192 190
f 920 190 922
f 920 922 921
f 923 921 922
f 923 922 925
f 923 925 924
f 918 923 924
f 918 924 926
f 925 930 927
f 925 927 924
f 924 927 928
f 924 928 926
f 929 1086 1085
f 929 1085 928
f 929 928 927
f 932 934 935
f 932 935 929
f 932 929 927
f 932 927 930
f 1087 183 931
f 1087 931 930
f 1087 930 925
f 931 933 932
f 931 932 930
f 934 932 933
f 934 933 1010
f 934 1010 938
f 934 938 936
f 935 934 936
f 935 936 939
f 938 1008 937
f 938 937 936
f 937 941 939
f 937 939 936
f 1086 929 935
f 1086 935 939
f 1086 939 940
f 941 943 940
f 941 940 939
f 1012 942 941
f 1012 941 937
f 942 944 943
f 942 943 941
f 944 1082 946
f 944 946 945
f 944 945 943
f 945 947 940
f 945 940 943
f 951 950 948
f 951 948 947
f 951 947 945
f 951 945 946
f 947 948 949
f 947 949 1085
f 947 1085 1086
f 947 1086 940
f 950 953 949
f 950 949 948
f 950 951 955
f 950 955 952
f 950 952 882
f 950 882 953
f 1083 882 952
f 1083 952 954
f 952 955 957
f 952 957 954
f 955 956 958
f 955 958 957
f 951 967 956
f 951 956 955
f 959 960 965
f 959 965 966
f 959 966 954
f 959 954 957
f 958 961 959
f 958 959 957
f 964 960 959
f 964 959 961
f 964 961 962
f 665 964 962
f 665 962 963
f 964 669 965
f 964 965 960
f 966 675 1083
f 966 1083 954
f 1011 1006 1004
f 1011 1004 1013
f 1011 1013 1014
f 1011 1014 969
f 1011 969 968
f 1011 968 956
f 1011 956 967
f 1011 967 1082
f 1011 1082 944
f 1011 944 942
f 1011 942 1012
f 970 968 969
f 970 969 1070
f 973 971 968
f 973 968 970
f 973 975 972
f 973 972 971
f 974 652 975
f 974 975 973
f 974 973 970
f 974 970 977
f 975 651 1081
f 975 1081 972
f 974 977 979
f 974 979 982
f 974 982 976
f 652 974 976
f 652 976 1080
f 652 1080 648
f 980 979 977
f 980 977 978
f 977 970 1070
f 977 1070 978
f 991 981 979
f 991 979 980
f 982 979 981
f 982 981 983
f 983 984 985
f 983 985 1080
f 983 1080 976
f 983 976 982
f 984 983 981
f 984 981 987
f 984 987 986
f 986 644 646
f 986 646 985
f 986 985 984
f 989 987 981
f 989 981 991
f 991 992 990
f 991 990 989
f 980 994 992
f 980 992 991
f 992 993 1069
f 992 1069 990
f 994 995 993
f 994 993 992
f 994 980 978
f 994 978 996
f 995 994 996
f 995 996 998
f 1070 997 996
f 1070 996 978
f 997 999 998
f 997 998 996
f 1003 1000 998
f 1003 998 999
f 1000 1002 995
f 1000 995 998
f 1001 180 1047
f 1001 1047 1017
f 1001 1017 1016
f 1001 1016 1002
f 1001 1002 1000
f 1005 1007 1009
f 1005 1009 1001
f 1005 1001 1000
f 1005 1000 1003
f 1013 1004 1003
f 1013 1003 999
f 1003 1004 1006
f 1003 1006 1005
f 1007 1005 1006
f 1007 1006 1011
f 1007 1011 1008
f 1009 1007 1008
f 1009 1008 938
f 1009 938 1010
f 1010 933 180
f 1010 180 1001
f 1010 1001 1009
f 1008 1011 1012
f 1008 1012 937
f 1014 1013 999
f 1014 999 997
f 969 1014 997
f 969 997 1070
f 1018 1020 1015
f 1018 1015 1002
f 1018 1002 1016
f 995 1002 1015
f 995 1015 993
f 1016 1017 1022
f 1016 1022 1019
f 1016 1019 1018
f 1021 157 154
f 1021 154 1020
f 1021 1020 1018
f 1021 1018 1019
f 154 1068 1015
f 154 1015 1020
f 1025 161 1021
f 1025 1021 1019
f 1025 1019 1022
f 1025 1022 1023
f 1017 1047 1046
f 1017 1046 1044
f 1017 1044 1043
f 1017 1043 1042
f 1017 1042 1041
f 1017 1041 1039
f 1017 1039 1038
f 1017 1038 1037
f 1017 1037 1036
f 1017 1036 1034
f 1017 1034 1033
f 1017 1033 1032
f 1017 1032 1031
f 1017 1031 1030
f 1017 1030 1029
f 1017 1029 1028
f 1017 1028 1027
f 1017 1027 1026
f 1017 1026 1024
f 1017 1024 1023
f 1017 1023 1022
f 1045 165 1025
f 1045 1025 1023
f 1045 1023 1024
f 1045 1024 1026
f 1045 1026 1027
f 1045 1027 1028
f 1045 1028 1029
f 1045 1029 1030
f 1045 1030 1031
f 1045 1031 1032
f 1045 1032 1033
f 1045 1033 1034
f 1045 1034 1035
f 1045 1035 1037
f 1045 1037 1038
f 1045 1038 1040
f 1045 1040 1041
f 1045 1041 1042
f 1045 1042 1043
f 1045 1043 1044
f 175 169 1045
f 175 1045 1044
f 175 1044 1046
f 175 1046 1048
f 993 1015 1068
f 993 1068 1069
f 1071 988 118
f 1071 118 115
f 120 118 988
f 120 988 1072
f 124 120 1072
f 124 1072 1073
f 1073 1074 1075
f 1073 1075 124
f 1074 136 130
f 1074 130 1075
f 1076 1071 115
f 1076 115 113
f 113 1079 1077
f 113 1077 1076
f 1079 103 1078
f 1079 1078 1077
f 109 105 103
f 109 103 1079
f 951 946 1082
f 951 1082 967
f 1085 949 1084
f 1085 1084 928
f 1084 916 926
f 1084 926 928
f 434 1088 1089
f 584 1093 570
f 584 570 1092
f 584 1092 1091
f 584 1091 586
f 580 1094 1095
f 580 1095 1134
f 580 1134 578
f 405 1095 1094
f 405 1094 1096
f 405 1096 1097
f 405 1097 402
f 402 1097 1098
f 402 1098 399
f 1098 1099 1101
f 1098 1101 399
f 1103 1102 1101
f 1103 1101 1099
f 1103 1099 1100
f 1103 1105 397
f 1103 397 1102
f 1104 1103 1100
f 1104 1100 1126
f 1106 1105 1103
f 1106 1103 1104
f 1105 1106 1110
f 1105 1110 1108
f 1105 1108 1107
f 1109 389 394
f 1109 394 1107
f 1109 1107 1108
f 1114 1109 1108
f 1114 1108 1110
f 1114 1110 1111
f 1114 1111 1113
f 1106 1112 1111
f 1106 1111 1110
f 1112 1119 1117
f 1112 1117 1115
f 1112 1115 1113
f 1112 1113 1111
f 1114 1113 1115
f 1114 1115 1116
f 1118 1131 343
f 1118 343 1115
f 1118 1115 1117
f 1117 1119 1120
f 1117 1120 1121
f 1117 1121 1118
f 1112 1122 1120
f 1112 1120 1119
f 1120 1123 1124
f 1120 1124 1128
f 1120 1128 1121
f 1122 1125 1123
f 1122 1123 1120
f 1122 1104 1126
f 1122 1126 1125
f 1128 1124 1127
f 1128 1127 1129
f 1129 1130 1131
f 1129 1131 1118
f 1129 1118 1121
f 1129 1121 1128
f 1112 1106 1104
f 1112 1104 1122
f 1132 1114 1116
f 1132 1116 369
f 1132 369 1133
f 385 1109 1114
f 385 1114 1132
f 1134 1135 412
f 1134 412 578
f 423 1142 1139
f 423 1139 1138
f 423 1138 1137
f 423 1137 1136
f 423 1136 565
f 423 565 418
f 563 1136 1137
f 563 1137 1138
f 563 1138 1140
f 1139 1140 1138
f 425 1141 1139
f 425 1139 1142
f 408 430 419
f 408 419 410
f 283 1183 1187
f 283 1187 1185
f 283 1185 1184
f 280 1184 1185
f 280 1185 1186
f 280 1186 1188
f 280 1188 1191
f 280 1191 1192
f 280 1192 1194
f 280 1194 1197
f 1183 1227 1229
f 1183 1229 150
f 1183 150 1187
f 1188 1186 1189
f 1188 1189 152
f 1188 152 1190
f 1191 1188 1190
f 1191 1190 159
f 1191 159 1193
f 1192 1191 1193
f 1192 1193 163
f 1192 163 167
f 1192 167 1195
f 1195 171 1226
f 1195 1226 1225
f 1195 1225 1224
f 1195 1224 1223
f 1195 1223 1222
f 1195 1222 1221
f 1195 1221 1220
f 1195 1220 1219
f 1195 1219 1218
f 1195 1218 1217
f 1195 1217 1216
f 1195 1216 1215
f 1195 1215 1214
f 1195 1214 1213
f 1195 1213 1212
f 1195 1212 1211
f 1195 1211 1210
f 1195 1210 1209
f 1195 1209 1208
f 1195 1208 1207
f 1195 1207 1206
f 1195 1206 1205
f 1195 1205 1204
f 1195 1204 1203
f 1195 1203 1201
f 1195 1201 1199
f 1195 1199 1196
f 1195 1196 1194
f 1195 1194 1192
f 278 1197 1194
f 278 1194 1196
f 278 1196 1198
f 1196 1199 1202
f 1196 1202 199
f 1196 199 275
f 1196 275 1198
f 1202 1199 1200
f 1202 1200 173
f 1202 173 197
f 1227 1228 146
f 1227 146 1229
f 1228 1230 143
f 1228 143 146
f 1233 143 1230
f 1233 1230 1231
f 1231 1232 132
f 1231 132 1233
f 1233 132 134
f 1233 134 139
f 1302 1304 1306
f 1302 1306 1307
f 1302 1307 1316
f 1302 1316 1320
f 1302 1320 1393
f 1302 1393 1391
f 1302 1391 1390
f 1302 1390 1389
f 1302 1389 1336
f 1302 1336 1388
f 1302 1388 1235
f 1302 1235 1234
f 1302 1234 1237
f 1302 1237 1238
f 1302 1238 1248
f 1302 1248 1250
f 1302 1250 1253
f 1302 1253 1395
f 1302 1395 1263
f 1302 1263 1262
f 1302 1262 1264
f 1302 1264 1265
f 1302 1265 1267
f 1302 1267 1268
f 1235 1386 1385
f 1235 1385 1349
f 1235 1349 1352
f 1235 1352 1384
f 1235 1384 1383
f 1235 1383 1382
f 1235 1382 1367
f 1235 1367 1370
f 1235 1370 1381
f 1235 1381 1303
f 1235 1303 1302
f 1235 1302 1268
f 1235 1268 1301
f 1235 1301 1277
f 1235 1277 1280
f 1235 1280 1281
f 1235 1281 1282
f 1235 1282 1284
f 1235 1284 1285
f 1235 1285 1295
f 1235 1295 1296
f 1235 1296 1297
f 1235 1297 1236
f 1235 1236 1234
f 1240 1239 1237
f 1240 1237 1234
f 1240 1234 1236
f 1239 1241 1238
f 1239 1238 1237
f 1239 1240 1243
f 1239 1243 1242
f 1241 1239 1242
f 1241 1242 1244
f 1255 1254 1246
f 1255 1246 1245
f 1255 1245 1244
f 1255 1244 1242
f 1255 1242 1243
f 1255 1243 1299
f 1255 1299 1292
f 1255 1292 1291
f 1255 1291 1290
f 1255 1290 1288
f 1255 1288 1289
f 1255 1289 1300
f 1255 1300 1275
f 1255 1275 1274
f 1255 1274 1273
f 1255 1273 1271
f 1255 1271 1272
f 1255 1272 1259
f 1255 1259 1258
f 1255 1258 1256
f 1247 1241 1244
f 1247 1244 1245
f 1249 1247 1245
f 1249 1245 1246
f 1241 1247 1248
f 1241 1248 1238
f 1247 1249 1250
f 1247 1250 1248
f 1249 1251 1253
f 1249 1253 1250
f 1251 1249 1246
f 1251 1246 1254
f 1254 1255 1252
f 1254 1252 1251
f 1251 1252 1395
f 1251 1395 1253
f 1257 1252 1255
f 1257 1255 1256
f 1260 1257 1256
f 1260 1256 1258
f 1261 1260 1258
f 1261 1258 1259
f 1257 1260 1262
f 1257 1262 1263
f 1260 1261 1264
f 1260 1264 1262
f 1261 1266 1265
f 1261 1265 1264
f 1266 1269 1267
f 1266 1267 1265
f 1269 1270 1301
f 1269 1301 1268
f 1269 1268 1267
f 1269 1266 1272
f 1269 1272 1271
f 1270 1269 1271
f 1270 1271 1273
f 1276 1270 1273
f 1276 1273 1274
f 1278 1276 1274
f 1278 1274 1275
f 1270 1276 1277
f 1270 1277 1301
f 1276 1278 1280
f 1276 1280 1277
f 1279 1278 1275
f 1279 1275 1300
f 1278 1279 1281
f 1278 1281 1280
f 1279 1283 1282
f 1279 1282 1281
f 1283 1286 1284
f 1283 1284 1282
f 1286 1287 1285
f 1286 1285 1284
f 1286 1283 1289
f 1286 1289 1288
f 1287 1286 1288
f 1287 1288 1290
f 1293 1287 1290
f 1293 1290 1291
f 1294 1293 1291
f 1294 1291 1292
f 1287 1293 1295
f 1287 1295 1285
f 1293 1294 1296
f 1293 1296 1295
f 1294 1298 1297
f 1294 1297 1296
f 1298 1240 1236
f 1298 1236 1297
f 1298 1294 1292
f 1298 1292 1299
f 1240 1298 1299
f 1240 1299 1243
f 1283 1279 1300
f 1283 1300 1289
f 1266 1261 1259
f 1266 1259 1272
f 1377 1378 1305
f 1377 1305 1304
f 1377 1304 1302
f 1377 1302 1303
f 1305 1309 1308
f 1305 1308 1306
f 1305 1306 1304
f 1308 1310 1312
f 1308 1312 1307
f 1308 1307 1306
f 1310 1308 1309
f 1310 1309 1379
f 1310 1379 1380
f 1310 1380 1311
f 1313 1312 1310
f 1313 1310 1311
f 1313 1311 1314
f 1312 1313 1315
f 1312 1315 1316
f 1312 1316 1307
f 1317 1315 1313
f 1317 1313 1314
f 1317 1314 1318
f 1315 1317 1319
f 1315 1319 1320
f 1315 1320 1316
f 1321 1319 1317
f 1321 1317 1318
f 1321 1318 1323
f 1319 1321 1322
f 1319 1322 1393
f 1319 1393 1320
f 1322 1321 1323
f 1322 1323 1324
f 1326 1322 1324
f 1326 1324 1325
f 1328 1394 1326
f 1328 1326 1325
f 1328 1325 1327
f 1330 1392 1328
f 1330 1328 1327
f 1330 1327 1329
f 1333 1334 1330
f 1333 1330 1329
f 1333 1329 1331
f 1331 1332 1339
f 1331 1339 1337
f 1331 1337 1335
f 1331 1335 1333
f 1334 1333 1335
f 1334 1335 1336
f 1334 1336 1389
f 1335 1337 1338
f 1335 1338 1388
f 1335 1388 1336
f 1341 1338 1337
f 1341 1337 1339
f 1341 1339 1340
f 1340 1342 1343
f 1340 1343 1387
f 1340 1387 1341
f 1342 1344 1346
f 1342 1346 1347
f 1342 1347 1343
f 1344 1345 1350
f 1344 1350 1348
f 1344 1348 1346
f 1347 1346 1348
f 1347 1348 1349
f 1347 1349 1385
f 1348 1350 1351
f 1348 1351 1352
f 1348 1352 1349
f 1345 1355 1353
f 1345 1353 1351
f 1345 1351 1350
f 1351 1353 1354
f 1351 1354 1384
f 1351 1384 1352
f 1355 1356 1357
f 1355 1357 1358
f 1355 1358 1359
f 1355 1359 1354
f 1355 1354 1353
f 1364 1365 1359
f 1364 1359 1358
f 1364 1358 1360
f 1364 1360 1361
f 1364 1361 1362
f 1368 1366 1364
f 1368 1364 1362
f 1368 1362 1363
f 1365 1364 1366
f 1365 1366 1367
f 1365 1367 1382
f 1366 1368 1369
f 1366 1369 1370
f 1366 1370 1367
f 1371 1369 1368
f 1371 1368 1363
f 1371 1363 1373
f 1369 1371 1372
f 1369 1372 1381
f 1369 1381 1370
f 1376 1372 1371
f 1376 1371 1373
f 1376 1373 1374
f 1378 1377 1376
f 1378 1376 1374
f 1378 1374 1375
f 1372 1376 1377
f 1372 1377 1303
f 1372 1303 1381
f 1375 1379 1309
f 1375 1309 1305
f 1375 1305 1378
f 1382 1383 1359
f 1382 1359 1365
f 1354 1359 1383
f 1354 1383 1384
f 1387 1343 1347
f 1387 1347 1385
f 1387 1385 1386
f 1338 1341 1387
f 1338 1387 1386
f 1338 1386 1235
f 1338 1235 1388
f 1392 1330 1334
f 1392 1334 1389
f 1392 1389 1390
f 1394 1328 1392
f 1394 1392 1390
f 1394 1390 1391
f 1322 1326 1394
f 1322 1394 1391
f 1322 1391 1393
f 1263 1395 1252
f 1263 1252 1257
f 1397 1396 1399
f 1397 1399 1402
f 1396 1397 1411
f 1396 1411 1410
f 1396 1410 1412
f 1396 1412 1413
f 1396 1413 1414
f 1396 1414 1422
f 1396 1422 1425
f 1396 1425 1426
f 1396 1426 1427
f 1396 1427 1428
f 1396 1428 1440
f 1396 1440 1439
f 1396 1439 1441
f 1396 1441 1442
f 1396 1442 1443
f 1396 1443 1452
f 1396 1452 1453
f 1396 1453 1454
f 1396 1454 1456
f 1396 1456 1398
f 1400 1399 1396
f 1400 1396 1398
f 1459 1401 1399
f 1459 1399 1400
f 1402 1399 1401
f 1402 1401 1404
f 1411 1397 1402
f 1411 1402 1403
f 1404 1405 1403
f 1404 1403 1402
f 1401 1459 1458
f 1401 1458 1460
f 1401 1460 1449
f 1401 1449 1448
f 1401 1448 1447
f 1401 1447 1446
f 1401 1446 1436
f 1401 1436 1435
f 1401 1435 1434
f 1401 1434 1433
f 1401 1433 1430
f 1401 1430 1461
f 1401 1461 1420
f 1401 1420 1419
f 1401 1419 1418
f 1401 1418 1417
f 1401 1417 1407
f 1401 1407 1406
f 1401 1406 1405
f 1401 1405 1404
f 1405 1406 1408
f 1405 1408 1403
f 1406 1407 1409
f 1406 1409 1408
f 1412 1410 1408
f 1412 1408 1409
f 1410 1411 1403
f 1410 1403 1408
f 1413 1412 1409
f 1413 1409 1415
f 1414 1413 1415
f 1414 1415 1416
f 1417 1418 1416
f 1417 1416 1415
f 1407 1417 1415
f 1407 1415 1409
f 1418 1419 1421
f 1418 1421 1416
f 1419 1420 1423
f 1419 1423 1421
f 1422 1414 1416
f 1422 1416 1421
f 1425 1422 1421
f 1425 1421 1423
f 1426 1425 1423
f 1426 1423 1424
f 1420 1461 1424
f 1420 1424 1423
f 1427 1426 1424
f 1427 1424 1429
f 1429 1431 1428
f 1429 1428 1427
f 1430 1433 1431
f 1430 1431 1429
f 1461 1430 1429
f 1461 1429 1424
f 1440 1428 1431
f 1440 1431 1432
f 1433 1434 1432
f 1433 1432 1431
f 1434 1435 1437
f 1434 1437 1432
f 1435 1436 1438
f 1435 1438 1437
f 1441 1439 1437
f 1441 1437 1438
f 1439 1440 1432
f 1439 1432 1437
f 1442 1441 1438
f 1442 1438 1444
f 1443 1442 1444
f 1443 1444 1445
f 1446 1447 1445
f 1446 1445 1444
f 1436 1446 1444
f 1436 1444 1438
f 1447 1448 1450
f 1447 1450 1445
f 1448 1449 1451
f 1448 1451 1450
f 1453 1452 1450
f 1453 1450 1451
f 1452 1443 1445
f 1452 1445 1450
f 1454 1453 1451
f 1454 1451 1455
f 1456 1454 1455
f 1456 1455 1457
f 1398 1456 1457
f 1398 1457 1400
f 1458 1459 1400
f 1458 1400 1457
f 1460 1458 1457
f 1460 1457 1455
f 1449 1460 1455
f 1449 1455 1451
f 1463 1462 1465
f 1463 1465 1467
f 1462 1463 1549
f 1462 1549 1482
f 1462 1482 1484
f 1462 1484 1486
f 1462 1486 1548
f 1462 1548 1497
f 1462 1497 1499
f 1462 1499 1501
f 1462 1501 1547
f 1462 1547 1511
f 1462 1511 1513
f 1462 1513 1516
f 1462 1516 1545
f 1462 1545 1525
f 1462 1525 1527
f 1462 1527 1529
f 1462 1529 1542
f 1462 1542 1539
f 1462 1539 1541
f 1462 1541 1464
f 1466 1465 1462
f 1466 1462 1464
f 1470 1468 1465
f 1470 1465 1466
f 1467 1465 1468
f 1467 1468 1469
f 1469 1468 1471
f 1469 1471 1473
f 1472 1471 1468
f 1472 1468 1470
f 1471 1472 1543
f 1471 1543 1536
f 1471 1536 1534
f 1471 1534 1532
f 1471 1532 1544
f 1471 1544 1522
f 1471 1522 1520
f 1471 1520 1518
f 1471 1518 1546
f 1471 1546 1508
f 1471 1508 1506
f 1471 1506 1504
f 1471 1504 1493
f 1471 1493 1492
f 1471 1492 1491
f 1471 1491 1490
f 1471 1490 1477
f 1471 1477 1476
f 1471 1476 1474
f 1471 1474 1473
f 1473 1474 1475
f 1473 1475 1469
f 1474 1476 1478
f 1474 1478 1475
f 1476 1477 1479
f 1476 1479 1478
f 1475 1478 1480
f 1475 1480 1481
f 1478 1479 1483
f 1478 1483 1480
f 1481 1480 1482
f 1481 1482 1549
f 1480 1483 1484
f 1480 1484 1482
f 1483 1485 1486
f 1483 1486 1484
f 1479 1488 1485
f 1479 1485 1483
f 1485 1487 1548
f 1485 1548 1486
f 1488 1489 1487
f 1488 1487 1485
f 1477 1490 1488
f 1477 1488 1479
f 1490 1491 1489
f 1490 1489 1488
f 1491 1492 1494
f 1491 1494 1489
f 1492 1493 1495
f 1492 1495 1494
f 1489 1494 1496
f 1489 1496 1487
f 1494 1495 1498
f 1494 1498 1496
f 1487 1496 1497
f 1487 1497 1548
f 1496 1498 1499
f 1496 1499 1497
f 1498 1500 1501
f 1498 1501 1499
f 1495 1503 1500
f 1495 1500 1498
f 1500 1502 1547
f 1500 1547 1501
f 1503 1505 1502
f 1503 1502 1500
f 1493 1504 1503
f 1493 1503 1495
f 1504 1506 1505
f 1504 1505 1503
f 1506 1508 1507
f 1506 1507 1505
f 1505 1507 1510
f 1505 1510 1502
f 1508 1546 1509
f 1508 1509 1507
f 1507 1509 1512
f 1507 1512 1510
f 1502 1510 1511
f 1502 1511 1547
f 1510 1512 1513
f 1510 1513 1511
f 1512 1514 1516
f 1512 1516 1513
f 1509 1517 1514
f 1509 1514 1512
f 1517 1519 1515
f 1517 1515 1514
f 1514 1515 1545
f 1514 1545 1516
f 1546 1518 1517
f 1546 1517 1509
f 1518 1520 1519
f 1518 1519 1517
f 1520 1522 1521
f 1520 1521 1519
f 1519 1521 1524
f 1519 1524 1515
f 1522 1544 1523
f 1522 1523 1521
f 1521 1523 1526
f 1521 1526 1524
f 1515 1524 1525
f 1515 1525 1545
f 1524 1526 1527
f 1524 1527 1525
f 1526 1528 1529
f 1526 1529 1527
f 1523 1531 1528
f 1523 1528 1526
f 1528 1530 1542
f 1528 1542 1529
f 1531 1533 1530
f 1531 1530 1528
f 1544 1532 1531
f 1544 1531 1523
f 1532 1534 1533
f 1532 1533 1531
f 1534 1536 1535
f 1534 1535 1533
f 1533 1535 1538
f 1533 1538 1530
f 1536 1543 1537
f 1536 1537 1535
f 1535 1537 1540
f 1535 1540 1538
f 1530 1538 1539
f 1530 1539 1542
f 1538 1540 1541
f 1538 1541 1539
f 1540 1466 1464
f 1540 1464 1541
f 1537 1470 1466
f 1537 1466 1540
f 1543 1472 1470
f 1543 1470 1537
f 1467 1481 1549
f 1467 1549 1463
f 1469 1475 1481
f 1469 1481 1467
