# baked from FR_thigh.dae
v -0.00545299 0.098999974 0.0536229525
v -0.02007395 0.0989999738 0.0500229425
v 0.009522974 0.098999974 0.0530519325
v 0.02395796 0.0989999736 0.0482829725
v 0.03688597 0.098999973 0.0393009625
v 0.05234295 0.098999971 0.0128629725
v 0.05386096 0.0989999698 -0.00204599647
v 0.05119299 0.0989999687 -0.0168659675
v 0.04431897 0.0989999677 -0.0306769675
v 0.03342199 0.0989999668 -0.0422869975
v 0.02007299 0.0989999662 -0.0500229575
v 0.00545299 0.098999966 -0.0536229675
v -0.009522974 0.098999966 -0.0530519475
v -0.02395796 0.0989999664 -0.0482829875
v -0.03688699 0.098999967 -0.0393009775
v -0.04666894 0.098999968 -0.0269669875
v -0.05386096 0.0989999702 0.00204598153
v -0.05234295 0.098999969 -0.0128629875
v -0.05119299 0.0989999713 0.0168659525
v -0.04431897 0.0989999723 0.0306769525
v -0.03342199 0.0989999732 0.0422869825
v 0.04666799 0.098999972 0.0269669725
v -0.008484959 0.016588952 -0.370374001
v -0.008364975 0.0162839521 -0.370106001
v 0.001690983 0.0165889519 -0.372288001
v -0.008524954 0.016999922 -0.370464001
v -0.01670199 0.0165889525 -0.364073001
v -0.01677799 0.0169999225 -0.364135001
v -0.01647394 0.0162839525 -0.363888001
v -0.03326594 0.0165829341 -0.343682001
v -0.03301298 0.0162809141 -0.343528001
v -0.04671895 0.0165889557 -0.321207001
v -0.03336399 0.0169929541 -0.343717001
v -0.03266799 0.016999924 -0.344583001
v -0.04094195 0.0169859249 -0.332738001
v -0.046808 0.0169999257 -0.321245001
v -0.04090595 0.0191209649 -0.332651001
v -0.04447197 0.0191209654 -0.326107001
v -0.03260999 0.019120964 -0.344536001
v -0.03148299 0.0239729541 -0.343620002
v -0.01671999 0.0191209625 -0.364088001
v -0.012591 0.0191209622 -0.368016001
v -0.01559299 0.0239729526 -0.363172002
v -0.012766 0.0274899328 -0.360875002
v -0.01173299 0.0239729523 -0.366844002
v -0.006081998 0.0239729521 -0.369783002
v -0.000574 0.023972952 -0.370852002
v -0.004913985 0.0274899323 -0.366332002
v -0.006546974 0.019120962 -0.371158001
v -0.008494973 0.019120962 -0.370396001
v -0.000657 0.0191209619 -0.372302001
v 0.001691997 0.0191209619 -0.372312001
v 0.00169599 0.0169999219 -0.372386001
v 0.005827963 0.0191209619 -0.371721001
v 0.005488991 0.023972952 -0.370309002
v 0.01164698 0.0191209621 -0.369424001
v 0.011684 0.0169999221 -0.369488001
v 0.01660096 0.0191209624 -0.365603001
v 0.01093 0.0239729522 -0.368161002
v 0.01556098 0.0239729525 -0.364588002
v 0.01913297 0.0239729528 -0.359659002
v 0.01295495 0.0274899327 -0.362044002
v 0.01747494 0.0274899333 -0.353617002
v 0.004638969 0.0274899323 -0.366767002
v 0.009448945 0.0287719629 -0.358622002
v 0.003495991 0.0287719627 -0.362003002
v 0.012685 0.0287719634 -0.352589002
v 0.01220899 0.0287719639 -0.345760002
v 0.01680898 0.027489934 -0.344077002
v 0.010176 0.0287719643 -0.340203002
v 0.009599983 0.0287719644 -0.338626002
v 0.004233956 0.0287719638 -0.346533002
v 0.005356967 0.0287719637 -0.348095002
v 0.003518998 0.0287719639 -0.345975002
v 0.000827 0.0287719639 -0.345185002
v 0.003518998 0.0161719639 -0.345975001
v 0.005356967 0.0161719637 -0.348095001
v 0.000827 0.0161719639 -0.345185001
v -0.001863956 0.0161719639 -0.345975001
v -0.001863956 0.0287719639 -0.345975002
v -0.002802968 0.0161719638 -0.346756001
v -0.003701984 0.0161719637 -0.348095001
v -0.04000794 0.0161719665 -0.311837001
v -0.04607397 0.0161719658 -0.320929001
v -0.03910899 0.0161719666 -0.310491001
v -0.04034298 0.0160519166 -0.309632001
v -0.03214198 0.0161719673 -0.300049001
v -0.02516895 0.0161719681 -0.289599001
v -0.03316199 0.0160509674 -0.299355001
v -0.02602899 0.0160069782 -0.289042001
v -0.034774 0.0153709375 -0.298266001
v -0.02741599 0.0150429382 -0.288152001
v -0.03609699 0.0143859675 -0.297382001
v -0.04208898 0.0155049267 -0.308424001
v -0.04788798 0.0157249261 -0.316387001
v -0.04353499 0.0147819268 -0.307430001
v -0.04863095 0.0151909263 -0.314296001
v -0.04480099 0.0139879269 -0.306564001
v -0.04924094 0.0145169164 -0.312460001
v -0.045946 0.0131259269 -0.305790001
v -0.03724396 0.0132449576 -0.296627001
v -0.02954196 0.0121489483 -0.286809001
v -0.03827899 0.0120049477 -0.295956001
v -0.03914499 0.0108099277 -0.295405001
v -0.03044795 0.0105479684 -0.286246001
v -0.03066694 0.0101359184 -0.286110001
v -0.02634996 0.00979194876 -0.281378001
v -0.02795398 0.00991997962 -0.283138001
v -0.02220195 0.0094629311 -0.276831001
v -0.01375895 0.0087909488 -0.267575001
v -0.02160894 0.0110289791 -0.277171001
v -0.02083396 0.012913979 -0.277615001
v -0.013511 0.00992993479 -0.267677001
v -0.01300996 0.0121269598 -0.267886001
v -0.005300998 0.0088559785 -0.258325001
v -0.005227982 0.0112109505 -0.258329001
v -0.005323946 0.0081199805 -0.258328001
v -0.005322992 0.0016099615 -0.258252
v -0.004305958 0.00782297062 -0.256718001
v -0.004136979 -0.00434597238 -0.256705
v -0.004301965 0.00782094362 -0.256709001
v -0.003794968 0.00752298076 -0.254871001
v -0.004175961 0.0152629406 -0.256670001
v -0.00377798 0.0153719508 -0.254686001
v -0.004995942 0.0151239405 -0.258479001
v -0.005132973 0.0134689605 -0.258375001
v -0.004957973 0.0153839305 -0.258511001
v -0.004951953 0.0154189205 -0.258516001
v -0.01179897 0.0157609297 -0.268429001
v -0.01246297 0.0141759298 -0.268121001
v -0.01140797 0.0161349497 -0.268625001
v -0.01891696 0.015916979 -0.278723001
v -0.018314 0.0161649289 -0.279077001
v -0.01996797 0.014643939 -0.278113001
v -0.02524298 0.0161719681 -0.289551001
v -0.01819497 0.0161719689 -0.279147001
v -0.01123398 0.0161719697 -0.268716001
v -0.009890973 0.0161719699 -0.266704001
v -0.00683695 0.0161719702 -0.262127001
v -0.004719972 0.0161219605 -0.258713001
v -0.004733979 0.0161049705 -0.258700001
v -0.004677951 0.0161549805 -0.258748001
v -0.003143966 0.0161569508 -0.254834001
v -0.004669964 0.0161599305 -0.258755001
v -0.004616975 0.0161719705 -0.258800001
v -0.002994954 0.0161719708 -0.254907001
v -0.001662969 0.0161719718 -0.241384001
v -0.00148195 0.0162139318 -0.241206001
v -0.001981973 0.0160649818 -0.240586001
v -0.000499 0.0161719716 -0.243095001
v -0.000162 0.0162589317 -0.242959001
v -9.1e-05 0.0161719715 -0.245199001
v 0.000212 0.0161719711 -0.250091001
v 0.000228 0.0162389615 -0.245178001
v 0.000319 0.0162859315 -0.245171001
v 0.000619 0.0162839611 -0.250063001
v 0.000487 0.0164199215 -0.245160001
v 0.000101 0.0165019417 -0.242853001
v 0.000613 0.0165949815 -0.245151901
v 0.000913 0.0165879511 -0.250044001
v 0.000655 0.0166889815 -0.245149001
v 0.000234 0.0168469317 -0.242799001
v 0.000706 0.0170109615 -0.245145001
v 0.000851 0.0169999313 -0.247465001
v 0.000747 0.0179809714 -0.246453001
v 0.000495 0.0171259416 -0.243667001
v 0.000207 0.0172199417 -0.242810001
v 5.9e-05 0.0187729316 -0.243867901
v -0.001466989 0.0216189415 -0.244482002
v 0.000144 0.0211619514 -0.246770002
v 5.5e-05 0.0172529617 -0.242497001
v -0.000548 0.0173359318 -0.241586001
v -0.001174986 0.0173869518 -0.240905001
v -0.001439988 0.0188189517 -0.241898001
v -0.001400947 0.0173849818 -0.240682001
v -0.003659963 0.0211669617 -0.242672002
v -0.00358498 0.0184229419 -0.240097001
v -0.003666996 0.0238179315 -0.245364002
v -0.006381988 0.0227759216 -0.243668002
v -0.006316959 0.0252569714 -0.246490002
v -0.009413957 0.0235469715 -0.244799002
v -0.006396949 0.0202239518 -0.240970002
v -0.006385982 0.017785942 -0.238162001
v -0.009550988 0.0211589717 -0.241966002
v -0.009634971 0.0195009519 -0.239880001
v -0.02753996 0.0210259315 -0.245208002
v -0.009664952 0.018880942 -0.239024001
v -0.009753942 0.0170959622 -0.235949001
v -0.02763199 0.0189709419 -0.240155901
v -0.009759962 0.0169879522 -0.235698001
v -0.006369948 0.0157559323 -0.234969001
v -0.009833991 0.0161719725 -0.231806001
v -0.008826971 0.0159029725 -0.231629001
v -0.02771896 0.0181639523 -0.234962001
v -0.01019895 0.0165869344 -0.206025001
v -0.02803099 0.0185789843 -0.207507001
v -0.01031994 0.0167249851 -0.197431001
v -0.01056295 0.0170019664 -0.180244001
v -0.008886992 0.0163179451 -0.197364001
v -0.008904993 0.0164359659 -0.187413001
v -0.008864998 0.0161719742 -0.209498001
v -0.004086971 0.0134329542 -0.209080001
v -0.00425595 0.0137129859 -0.187404001
v -0.000603 0.00880794124 -0.208775901
v -0.003919959 0.0131499526 -0.230763001
v -0.006388962 0.0148699625 -0.231198001
v -0.003381967 0.0126559526 -0.230668001
v -0.001387 0.0102139526 -0.230316001
v -0.003388941 0.0136009823 -0.234329001
v -0.003481984 0.0157919321 -0.237405001
v -0.001918971 0.0119399823 -0.234013001
v -0.002017974 0.0124199723 -0.234652001
v -0.001835942 0.0122019423 -0.234833001
v -0.002407968 0.0146899621 -0.237129001
v -0.002579987 0.015864942 -0.238233001
v -0.002547979 0.016455922 -0.238854001
v -0.002357959 0.015740972 -0.238389001
v -0.002029955 0.0166039819 -0.239600001
v -0.00228095 0.015661932 -0.238480001
v -0.002226948 0.015573952 -0.238579001
v -0.001961946 0.0162249619 -0.239810001
v -0.002194941 0.015371952 -0.238797001
v -0.002180993 0.0157719619 -0.239680001
v -0.001786947 0.0119359223 -0.235034001
v -0.001264989 0.0097829516 -0.230406001
v -0.000118 0.00752298332 -0.220872901
v -0.001298964 0.0100069426 -0.230363001
v -0.000133 0.00766996833 -0.220821001
v 0.000387 0.00573996962 -0.21698
v -0.001773953 0.00752298226 -0.234924001
v -0.001749992 0.00561795828 -0.234771
v -0.003787994 0.00626395176 -0.254873
v -0.00168699 0.0037429743 -0.23439
v 0.000531 0.0049819777 -0.215907
v 0.000773 0.00317196383 -0.214193
v 0.000827 0.00242195886 -0.21375
v 0.000773 0.00317095086 -0.213733
v 0.000773 0.0031719639 -0.213235
v 0.000396 0.00587998163 -0.216825
v 0.000386 0.00601796564 -0.216673
v -0.000172 0.00781194633 -0.220766001
v -0.000551 0.00870094911 -0.223654001
v 0.000765 0.00317196425 -0.208657
v 0.000726 0.00317196585 -0.187396
v 0.000902 -0.00174499915 -0.187407
v 0.000685 0.00317196762 -0.164022
v -0.000677 0.00896297385 -0.187398001
v -0.000825 0.00926898485 -0.187398001
v -0.000911 0.00945894663 -0.163884901
v -0.005006968 0.0144969677 -0.163530001
v -0.001038968 0.00972395113 -0.130735001
v -0.002172946 0.0116349301 -0.130508001
v 4.8e-05 0.00691293611 -0.130953001
v 0.000739 0.00743495498 -0.119445001
v 0.000628 0.0031719701 -0.131069
v 0.000793 -0.00259495691 -0.131197
v 0.001257956 0.003348937 -0.119227
v 0.000677 0.00317196798 -0.159232
v 0.000843 -0.00252796403 -0.159303
v 0.000852 -0.00251598339 -0.164153
v 0.000894 -0.00246097015 -0.187409
v -0.000696 -0.00869901138 -0.164015999
v -0.000845 -0.00911898388 -0.130874999
v -0.000535 -0.00828500089 -0.197159999
v -0.004676997 -0.0137019824 -0.163657999
v -0.005093991 -0.0144069798 -0.130027999
v -0.01039695 -0.0165519823 -0.163141999
v -0.004248976 -0.0130089649 -0.197288999
v -0.00960195 -0.0157439849 -0.197471999
v -0.003818988 -0.0123189774 -0.230918999
v -0.002830982 -0.0113999974 -0.230742999
v -0.005603969 -0.0135820075 -0.231235999
v -0.005610942 -0.0144890077 -0.235054999
v -0.008806943 -0.0149369975 -0.231802899
v -0.00940299 -0.0155419856 -0.206054999
v -0.02752798 -0.0174639978 -0.235109999
v -0.008762955 -0.0157730078 -0.235746999
v -0.008763968 -0.0158739778 -0.235974999
v -0.008784949 -0.0177369881 -0.239093999
v -0.02744299 -0.0182399881 -0.240307999
v -0.02754294 -0.0174639978 -0.235112999
v -0.02734196 -0.0202679785 -0.245373998
v -0.04615896 -0.0159030085 -0.244756899
v -0.04604697 -0.0170469987 -0.247992999
v -0.04625695 -0.014989988 -0.238410999
v -0.05176395 -0.0119359581 -0.239377999
v -0.04628199 -0.0155989658 -0.209249999
v -0.05209296 -0.0124409858 -0.209636999
v -0.04630798 -0.0162080036 -0.180088899
v -0.027839 -0.0179329657 -0.207654999
v -0.02814996 -0.0184159936 -0.180200899
v -0.009998977 -0.0161479836 -0.180306999
v -0.02846097 -0.0188999815 -0.152745999
v -0.04633295 -0.0168169814 -0.150927999
v -0.01059496 -0.0167539817 -0.154558999
v -0.02877199 -0.0193929695 -0.125291999
v -0.02823597 -0.0193899895 -0.125398899
v -0.046359 -0.0174259592 -0.121767899
v -0.04643297 -0.0180599669 -0.0919789586
v -0.05300498 -0.0140359991 -0.120432999
v -0.04633295 -0.0168169814 -0.150926999
v -0.05275499 -0.0134539713 -0.150155999
v -0.05308896 -0.0139629891 -0.120415999
v -0.05242395 -0.0129469736 -0.179896999
v -0.05683797 -0.0074579823 -0.149658999
v -0.05736899 -0.00771195503 -0.119549999
v -0.05630797 -0.00720400957 -0.179766999
v -0.05808395 0.000174988721 -0.149398
v -0.05750298 0.00017598644 -0.179603
v -0.05866396 0.000174991001 -0.119194
v -0.05856198 0.003171971 -0.1192139
v -0.05918699 0.000175993058 -0.09194695
v -0.05784696 -0.00808996596 -0.0922229794
v -0.05918794 0.000175993061 -0.09190499
v -0.05909997 0.00368898406 -0.0919299703
v -0.05976498 0.000174995115 -0.06470495
v -0.05837196 -0.0084349559 -0.0648979494
v -0.05976694 0.000174995122 -0.06461197
v -0.05966097 0.00511496712 -0.0646489804
v -0.06047397 0.000174997171 -0.03746795
v -0.05908495 -0.00874597084 -0.0375789893
v -0.06047797 0.000174997182 -0.03732198
v -0.06033396 0.00756597218 -0.0373769906
v -0.06131595 0.000173999228 -0.01023197
v -0.060063 -0.00905996578 -0.0102669493
v -0.06162697 0.00017600003 0.000396999987
v -0.06112694 0.0109519892 -0.0101220008
v -0.06048399 0.00817799259 -0.0318769806
v -0.06130599 0.0157719793 -0.00986999319
v -0.06143796 0.01099199 0.00036099917
v -0.06123596 0.02259194 0.000322998294
v -0.06082099 0.0225879492 -0.0100819417
v -0.06103396 0.03419196 0.000283997419
v -0.06087696 0.0341919603 0.00438093842
v -0.06015598 0.0341919592 -0.0103209626
v -0.05950099 0.034191959 -0.0135939726
v -0.06029397 0.0253739892 -0.0104230019
v -0.05753695 0.0281499584 -0.0206799521
v -0.06043398 0.0244049992 -0.0103379418
v -0.05973094 0.0258279989 -0.0142129619
v -0.05802994 0.0264639784 -0.020953952
v -0.05822795 0.0226579877 -0.0299779717
v -0.05996596 0.0181139677 -0.0303809614
v -0.05815297 0.0227829777 -0.0299719517
v -0.05465596 0.0263609777 -0.030054982
v -0.05769997 0.0229499876 -0.0316289617
v -0.05845296 0.0217099676 -0.0316869616
v -0.05404394 0.0262709776 -0.031782982
v -0.05385196 0.0263769576 -0.031801992
v -0.05214399 0.0214939654 -0.0614129916
v -0.04717099 0.0233699553 -0.0620459918
v -0.051189 0.0179079631 -0.0912259814
v -0.05674898 0.0171889554 -0.0612379913
v -0.05593997 0.0137949431 -0.090994001
v -0.05908 0.0111989853 -0.0617619708
v -0.05844295 0.0080299901 -0.0914489606
v -0.05970698 0.00526898527 -0.0625939904
v -0.06032794 0.0151239576 -0.0323909511
v -0.06049299 0.0131189775 -0.032682001
v -0.05976998 0.0182189876 -0.0319989914
v -0.06043899 0.00798499247 -0.0335159806
v -0.06057596 0.0131559877 -0.031061941
v -0.06057596 0.0131599877 -0.031060991
v -0.05998098 0.0180469677 -0.0303889514
v -0.06104397 0.0210269592 -0.00994795659
v -0.05909895 0.00368594405 -0.0920220003
v -0.05828595 0.005620947 -0.11927
v -0.05689495 0.00972395197 -0.119552001
v -0.05636596 0.00952498971 -0.149594001
v -0.05588996 0.011447951 -0.119751001
v -0.05260396 0.0149829809 -0.120409001
v -0.05222296 0.0146189787 -0.150076001
v -0.05139696 0.0158379509 -0.120651001
v -0.04664099 0.0178319708 -0.121601901
v -0.04638195 0.0174169386 -0.150730001
v -0.03999096 0.0190589907 -0.122934001
v -0.04685395 0.0189819826 -0.0976529714
v -0.04690599 0.0195019731 -0.0917750015
v -0.04078894 0.0199239723 -0.102017002
v -0.03343898 0.020499992 -0.106298002
v -0.04270595 0.0216909539 -0.0811730016
v -0.03388398 0.0221219533 -0.0883399817
v -0.04536896 0.0240579754 -0.0604989518
v -0.04704296 0.0212679442 -0.0764189916
v -0.03447198 0.0243009847 -0.0705119918
v -0.04720497 0.0239819756 -0.0581929618
v -0.04730498 0.0257599864 -0.0472999819
v -0.04734897 0.0266179968 -0.042069972
v -0.03744 0.0267259361 -0.051355952
v -0.047508 0.0266169868 -0.041875002
v -0.05379498 0.0263789776 -0.031919952
v -0.04687196 0.0270009569 -0.041305952
v -0.05331599 0.0268389476 -0.031600952
v -0.04666495 0.0272069469 -0.0411189721
v -0.03671395 0.0272729862 -0.0503529921
v -0.04633498 0.0276689469 -0.0408169621
v -0.04608899 0.0282109869 -0.0405879621
v -0.05294299 0.0274449476 -0.0313339821
v -0.05271697 0.0281469776 -0.0311470021
v -0.05766099 0.0272649484 -0.0207769821
v -0.04599297 0.0285369669 -0.0404949722
v -0.05265295 0.0288749877 -0.0310529422
v -0.05664795 0.0282869883 -0.0229969621
v -0.05039995 0.0291549474 -0.0345810022
v -0.050327 0.0341919574 -0.0345309926
v -0.04588198 0.029458987 -0.0403759422
v -0.04182499 0.0295459566 -0.0445629922
v -0.03601896 0.0296209963 -0.0493719522
v -0.04176896 0.0341919566 -0.0445039826
v -0.04174494 0.0472029966 -0.0444779936
v -0.02855294 0.0341919559 -0.0539439926
v -0.02853995 0.0472029959 -0.0539119836
v -0.02743899 0.0341919559 -0.0545189926
v -0.01331198 0.0341919555 -0.0595649426
v -0.02747398 0.0296769659 -0.0545899822
v -0.02445596 0.0296869758 -0.0560069622
v -0.01173394 0.0296899555 -0.0599759822
v -0.02458995 0.0283469457 -0.0563219721
v -0.02495098 0.0273029757 -0.0571539921
v -0.03620594 0.0283069563 -0.0496439921
v -0.01180297 0.0283499854 -0.0603119721
v -0.01188898 0.0277249754 -0.0607399921
v -0.01176095 0.0288749855 -0.0601009722
v -0.003252983 0.0287959454 -0.0611509622
v -0.003307998 0.0276669753 -0.0617719821
v 0.005326986 0.0285889454 -0.0609929522
v -0.003230988 0.0295919654 -0.0610299722
v 0.005346953 0.0293249354 -0.0608849522
v -0.01086997 0.0296869755 -0.0601390022
v -0.01085597 0.0341919555 -0.0600609726
v 0.002858996 0.0341919554 -0.0609679826
v 0.006615996 0.0341919554 -0.0606749626
v 0.002858996 0.0472029954 -0.0609339436
v -0.00575596 0.0472029954 -0.0607279536
v 0.01205796 0.0472029955 -0.0597969836
v 0.01882696 0.0472029956 -0.0580250036
v 0.01205796 0.0476229655 -0.0597959736
v 0.01263695 0.0476229655 -0.0596770036
v -0.00575596 0.0476229654 -0.0607279536
v -0.02307796 0.0476229657 -0.0564659836
v -0.03842699 0.0476229664 -0.0473749636
v -0.02307796 0.0472029957 -0.0564659836
v -0.013318 0.0472029955 -0.0595289436
v -0.05048894 0.0476229674 -0.0342329736
v -0.03842699 0.0472029964 -0.0473749636
v -0.05823296 0.0476229686 -0.0181629636
v -0.05048894 0.0472029974 -0.0342329736
v -0.052917 0.0472029977 -0.0303439436
v -0.05823296 0.0472029986 -0.0181629636
v -0.05293899 0.0341919577 -0.0303750026
v -0.05655199 0.0341919583 -0.0229579826
v -0.05947095 0.047202999 -0.0135699536
v -0.06099796 0.047203 -0.000540003564
v -0.06084299 0.0472030003 0.00437694344
v -0.06099796 0.04762297 -0.000540003595
v -0.05854594 0.0476229713 0.0171289964
v -0.05108696 0.0476229725 0.0333329964
v -0.05854594 0.0472030013 0.0171289964
v -0.05691295 0.0472030017 0.0219529764
v -0.05694496 0.0341919617 0.0219639474
v -0.05108797 0.0472030025 0.0333329964
v -0.04801696 0.0472030028 0.0376219664
v -0.04805594 0.0341919628 0.0376269774
v -0.03925997 0.0472030035 0.0466869364
v -0.03494 0.0472030038 0.0500029864
v -0.03925997 0.0476229735 0.0466869364
v -0.02407497 0.0476229742 0.0560479664
v -0.02358096 0.0476229741 0.0544919864
v -0.02361297 0.0477579842 0.0562439464
v -0.02407497 0.0472030042 0.0560489764
v -0.01882696 0.0472030044 0.0580239764
v -0.01883596 0.0341919644 0.0580549774
v -0.01882696 0.0556229944 0.0580239758
v -0.01263695 0.0472030045 0.0596769964
v -0.01263695 0.0476229745 0.0596769964
v -0.001719951 0.0472030046 0.0609759564
v -0.001713991 0.0341919646 0.0610099974
v 0.005226969 0.0472030046 0.0607759864
v 0.005226969 0.0476229746 0.0607759864
v 0.01553696 0.0472030045 0.0589889764
v 0.01553499 0.0341919645 0.0590239674
v 0.02263998 0.0472030043 0.0566439564
v 0.02263998 0.0476229743 0.0566429364
v 0.03152698 0.0472030039 0.0522219464
v 0.03810495 0.0472030036 0.0476349464
v 0.03153496 0.0341919639 0.0522559774
v 0.04085695 0.0341919634 0.0453419574
v 0.026326 0.0341919642 0.0550649674
v 0.02658295 0.000176004198 0.055601
v 0.02239894 0.000176004335 0.05741399
v 0.03723299 0.000176003708 0.04910999
v 0.04125499 0.000176003457 0.04578399
v 0.03676098 -0.00450497428 0.0492449903
v 0.03586995 -0.00900697332 0.0487989707
v 0.02181398 -0.00452196066 0.0574229903
v 0.04888796 -0.00448798819 0.0372769803
v 0.04798698 -0.0089719862 0.0370499407
v 0.04923397 0.000176002799 0.03706997
v 0.05254197 0.000176002432 0.03220897
v 0.05203497 0.0341919624 0.0318979574
v 0.05748897 0.000176001677 0.02220797
v 0.05639195 -0.00893997931 0.0224120007
v 0.05951696 0.000176001207 0.01599198
v 0.05894398 0.0341919612 0.0158379574
v 0.061369 0.000176000427 0.00565397699
v 0.060431 -0.00891297955 0.00602197667
v 0.06160897 0.000175999884 -0.00153797801
v 0.06101495 0.0341919599 -0.00152296058
v 0.06057798 0.000175999145 -0.01132899
v 0.05864596 0.00017599857 -0.01894098
v 0.059789 -0.00889199982 -0.0108469693
v 0.05799496 -0.00888598037 -0.0181739893
v 0.06073999 -0.00890296606 -0.000825999328
v 0.05614894 -0.0155519801 -0.000781998826
v 0.05361396 -0.0155359513 -0.0168129788
v 0.048913 -0.0191339801 -0.000703998555
v 0.05397897 -0.0155759988 0.0153020012
v 0.05839198 -0.00892895275 0.0165809907
v 0.04702198 -0.019154959 0.0132979714
v 0.04728496 -0.0156049677 0.0300869912
v 0.03662997 -0.0156389368 0.0423289512
v 0.05114799 -0.00896197254 0.0325819807
v 0.04119294 -0.019180948 0.0261679814
v 0.03191697 -0.0192099772 0.0368239815
v 0.04450798 -0.0191679485 0.0200969514
v 0.01649397 -0.0228069985 0.0200429517
v 0.01659297 -0.0234539507 -0.00897794723
v -0.01616299 -0.0228609985 0.0199849617
v 0.01619595 -0.0192479365 0.0458629715
v 0.006365954 -0.0192669564 0.0481729515
v 0.01997298 -0.0192389367 0.0443709415
v 0.02290999 -0.0156719561 0.0509989812
v 0.007278978 -0.0157029558 0.0553679412
v 0.02476894 -0.00903397283 0.0552159507
v 0.02098196 -0.00904196072 0.0567469507
v 0.007850944 -0.00906699347 0.0599439707
v 0.004480957 -0.00907295445 0.0602779907
v 0.005196988 -0.00453698138 0.0611839803
v -0.009710967 -0.0090959615 0.0596179907
v -0.008947968 -0.0157299558 0.0550679512
v -0.012353 -0.00909995554 0.0591199907
v -0.01181399 -0.00454997545 0.0602389503
v -0.02643996 -0.0091169429 0.0542669807
v -0.02440696 -0.0157489662 0.0501250012
v -0.02821195 -0.00911795597 0.0533639707
v -0.02791196 -0.00455897587 0.0546599603
v -0.04093098 -0.00912797065 0.0443409607
v -0.03779697 -0.0157589869 0.0409529812
v -0.04186797 -0.00912797072 0.0434559507
v -0.05196398 -0.00912898468 0.0306749907
v -0.04186099 -0.00456398361 0.0448769903
v -0.04130995 0.000176003453 0.04573297
v -0.05258798 -0.00456297061 0.0316409403
v -0.05926996 -0.00455897879 0.0159679603
v -0.05226099 -0.00912797172 0.0301679907
v -0.05222898 0.00017600247 0.03271496
v -0.05901795 0.00017600134 0.01774698
v -0.05156499 0.000176002548 0.03374999
v -0.05106794 0.0341919625 0.0334249674
v -0.05844897 0.0341919613 0.0175759674
v -0.05917698 0.000176001299 0.01720994
v -0.05858498 -0.0091189729 0.0145289807
v -0.058613 -0.00911897291 0.0144179407
v -0.06035095 -0.00910097317 -0.00224697431
v -0.05413597 -0.015750999 0.0133029812
v -0.047993 -0.0157599979 0.0283259712
v -0.05573797 -0.0157349702 -0.00221794681
v -0.04709398 -0.0193089791 0.0115569815
v -0.04846596 -0.0192929502 -0.00250398954
v -0.04418599 -0.0193149985 0.0199399515
v -0.04174596 -0.0193169681 0.0246329915
v -0.03287094 -0.0193159473 0.0356249815
v -0.02121496 -0.0193069467 0.0436079515
v -0.01596695 -0.0193009865 0.0458059915
v -0.007758975 -0.0192899664 0.0479109815
v -0.04733198 -0.0190959524 -0.0322989786
v -0.02600598 -0.0227419705 -0.00606995628
v -0.01615798 -0.0235099707 -0.00898599423
v -0.03054797 -0.0215209727 -0.0354399584
v -0.01484894 -0.0222309831 -0.0404229683
v -0.03411597 -0.0204739549 -0.0646289485
v -0.04732596 -0.0190929725 -0.0324929886
v -0.04670494 -0.0186509447 -0.0621289586
v -0.04670494 -0.0186499947 -0.0621479686
v -0.04643398 -0.0180639669 -0.0917669486
v -0.05383998 -0.0150370046 -0.0613139789
v -0.054645 -0.0154079724 -0.0317599688
v -0.05333995 -0.0145840069 -0.0908729989
v -0.05846196 -0.0084819836 -0.0609309594
v -0.05787998 -0.00811696682 -0.0902679494
v -0.05583 -0.0156549802 -0.00221699282
v -0.05927395 -0.00881195238 -0.0315839593
v -0.02683395 -0.0200449873 -0.0966559585
v -0.02233695 -0.0209909651 -0.0682119684
v -0.008360981 -0.0179579878 -0.103784999
v -0.008446991 -0.0179489879 -0.104153999
v 0.000338 -0.018526976 -0.0789429486
v -0.01115 -0.0203999855 -0.0727029985
v 0.000359 -0.018527986 -0.0788969886
v 0.005849957 -0.0154749762 -0.0819119788
v 0.01377999 -0.0189529642 -0.0562639786
v -0.000387 -0.0214269736 -0.0470639384
v 0.01405096 -0.0189589842 -0.0558989586
v 0.03106695 -0.0191159829 -0.0378449486
v 0.01884895 -0.0158229445 -0.0602369888
v 0.02167898 -0.0101599648 -0.0636689592
v 0.03567498 -0.0160740032 -0.0425499588
v 0.03613197 -0.0155289732 -0.0430409888
v 0.03872799 -0.0105279635 -0.0459269792
v 0.04658395 -0.0155289724 -0.0314419788
v 0.05038797 -0.00887799457 -0.0340059893
v 0.04058694 -0.0191139521 -0.0273969686
v 0.04670596 -0.0191199711 -0.0146599986
v 0.04812097 -0.0191249807 -0.00891798556
v 0.04781395 -0.00887799483 -0.0375399493
v 0.05451595 -0.00887996103 -0.0268839493
v 0.05517697 0.000175997928 -0.02745097
v 0.05086898 0.000175997373 -0.03478997
v 0.05037897 0.0341919574 -0.0344550026
v 0.04847198 0.000175997127 -0.03805899
v 0.03969699 0.000175996441 -0.04714
v 0.02459198 0.000176995269 -0.06265896
v 0.03948396 0.0121719764 -0.0470459409
v 0.03981995 -0.00359094456 -0.0472169497
v 0.03918898 -0.00887996251 -0.0464629493
v 0.024697 -0.00337994474 -0.0627409797
v 0.02261096 -0.00333798394 -0.0654399897
v 0.02458995 0.000176995269 -0.062662
v 0.01283699 0.000176993896 -0.08085
v 0.01292896 -0.00316399911 -0.0809349998
v 0.01283597 0.000176993896 -0.08085095
v 0.004890978 0.000176992375 -0.100998
v 0.01270794 0.0063719679 -0.0808029705
v 0.015944 0.00716798834 -0.0749259505
v 0.01046496 0.00580596255 -0.0854550004
v 0.00988996 0.0104179835 -0.0857020008
v 0.006225943 0.00469898373 -0.0962989904
v 0.006140947 0.00601296872 -0.0963749805
v 0.004793941 0.00431596438 -0.100967
v 0.004639983 0.00427394334 -0.101518
v 0.003144979 0.00386898888 -0.107572
v 0.002400994 0.00917994086 -0.107850001
v 0.004898965 0.0119909527 -0.0966579909
v 0.000175 0.0139129618 -0.107982001
v -0.00356996 0.0171839419 -0.107911001
v -0.00139898 0.012280991 -0.119590901
v 0.002321958 0.0162809327 -0.0967369612
v -0.001705944 0.0191919727 -0.0966230014
v 0.004831969 0.0191179435 -0.0858739614
v 0.000364 0.0214719635 -0.0856919816
v 0.007420957 0.0220599643 -0.0752309517
v 0.007975995 0.0155469635 -0.0858820012
v 0.01130998 0.0194329543 -0.0753529615
v 0.01490795 0.0236599951 -0.0650869618
v 0.01412898 0.0154499943 -0.0753110012
v 0.01873099 0.0209499451 -0.0651989516
v 0.02324998 0.0264099757 -0.057262952
v 0.02072596 0.0180629351 -0.0651659914
v 0.02201497 0.0142829951 -0.0650239511
v 0.02669697 0.0253189758 -0.0560479719
v 0.02851599 0.0222099958 -0.0559870017
v 0.02746397 0.0262549458 -0.054996962
v 0.02559995 0.0264159958 -0.056034982
v 0.02966099 0.0258069559 -0.0537109919
v 0.03106695 0.025332976 -0.0528519719
v 0.02972996 0.026259946 -0.053516982
v 0.03601598 0.0220149663 -0.0495439717
v 0.02203696 0.0272469457 -0.0572599721
v 0.02985197 0.026758956 -0.053384952
v 0.03610295 0.0221279763 -0.0494729817
v 0.02358698 0.0281979957 -0.0564059621
v 0.02354699 0.0341919557 -0.0563099926
v 0.02202194 0.0283199457 -0.0570330021
v 0.01382297 0.0288759355 -0.0595439622
v 0.02200996 0.0278829857 -0.0570789521
v 0.01380497 0.0282629655 -0.0596249621
v 0.01383495 0.0273739555 -0.0599879621
v 0.005329966 0.0275369754 -0.0615209921
v 0.01393395 0.0266429654 -0.060606002
v 0.022116 0.0266639457 -0.057565982
v 0.005376994 0.0267679553 -0.062411962
v 0.01401299 0.0263419654 -0.061025972
v 0.02217996 0.0263799956 -0.057781992
v 0.01117295 0.0263879753 -0.061842972
v 0.01019698 0.0252469651 -0.0648390019
v 0.005416989 0.0265179752 -0.062988992
v -0.001324951 0.0266649652 -0.063482992
v -0.003416955 0.0266999552 -0.063458972
v -0.001432955 0.0265459952 -0.064062952
v -0.01221698 0.0266519652 -0.063273962
v -0.003216981 0.0246159944 -0.0746060019
v -0.004985988 0.0227109636 -0.0853750117
v -0.01206696 0.0249789844 -0.0739759819
v -0.01205396 0.0248399843 -0.0748589619
v -0.01803499 0.0219889729 -0.0944619717
v -0.01191198 0.0232519436 -0.0848979918
v -0.01179498 0.021930983 -0.0932089617
v -0.01239198 0.0217179528 -0.0948010016
v -0.01177299 0.0216809428 -0.0947839616
v -0.01175498 0.0214829928 -0.0960249916
v -0.006762981 0.0208019527 -0.0963509616
v -0.01159298 0.0197219719 -0.107479001
v -0.01154696 0.0192709416 -0.110742001
v -0.008402943 0.0190769919 -0.107673001
v -0.009630978 0.017881971 -0.119335001
v -0.004984974 0.015751941 -0.119544001
v -0.01014798 0.0175209503 -0.128910001
v -0.01142698 0.018327941 -0.119230001
v -0.01129299 0.0178319703 -0.128681001
v -0.01873195 0.0191659804 -0.127191001
v -0.01092797 0.0174169383 -0.154462901
v -0.02865499 0.0194079685 -0.152595901
v -0.01080596 0.0172789477 -0.163056001
v -0.02896696 0.0198319406 -0.125141001
v -0.02834296 0.0189939564 -0.180052001
v -0.04612296 0.0170019664 -0.179859001
v -0.04586398 0.0165869342 -0.208988001
v -0.05184197 0.0142549664 -0.179745001
v -0.05146098 0.0138909642 -0.209414001
v -0.05583798 0.00932495344 -0.179642001
v -0.057401 0.00317196644 -0.1796039
v -0.05530995 0.00912593117 -0.209689001
v -0.05681997 0.00317196416 -0.209799
v -0.05478197 0.0089269689 -0.239737001
v -0.05623996 0.00317196188 -0.239994
v -0.05450397 0.0094559599 -0.239688001
v -0.05428397 0.0118339411 -0.250029001
v -0.05107998 0.0135279619 -0.239084001
v -0.05082696 0.013725972 -0.239039001
v -0.045605 0.016171972 -0.238117901
v -0.05062997 0.0159429712 -0.249023001
v -0.04549598 0.0181739713 -0.247696001
v -0.05040597 0.0206029805 -0.258248002
v -0.045358 0.0224549506 -0.256584002
v -0.05413299 0.0165979604 -0.259535001
v -0.05005496 0.0252919498 -0.267414002
v -0.04945397 0.0277099391 -0.277274002
v -0.04519695 0.02671895 -0.265417002
v -0.05381399 0.0215409697 -0.268978002
v -0.05486899 0.0189389297 -0.269498001
v -0.05306297 0.0245959489 -0.279180002
v -0.04986494 0.027489939 -0.277493002
v -0.05347198 0.0239729589 -0.279391002
v -0.05437695 0.0220259789 -0.279849002
v -0.05338799 0.0239729586 -0.283765002
v -0.05059295 0.023972957 -0.305180002
v -0.05483996 0.0191209686 -0.283793001
v -0.04974597 0.0274899386 -0.283695002
v -0.04484796 0.0287719686 -0.283601002
v -0.04705494 0.027489937 -0.304313002
v -0.03990995 0.0274899356 -0.323839002
v -0.04229694 0.0287719671 -0.303147002
v -0.03552299 0.0287719657 -0.321658002
v -0.024854 0.0287719645 -0.338233002
v -0.028656 0.0274899342 -0.341323002
v -0.008964955 0.028771963 -0.357785002
v -0.007635951 0.0287719629 -0.359181002
v -0.002579987 0.0287719633 -0.353793002
v -0.003342986 0.0287719627 -0.361692002
v -0.000575 0.0287719632 -0.354941002
v -0.002934992 0.0287719633 -0.353424002
v -0.002934992 0.0161719633 -0.353424001
v -0.004100978 0.0287719635 -0.350872002
v -0.004100978 0.0161719635 -0.350872001
v -0.003701984 0.0287719637 -0.348095002
v -0.000575 0.0161719632 -0.354941001
v 0.002229988 0.0161719632 -0.354941001
v 0.002229988 0.0287719632 -0.354941002
v 0.004456996 0.0161719633 -0.353570001
v 0.01639199 0.0161719625 -0.364772001
v 0.004589974 0.0161719633 -0.353424001
v 0.00575596 0.0161719635 -0.350872001
v 0.004589974 0.0287719633 -0.353424002
v 0.00575596 0.0287719635 -0.350872002
v 0.011289 0.0161719622 -0.368793001
v 0.01862198 0.0161719627 -0.361952001
v 0.02207797 0.0161719634 -0.352537001
v 0.01896196 0.0162839527 -0.362177001
v 0.01148998 0.0162839521 -0.369148001
v 0.019207 0.0165889526 -0.362340001
v 0.022484 0.0162839534 -0.352585001
v 0.02277594 0.0165889534 -0.352620001
v 0.02129596 0.0162839541 -0.342436001
v 0.02156996 0.0165849642 -0.342336001
v 0.02129495 0.0162829441 -0.342437001
v 0.020913 0.0161719641 -0.342576001
v 0.01868599 0.0162829447 -0.335303001
v 0.01830399 0.0161719647 -0.335443001
v 0.01868695 0.0162839547 -0.335303001
v 0.00998497 0.0162839568 -0.307502001
v 0.01896095 0.0165849647 -0.335202001
v 0.01896297 0.0165889547 -0.335202001
v 0.01026898 0.0165889568 -0.307427001
v 0.01905494 0.0169929547 -0.335168001
v 0.02166396 0.0169929542 -0.342301001
v 0.01905494 0.0169999247 -0.335168001
v 0.01036399 0.0169999268 -0.307402001
v 0.019041 0.0174189547 -0.335173001
v 0.01902699 0.0178449447 -0.335178001
v 0.02164995 0.0174189542 -0.342307001
v 0.02166396 0.0169999242 -0.342302001
v 0.02163594 0.0178449442 -0.342312001
v 0.021622 0.0182699242 -0.342317001
v 0.01901298 0.0182699247 -0.335183001
v 0.02160799 0.0186959242 -0.342322001
v 0.01899898 0.0186959247 -0.335188001
v 0.02159398 0.0191209642 -0.342327001
v 0.02022999 0.0239729541 -0.342826002
v 0.01898598 0.0191209647 -0.335193001
v 0.02285295 0.0191209637 -0.347885001
v 0.02140694 0.0239729537 -0.348022002
v 0.02279895 0.0191209634 -0.352622001
v 0.02245599 0.0191209632 -0.354686001
v 0.02287298 0.0169999234 -0.352631001
v 0.01928895 0.0169999226 -0.362394001
v 0.01922696 0.0191209626 -0.362353001
v 0.02042096 0.0191209628 -0.360330001
v 0.02103596 0.0239729532 -0.354381002
v 0.01762199 0.0239729547 -0.335692002
v 0.01029199 0.0191209668 -0.307421001
v 0.008886992 0.0239719468 -0.307789002
v 0.004257977 0.0191209689 -0.278953001
v 0.002823948 0.0239719489 -0.279187002
v 0.000936 0.0191209711 -0.250042001
v 0.004330992 0.0169999289 -0.278941001
v 0.001009941 0.0169999311 -0.250037001
v 0.004233956 0.0165889589 -0.278957001
v 0.003943979 0.0162839589 -0.279004001
v 0.003541946 0.0161719689 -0.279070001
v 0.00958997 0.0161719668 -0.307605001
v 0.000406 0.0220469611 -0.250282002
v 0.000825 0.0188189513 -0.248193001
v 0.000787 0.0185119313 -0.247418901
v 0.00025 0.0218929412 -0.248484002
v -0.001211941 0.0246239712 -0.249186902
v -0.000989 0.0247609411 -0.250996002
v -0.001358985 0.0239239713 -0.247449902
v -0.003538966 0.0260369512 -0.248453002
v -0.00615698 0.0273689411 -0.249725902
v -0.003149986 0.026938951 -0.252135002
v -0.003991961 0.0274899409 -0.252584002
v -0.000771 0.0274899389 -0.279773002
v -0.005829989 0.0283139709 -0.253570002
v -0.008708 0.0287719707 -0.255128002
v -0.005605995 0.0287719688 -0.280561002
v -0.026865 0.02877197 -0.265005002
v -0.00901395 0.027861931 -0.251143002
v -0.009022951 0.027803931 -0.251013002
v -0.009241998 0.0258729813 -0.247761002
v -0.02709996 0.0279529404 -0.259829002
v -0.02729594 0.0259589308 -0.254741002
v -0.04513698 0.0278009497 -0.268546002
v -0.04501497 0.0287719692 -0.274879002
v -0.009282946 0.0253949513 -0.247108902
v -0.045255 0.0253849402 -0.262354002
v 0.000624 0.0287719666 -0.309953002
v 0.005362987 0.0274899367 -0.308712002
v 0.01420098 0.0274899346 -0.336943002
v -0.000473 0.0239719511 -0.250728002
v 0.02157199 0.0165889542 -0.342335001
v 0.01163595 0.0165889521 -0.369403001
v 0.001676976 0.0162839519 -0.371995001
v 0.001656949 0.0161719619 -0.371587001
v -0.008198976 0.0161719621 -0.369734001
v -0.01615697 0.0161719625 -0.363631001
v -0.03267395 0.0161719641 -0.343299001
v -0.04317098 0.0239729554 -0.325460002
v -0.05491095 0.0191209689 -0.280086001
v -0.05550098 0.000175978573 -0.283806
v -0.05200397 0.0191209669 -0.305526001
v -0.05104196 0.0191209667 -0.309155001
v -0.05123096 0.0134659767 -0.309209001
v -0.05119496 0.0135459566 -0.309323001
v -0.05254596 0.00872496399 -0.304820001
v -0.05316895 0.00221494512 -0.303103
v -0.05238699 0.00853792496 -0.305108001
v -0.05207097 0.00838092595 -0.305287001
v -0.05298596 0.00220695809 -0.303457
v -0.05107599 0.0132549766 -0.309487001
v -0.04915595 0.0158779362 -0.315184001
v -0.05082595 0.0130189366 -0.309571001
v -0.05049794 0.0128859566 -0.309557001
v -0.04896497 0.0156199662 -0.315185001
v -0.046606 0.0164209358 -0.321158001
v -0.04869794 0.0154539662 -0.315132001
v -0.046377 0.0162429558 -0.321059001
v -0.04837697 0.0154039562 -0.315028001
v -0.04644894 0.0162839558 -0.321090001
v -0.05168199 0.00830492995 -0.305296001
v -0.05015999 0.0128819666 -0.309450001
v -0.05020499 0.0127749766 -0.309295001
v -0.04975998 0.0137089165 -0.310800001
v -0.05058497 0.0117189568 -0.307947001
v -0.04698199 0.012176967 -0.305105001
v -0.04761999 0.011483937 -0.304697001
v -0.04021096 0.0108949276 -0.296573001
v -0.05133497 0.00832495696 -0.305143001
v -0.05145597 0.007443941 -0.304682001
v -0.02838999 0.00616196575 -0.281462
v -0.051835 0.00214592309 -0.303481
v -0.05185997 0.000537977085 -0.303522
v -0.05199199 0.00215492308 -0.303604
v -0.04016697 0.00201091894 -0.292134
v -0.04015398 -0.00133898007 -0.292362
v -0.02855497 0.0018769288 -0.280843
v -0.02849799 0.0018769288 -0.280787
v -0.02847498 -0.00111498521 -0.280942
v -0.01682895 0.00174192466 -0.26944
v -0.01679599 -0.000890020348 -0.269522
v -0.01670598 -0.00350697837 -0.269815
v -0.005273997 -0.000669019498 -0.258256
v -0.005220949 -0.0029660055 -0.258283
v -0.005193948 -0.0043199845 -0.258312
v -0.005174994 -0.0053029845 -0.258344
v -0.004142999 -0.00434597238 -0.256719
v -0.004075944 -0.0148899694 -0.256996999
v -0.003614962 -0.0148989693 -0.255102999
v -0.004922986 -0.0148959895 -0.258753999
v -0.004945993 -0.0142629895 -0.258732999
v -0.004912972 -0.0149549995 -0.258757999
v -0.01527094 -0.0150550207 -0.274062999
v -0.004893958 -0.0150239595 -0.258763999
v -0.003568947 -0.0150509593 -0.255100999
v -0.004851996 -0.0151259995 -0.258779999
v -0.004782974 -0.0152329995 -0.258806999
v -0.003464996 -0.0151989593 -0.255099999
v -0.003440976 -0.0152250093 -0.255099999
v -0.003555953 -0.0150749793 -0.255099999
v -0.002196967 -0.0150910182 -0.241293999
v -0.002239942 -0.0149969582 -0.241288999
v -0.002170979 -0.0151329782 -0.241295899
v -0.00208199 -0.0152399682 -0.241305999
v -0.002140998 -0.0151729682 -0.240861999
v -0.002193987 -0.0150519782 -0.240822999
v -0.001997947 -0.0153470182 -0.240924999
v -0.002110958 -0.0153349782 -0.240453999
v -0.002149999 -0.0152390181 -0.240386999
v -0.002000987 -0.0154779682 -0.240558999
v -0.002085983 -0.0156269781 -0.240123999
v -0.002115964 -0.0155220181 -0.239972999
v -0.002000987 -0.0157199681 -0.240262999
v -0.002070963 -0.0160299681 -0.239937999
v -0.00199896 -0.0160589981 -0.240096999
v -0.00209397 -0.0159999881 -0.239776999
v -0.002068996 -0.0163009881 -0.239923999
v -0.002011954 -0.0164389781 -0.240091999
v -0.002080976 -0.0162599781 -0.239876999
v -0.003164947 -0.0173480081 -0.240215999
v -0.002091944 -0.0161419681 -0.239759999
v -0.001823961 -0.0133490079 -0.237215899
v -0.003001987 -0.0146359979 -0.237529899
v -0.001688957 -0.0121619878 -0.235959999
v -0.001731991 -0.0116849678 -0.236344899
v -0.00149095 -0.0107460177 -0.234140999
v -0.002858996 -0.0123689877 -0.234445999
v -0.001148998 -0.00930799745 -0.231082999
v -0.001074969 -0.0091549924 -0.230428899
v -0.001220941 -0.00892396449 -0.231713999
v -0.001313984 -0.00866700956 -0.232524999
v -2.9e-05 -0.00594200374 -0.221709
v -0.001526951 -0.0085209777 -0.234435999
v -0.001798987 -0.0113619679 -0.236955999
v -0.002155959 -0.0151879881 -0.240355999
v -0.001970946 -0.011173978 -0.238547999
v -0.002293944 -0.0149129782 -0.241669999
v -0.002276957 -0.0113889682 -0.241447999
v -0.001910984 -0.00871999796 -0.237948999
v -0.002573966 -0.0115720184 -0.244328999
v -0.002535998 -0.0149110084 -0.244011899
v -0.002551972 -0.0149110084 -0.244168899
v -0.002559959 -0.0149110084 -0.244250999
v -0.002559959 -0.0149110084 -0.244250999
v -0.002559959 -0.0149110084 -0.244250999
v -0.002559959 -0.0149110084 -0.244250999
v -0.002559959 -0.0149110084 -0.244250999
v -0.002559959 -0.0149110084 -0.244250999
v -0.002559959 -0.0149110084 -0.244250999
v -0.002559959 -0.0149110084 -0.244249899
v -0.002559959 -0.0149110084 -0.244249899
v -0.002559959 -0.0149110084 -0.244249899
v -0.002559959 -0.0149110084 -0.244249899
v -0.002559959 -0.0149110084 -0.244249899
v -0.002559959 -0.0149110084 -0.244250999
v -0.002559959 -0.0149110084 -0.244250999
v -0.002559959 -0.0149110084 -0.244250999
v -0.002559959 -0.0149110084 -0.244251999
v -0.002560973 -0.0149110084 -0.244256999
v -0.00257498 -0.0149110085 -0.244397899
v -0.002657949 -0.0149089785 -0.245217999
v -0.002659976 -0.0149089785 -0.245236899
v -0.002659976 -0.0149089785 -0.245239999
v -0.002660989 -0.0149089785 -0.245241899
v -0.002660989 -0.0149089785 -0.245246999
v -0.002662956 -0.0149089785 -0.245264999
v -0.00266695 -0.0149089785 -0.245301999
v -0.002673983 -0.0149089785 -0.245376999
v -0.002688944 -0.0149089785 -0.245525999
v -0.002718985 -0.0149079686 -0.245823999
v -0.002778947 -0.0149079686 -0.246423999
v -0.003016948 -0.0149059988 -0.248830999
v -0.003252983 -0.014902959 -0.251260999
v -0.002645969 -0.0091449795 -0.244977999
v -0.00228399 -0.00891401123 -0.241463999
v -0.002995967 -0.00936200076 -0.248493999
v -0.002077996 -0.00499697308 -0.239506
v -0.001511991 -0.00526501469 -0.234331
v -0.002618968 -0.00474597847 -0.244686
v -0.003131985 -0.00453199786 -0.249822
v -0.003335952 -0.00952901303 -0.252013999
v -0.003613948 -0.00437798024 -0.254887
v -0.003615975 -0.00961597625 -0.254993999
v -0.003619968 -0.00339897324 -0.254877
v -0.00140196 -0.00458999161 -0.233278
v -0.003632962 -0.00231196324 -0.254871
v -0.001377999 -0.00372500959 -0.23293
v -0.00367099 -0.000183019242 -0.254865
v -0.003707945 0.00167194976 -0.254866
v -0.001419961 -0.00181497859 -0.232939
v -0.001506984 5.39823818e-05 -0.23336
v -9.6e-05 -0.00258298374 -0.221765
v -0.001387953 -0.00282396558 -0.232848
v -5.7e-05 -0.00355298973 -0.221632
v -5.5e-05 -0.00440098474 -0.221759
v 0.000698 -0.00424499928 -0.215688
v 0.000585 -0.00497098336 -0.216701
v 0.000793 -0.00342096422 -0.214789
v 0.000904 -0.00176997513 -0.213659
v -0.000213 -0.00072701679 -0.2223899
v 0.000913 -0.00150801312 -0.213546
v 0.00093 0.000136983903 -0.213208
v -0.001601994 0.00189493234 -0.233887
v -0.003741979 0.00333193976 -0.254866
v -0.00376898 0.00486294476 -0.254868
v 0.000438 -0.00567300745 -0.2179509
v 0.000272 -0.00626601356 -0.219303
v -0.000105 -0.00519396478 -0.222286
v -0.000225 -0.00581200586 -0.223305
v -0.000346 -0.00575198393 -0.224304
v -0.000932 -0.00553496331 -0.2292439
v -0.001469969 -0.00528498266 -0.233955
v 0.000199 -0.00646699888 -0.197134
v -0.0004 -0.00794096497 -0.224717999
v 0.000167 -0.00655497515 -0.1874099
v -0.003482997 -0.0148999792 -0.253691999
v -0.003443956 -0.0149009991 -0.253272999
v -0.003436982 -0.0149009991 -0.253196999
v -0.003433942 -0.0149009991 -0.253162999
v -0.003431975 -0.0149009991 -0.253146999
v -0.003431975 -0.0149009991 -0.253144999
v -0.003431975 -0.0149009991 -0.253143999
v -0.003431975 -0.0149009991 -0.253143999
v -0.003430962 -0.0149009991 -0.253133999
v -0.003428995 -0.0149009991 -0.253110999
v -0.003392994 -0.0149009991 -0.252737999
v -0.002254962 -0.0149139882 -0.241286899
v -0.002203941 -0.0150089982 -0.240809999
v -0.002155959 -0.0151890081 -0.240353999
v -0.002110958 -0.0155819781 -0.239932999
v -0.005708992 -0.016599008 -0.238261899
v -0.005823969 -0.0191269682 -0.241068999
v -0.005919992 -0.0217719784 -0.243761998
v -0.00882095 -0.0200960183 -0.242042998
v -0.008845984 -0.0225669885 -0.244877898
v -0.00879395 -0.0183619981 -0.239929999
v -0.008841991 -0.0244909687 -0.247201998
v -0.02708899 -0.0251849992 -0.254915998
v -0.008834958 -0.0249799587 -0.247845998
v -0.005965948 -0.0243469586 -0.246582998
v -0.008748948 -0.027000979 -0.251136998
v -0.008744001 -0.027053009 -0.251248998
v -0.02689898 -0.0271979696 -0.259994998
v -0.04500097 -0.0270340003 -0.268713998
v -0.02666598 -0.02802397 -0.265172998
v -0.044806 -0.0280410208 -0.275040998
v -0.008497953 -0.0280059693 -0.255288998
v -0.005396962 -0.0279690212 -0.280722998
v -0.005613982 -0.0275429592 -0.253726998
v -0.005900979 -0.0265509589 -0.249832998
v -0.003784954 -0.0267199991 -0.252743998
v -0.002927958 -0.026155959 -0.252284998
v -0.000564 -0.0266800111 -0.279932998
v 0.003024995 -0.0231570211 -0.279341998
v 0.005569994 -0.0266329833 -0.308871998
v 0.009087979 -0.0231110032 -0.307944998
v 0.000833 -0.0279219934 -0.310113998
v 0.01440697 -0.0265829755 -0.337102998
v 0.01701599 -0.026568966 -0.344236998
v 0.01782298 -0.0230609954 -0.335846998
v 0.009808957 -0.0278700156 -0.338786998
v 0.01028394 -0.0278679957 -0.340087998
v 0.004233956 -0.0278700162 -0.346532998
v 0.01241797 -0.0278570261 -0.345920998
v 0.01289397 -0.0278480266 -0.352749998
v 0.009657979 -0.0278449871 -0.358782998
v 0.01768195 -0.0265559767 -0.353775998
v 0.01316195 -0.0265529973 -0.362203998
v 0.02123695 -0.0230319668 -0.354535998
v 0.02264899 -0.0181780068 -0.354834999
v 0.01933497 -0.0230279772 -0.359813998
v 0.02160799 -0.0230390063 -0.348176998
v 0.02043199 -0.0230480059 -0.342980998
v 0.02304595 -0.0181859963 -0.348033999
v 0.02299195 -0.0181799766 -0.352770999
v 0.021788 -0.0181949959 -0.342475999
v 0.02185398 -0.0160740259 -0.342447999
v 0.01917898 -0.0182079853 -0.335341999
v 0.01924496 -0.0160870153 -0.335313999
v 0.01048499 -0.0182579932 -0.307569999
v 0.004450976 -0.0183040111 -0.279101999
v 0.01055395 -0.0161360132 -0.307548999
v 0.01045799 -0.0157249732 -0.307572999
v 0.004520952 -0.0161799911 -0.279086999
v 0.004423975 -0.0157709911 -0.279102999
v 0.00119996 -0.0162179589 -0.250183999
v 0.00110197 -0.0158130089 -0.250189999
v 0.001039981 -0.0162289887 -0.247611899
v 0.001128971 -0.0183459689 -0.250190999
v 0.001017987 -0.0180429987 -0.248331999
v 0.000609 -0.0212559889 -0.250431998
v 0.000453 -0.0210989888 -0.248619998
v -0.000272 -0.0231989789 -0.250882998
v -0.000773 -0.023967999 -0.251144998
v -0.000994 -0.0238249988 -0.249317998
v -0.003155946 -0.0259519989 -0.250385998
v -0.001134991 -0.0231009887 -0.247565998
v -0.001220941 -0.0207339685 -0.244596998
v 0.000348 -0.0203520186 -0.246893998
v -0.003296971 -0.0252119988 -0.248562998
v -0.003371953 -0.0229100085 -0.245466998
v -0.003301978 -0.0201749983 -0.242781898
v -0.001169979 -0.0178759783 -0.242021999
v -0.001125991 -0.0166390082 -0.240995999
v -0.000389 -0.0165799983 -0.241742999
v 9.9e-05 -0.0165180083 -0.242414999
v 0.00015 -0.0161329683 -0.242385999
v 0.000263 -0.0164879683 -0.242701999
v 0.00068 -0.0163629784 -0.243799999
v 0.000266 -0.0179309984 -0.243992999
v 0.000896 -0.0162429985 -0.245291999
v 0.000844 -0.0159189885 -0.245294999
v 0.000938 -0.0171989886 -0.246582999
v 0.00098 -0.0177399687 -0.247566899
v 0.000802 -0.0158270185 -0.245297999
v 0.000676 -0.0156529685 -0.245305999
v 3.6e-05 -0.0157659783 -0.242448999
v 0.000508 -0.0155179685 -0.245316999
v 0.000808 -0.0155089589 -0.250208999
v 0.000418 -0.0154720085 -0.245322999
v -0.000215 -0.0155040183 -0.242591999
v 9.7e-05 -0.0154050085 -0.245344899
v 0.000401 -0.0153979789 -0.250235999
v -0.000544 -0.0154090083 -0.242777999
v -0.001756966 -0.0154129982 -0.241339999
v -0.003112971 -0.0153979793 -0.255105999
v -0.001856982 -0.0153929682 -0.241329999
v -0.001803994 -0.0154529982 -0.240974999
v -0.001889944 -0.0154219982 -0.240956999
v -0.001830995 -0.0155260082 -0.240747999
v -0.001842975 -0.0155779882 -0.240641999
v -0.001871943 -0.0157919681 -0.240376999
v -0.001875996 -0.0158499581 -0.240331999
v -0.001886963 -0.0160819981 -0.240229999
v -0.001887977 -0.0161720081 -0.240215999
v -0.001887977 -0.0162260081 -0.240214999
v -0.001887977 -0.0162490181 -0.240215999
v -0.001887977 -0.0162549781 -0.240215999
v -0.001887977 -0.0162569981 -0.240215999
v -0.001887977 -0.0162620081 -0.240216999
v -0.001886963 -0.0162850181 -0.240218899
v -0.001884996 -0.0164010081 -0.240243999
v -0.001871943 -0.0166149881 -0.240359999
v -0.00199896 -0.0164330181 -0.240113999
v -0.00199896 -0.0164640081 -0.240123999
v -0.001865983 -0.0166800182 -0.240415999
v -0.001933991 -0.0153560182 -0.241320999
v -0.001987993 -0.0153200182 -0.241315999
v -0.003289997 -0.0153389693 -0.255101999
v -0.003224968 -0.0153709793 -0.255102999
v -0.003343999 -0.0153049993 -0.255100999
v -0.00316298 -0.0153910093 -0.255104999
v -0.004676997 -0.0153380195 -0.258846999
v -0.004764974 -0.0152549895 -0.258813999
v -0.00464797 -0.0153579895 -0.258858999
v -0.01493996 -0.0153629907 -0.274274999
v -0.004604995 -0.0153799795 -0.258875999
v -0.004528999 -0.0153949995 -0.258907999
v -0.01478695 -0.0153929707 -0.274327999
v -0.02515298 -0.0153899919 -0.289909999
v -0.025294 -0.0153699719 -0.289783999
v -0.035519 -0.0153870131 -0.305491999
v -0.03984296 -0.0153860036 -0.311990999
v -0.03577297 -0.015347023 -0.305088999
v -0.03598999 -0.015256003 -0.304676999
v -0.02542698 -0.0153169819 -0.289648999
v -0.01508098 -0.0152859807 -0.274208999
v -0.02562999 -0.0151559918 -0.289369999
v -0.02586996 -0.0147649818 -0.288806999
v -0.02631598 -0.0138830117 -0.287676999
v -0.036336 -0.0150159729 -0.303849999
v -0.01540297 -0.0145139807 -0.273763999
v -0.01563894 -0.0133750006 -0.273154999
v -0.01603597 -0.0110309905 -0.272042999
v -0.004988968 -0.0128669895 -0.258669999
v -0.005064964 -0.0102160095 -0.258551999
v -0.005123972 -0.00770701851 -0.258437999
v -0.01634198 -0.00859799047 -0.271095999
v -0.01656097 -0.00608499841 -0.270342
v -0.02765399 -0.00949301443 -0.283858999
v -0.02807098 -0.00687398633 -0.282468999
v -0.038966 -0.0103889924 -0.296621999
v -0.02707195 -0.0118490016 -0.285612999
v -0.03810799 -0.0126670226 -0.299182999
v -0.04914295 -0.0134849736 -0.312752999
v -0.03699296 -0.0143919728 -0.302197999
v -0.04767096 -0.0148999839 -0.316719999
v -0.04588598 -0.0153839742 -0.321073999
v -0.04855597 -0.0141939737 -0.314380999
v -0.04895299 -0.0142989937 -0.314460999
v -0.04625797 -0.0154950243 -0.321234999
v -0.05099999 -0.0105440233 -0.308453999
v -0.049263 -0.0145780037 -0.314438999
v -0.04652696 -0.0157960243 -0.321350999
v -0.04940098 -0.0149539937 -0.314322999
v -0.05133497 -0.0107779733 -0.308288999
v -0.05148297 -0.0110820133 -0.308005999
v -0.05251997 -0.00453498198 -0.304321
v -0.05242896 -0.00449898098 -0.3044
v -0.05259096 -0.00456996997 -0.304239
v -0.05271297 -0.00466301295 -0.304002
v -0.052809 -0.00124701093 -0.303683
v -0.05256795 -0.00123097793 -0.303754
v -0.05302196 -0.00126501192 -0.303551
v -0.05283397 0.00219992408 -0.303587
v -0.05261999 0.00218895707 -0.303686
v -0.05260896 0.00218794407 -0.303689
v -0.05238896 0.00217697707 -0.303717
v -0.05218696 0.00216595007 -0.303688
v -0.05231696 -0.00121798393 -0.303778
v -0.052248 -0.00444497899 -0.304504
v -0.05206596 -0.00120796993 -0.303763
v -0.052181 0.00216493607 -0.303686
v -0.05205696 -0.00440701099 -0.304559
v -0.05184298 -0.00120099593 -0.303719
v -0.05185896 -0.00019802292 -0.303585
v -0.05183297 -0.00156398893 -0.303782
v -0.05179595 -0.00251802095 -0.303984
v -0.05167198 -0.00437398999 -0.304544
v -0.05186295 -0.00438400399 -0.304572
v -0.05159795 -0.00515099602 -0.30485
v -0.05109 -0.00845202116 -0.306724999
v -0.039967 -0.00460299013 -0.293172
v -0.03957998 -0.00766297324 -0.294596999
v -0.02833598 -0.00405498425 -0.281493
v -0.05057096 -0.0104429933 -0.308455999
v -0.05027794 -0.0112849634 -0.309384999
v -0.05189096 0.000535977083 -0.303539
v -0.05213195 -0.00442000499 -0.304543
v -0.05310398 -0.00127401191 -0.303452
v -0.05308896 0.000470977094 -0.303398
v -0.05304199 0.00220993809 -0.303388
v -0.05317497 0.000463977102 -0.303288
v -0.05312699 0.00221291811 -0.303236
v -0.05321598 0.00045797711 -0.303184
v -0.05321794 0.000175977108 -0.303214
v -0.05314397 -0.0012809859 -0.30335
v -0.05289 -0.00341298392 -0.303633
v -0.05276197 -0.00442501194 -0.303867
v -0.05272996 -0.00468697395 -0.303939
v -0.05552595 -0.00446297815 -0.280125
v -0.05557298 0.000175978853 -0.280098
v -0.05538594 -0.00725700515 -0.280151999
v -0.05575597 -0.0074339704 -0.270185999
v -0.05528098 -0.00910999415 -0.280170999
v -0.05257195 -0.00907697494 -0.303910999
v -0.054892 -0.0150640212 -0.280223999
v -0.054717 -0.0184009812 -0.280234999
v -0.05525797 -0.0151969904 -0.270175999
v -0.054708 -0.0149070197 -0.261439999
v -0.05435496 -0.0195260204 -0.270227999
v -0.05439394 -0.0191589703 -0.269426999
v -0.053752 -0.0223539611 -0.279790998
v -0.05324995 -0.0232719911 -0.279538998
v -0.05429995 -0.0209350111 -0.280057998
v -0.05422496 -0.0209239914 -0.283936998
v -0.05464696 -0.0183949614 -0.283941999
v -0.05321097 -0.0232029714 -0.283920998
v -0.05032896 -0.0231700131 -0.305316998
v -0.05317097 -0.0232680014 -0.283919998
v -0.04958999 -0.0267259614 -0.283855998
v -0.04682397 -0.026695983 -0.304463998
v -0.04950594 -0.0267729914 -0.283853998
v -0.04463797 -0.0280299914 -0.283762998
v -0.04962497 -0.026780981 -0.277635998
v -0.04987597 -0.026635011 -0.277769998
v -0.05209296 -0.0248199911 -0.278939998
v -0.05063897 -0.0240059602 -0.267796998
v -0.04514396 -0.02588899 -0.265547998
v -0.05293995 -0.0218019603 -0.268750998
v -0.05116695 -0.0190810095 -0.258645999
v -0.05336195 -0.0167690096 -0.259419999
v -0.045614 -0.0214669894 -0.256791998
v -0.05153596 -0.0142269888 -0.249449999
v -0.05178099 -0.0119209981 -0.239380999
v -0.05499595 -0.00916697391 -0.250447999
v -0.054753 -0.0140649796 -0.259960999
v -0.05500596 -0.00898798188 -0.250015999
v -0.05515199 -0.00709696441 -0.243799999
v -0.05551296 -0.00722398187 -0.249986999
v -0.05614995 0.000175981125 -0.250009
v -0.05586999 -0.00739397563 -0.260054999
v -0.05595499 0.000175980361 -0.260133
v -0.05474799 -0.0141620196 -0.260129999
v -0.05576395 0.00017597961 -0.270071
v -0.05595695 0.000175980366 -0.260055
v -0.05614995 0.000175981123 -0.250034
v -0.05557495 0.0111469404 -0.260040001
v -0.05594599 0.00580297009 -0.250495
v -0.05557096 0.0112089304 -0.260142001
v -0.05519998 0.0165549296 -0.269725001
v -0.05519396 0.0166289596 -0.269889001
v -0.05595594 0.00566397111 -0.25019
v -0.05576097 0.000175979596 -0.270262
v -0.05634194 0.00017598188 -0.240012
v -0.05524796 -0.00669600312 -0.239983999
v -0.05692297 0.00017598416 -0.209808
v -0.05577796 -0.00694997685 -0.209875999
v -0.04591798 -0.0183819689 -0.250956999
v -0.04529798 -0.0245170098 -0.262539998
v -0.04208797 -0.0280009729 -0.303310998
v -0.03531497 -0.0279659843 -0.321816998
v -0.02464497 -0.0279270055 -0.338393998
v -0.03967899 -0.0266589745 -0.323988998
v -0.02848899 -0.0266189758 -0.341513998
v -0.04290997 -0.0231319846 -0.325589998
v -0.03130197 -0.023090026 -0.343790998
v -0.04427999 -0.0183239746 -0.326252999
v -0.04760795 -0.0183389941 -0.318805999
v -0.04071295 -0.0183099751 -0.332799999
v -0.04075199 -0.0161749951 -0.332882999
v -0.03241699 -0.018281006 -0.344684999
v -0.01652699 -0.0182299875 -0.364236999
v -0.03247797 -0.016159976 -0.344728999
v -0.01658797 -0.0161090075 -0.364280999
v -0.03317397 -0.016155026 -0.343863999
v -0.033077 -0.015746016 -0.343826999
v -0.03296595 -0.015575016 -0.343762999
v -0.04652899 -0.0158009743 -0.321351999
v -0.01651096 -0.0156929675 -0.364216999
v -0.01651298 -0.0156979775 -0.364218999
v -0.01641499 -0.0155260175 -0.364138999
v -0.01628994 -0.0153960175 -0.364036999
v -0.016285 -0.0153929775 -0.364032999
v -0.03282397 -0.0154440059 -0.343672999
v -0.03248494 -0.0153339759 -0.343444999
v -0.04625296 -0.0154919843 -0.321231999
v -0.01596897 -0.0152809875 -0.363775999
v -0.008010983 -0.0152600079 -0.369878999
v -0.008176982 -0.015371998 -0.370250999
v 0.001844942 -0.0152420081 -0.371732999
v 0.01147699 -0.0152290079 -0.368937999
v 0.001864969 -0.0153529881 -0.372139999
v 0.01167899 -0.0153399979 -0.369292999
v 0.00187999 -0.0156569681 -0.372433999
v 0.01182496 -0.0156439779 -0.369548999
v -0.008295953 -0.015675988 -0.370519999
v 0.001884996 -0.0160680081 -0.372531999
v 0.01187294 -0.0160560279 -0.369633999
v -0.008334994 -0.016087968 -0.370609999
v 0.001884996 -0.0181899881 -0.372460999
v -0.000464 -0.0181930281 -0.372450999
v 0.006021976 -0.0181840281 -0.371869999
v 0.01183998 -0.0181769979 -0.369572999
v 0.005689978 -0.023036978 -0.370463998
v 0.004845976 -0.0265609877 -0.366925998
v 0.01113098 -0.0230310178 -0.368315998
v -0.000373 -0.023045978 -0.371006998
v -0.005880951 -0.0230570079 -0.369937998
v -0.01153194 -0.0230699977 -0.366999998
v -0.004706978 -0.0265770177 -0.366491998
v -0.006353974 -0.018205008 -0.371306999
v -0.008301973 -0.018209008 -0.370544999
v -0.012398 -0.0182190178 -0.368164999
v -0.003133952 -0.0278619773 -0.361852998
v -0.01255899 -0.0265969873 -0.361033998
v -0.01539194 -0.0230810274 -0.363326998
v -0.02844899 -0.0266480058 -0.341481998
v -0.008755981 -0.027876997 -0.357945998
v -0.00762099 -0.0278729971 -0.359164998
v -0.002579987 -0.0278719867 -0.353792998
v -0.000575 -0.0278669768 -0.354940998
v -0.002934992 -0.0278729967 -0.353423998
v -0.002934992 -0.0152729967 -0.353423999
v -0.004100978 -0.0278780065 -0.350871998
v -0.004100978 -0.0152780065 -0.350871999
v -0.003701984 -0.0278809863 -0.348094998
v -0.003701984 -0.0152809863 -0.348094999
v -0.001863956 -0.0278799761 -0.345974998
v -0.001863956 -0.0152799661 -0.345974999
v 0.000827 -0.0278769961 -0.345184998
v 0.000827 -0.0152769861 -0.345184999
v 0.003518998 -0.0278719861 -0.345974998
v 0.003518998 -0.0152719861 -0.345974999
v 0.005356967 -0.0152660263 -0.348094999
v 0.00575596 -0.0152619665 -0.350871999
v 0.005356967 -0.0278660263 -0.348094998
v 0.00575596 -0.0278619765 -0.350871998
v 0.004589974 -0.0278600067 -0.353423998
v 0.002229988 -0.0278619768 -0.354940998
v 0.004589974 -0.0152600067 -0.353423999
v 0.004456996 -0.0152600067 -0.353569999
v 0.002229988 -0.0152619668 -0.354940999
v 0.01656496 -0.0152259676 -0.364932999
v 0.01881098 -0.0152259673 -0.362096999
v 0.01915097 -0.0153370174 -0.362322999
v 0.02226698 -0.0152319866 -0.352682999
v 0.02267199 -0.0153429766 -0.352729999
v 0.02110099 -0.0152470059 -0.342720999
v 0.02148497 -0.0153579959 -0.342580999
v 0.01849299 -0.0152600053 -0.335587999
v 0.009778976 -0.0153100032 -0.307749999
v 0.01887595 -0.0153719953 -0.335447999
v 0.01915198 -0.0156759853 -0.335346999
v 0.01017397 -0.0154209932 -0.307646999
v 0.004132986 -0.0154670011 -0.279148999
v 0.003729999 -0.0153560211 -0.279214999
v 0.021761 -0.0156619759 -0.342480999
v 0.02296495 -0.0156470166 -0.352764999
v 0.01939594 -0.0156409974 -0.362485999
v 0.02306199 -0.0160590066 -0.352776999
v 0.01947796 -0.0160519674 -0.362539999
v 0.01941996 -0.0181729974 -0.362501999
v 0.02061396 -0.0181740172 -0.360478999
v 0.01679396 -0.0181740176 -0.365751999
v 0.01576298 -0.0230279775 -0.364743998
v -0.000575 -0.0152669768 -0.354940999
v -0.002802968 -0.0152809862 -0.346755999
v -0.03128194 -0.023131986 -0.343774998
v 0.003704965 -0.0278510073 -0.362163998
v -0.04661899 -0.0162040143 -0.321391999
v -0.04768598 -0.0160529841 -0.318832999
v -0.05180996 -0.0183630131 -0.305678999
v -0.052239 -0.0183659929 -0.303850999
v -0.04675698 0.0166789557 -0.321223001
v -0.04923897 0.0161969362 -0.315126001
v -0.04545199 0.0194809811 -0.250717001
v -0.04553794 0.0170799215 -0.244486001
v -0.02772295 0.0181639523 -0.234962901
v -0.05798095 0.00317196872 -0.149408
v -0.02611899 0.0197799705 -0.125712001
v -0.03320896 0.0197179806 -0.124292001
v -0.02548998 0.0205399817 -0.109421002
v -0.02361994 0.022144963 -0.0932089617
v -0.01707696 0.0199809516 -0.110841002
v -0.02885299 0.0221869831 -0.0911569517
v -0.01777595 0.0267829754 -0.061117942
v -0.01222997 0.0267789853 -0.062460002
v -0.02546095 0.0267759456 -0.058323972
v -0.02679795 0.0267729656 -0.057716962
v -0.035124 0.026740956 -0.052996992
v -0.01209896 0.0269669753 -0.061800952
v -0.01198095 0.0273049354 -0.0612039521
v -0.003378987 0.0269049953 -0.062807972
v -0.00564897 0.0152269502 -0.129812001
v -0.005329966 0.0149829802 -0.129876001
v 0.00662595 0.0292679554 -0.0607599622
v 0.01883596 0.0341919556 -0.0580549826
v 0.03443795 0.0341919562 -0.0503909526
v 0.03440296 0.0472029962 -0.0503749836
v 0.03854399 0.0341919564 -0.0473240026
v 0.03873395 0.0170059764 -0.0475569913
v 0.047239 0.0341919571 -0.0386479426
v 0.04720199 0.0472029971 -0.0386409736
v 0.051153 0.0472029975 -0.0332349536
v 0.03930598 0.0472029965 -0.0466499936
v 0.03930497 0.0476229665 -0.0466489736
v 0.05115199 0.0476229675 -0.0332340036
v 0.02407497 0.0476229658 -0.0560479736
v 0.02358096 0.0476229659 -0.0544919936
v 0.02361297 0.0477569558 -0.0562449636
v 0.02407497 0.0472029958 -0.0560489836
v 0.02311897 0.0477569559 -0.0546900036
v 0.02327299 0.0481229957 -0.0563859936
v 0.02314895 0.0486229557 -0.0564369537
v 0.02278 0.0481229959 -0.0548319836
v 0.02265596 0.0486229559 -0.0548830037
v 0.02265596 0.0536229559 -0.054883004
v 0.02314895 0.0536229557 -0.056436954
v 0.02278 0.0541229759 -0.0548319841
v 0.02311897 0.0544889459 -0.0546900041
v 0.02327299 0.0541229757 -0.0563859941
v 0.02361297 0.0544889458 -0.0562449641
v 0.02407497 0.0546229358 -0.0560479741
v 0.02358096 0.0546229359 -0.0544919941
v 0.03930497 0.0546229365 -0.0466489741
v 0.02407598 0.0556229858 -0.0560489842
v 0.03930598 0.0556229865 -0.0466499942
v 0.01882696 0.0556229856 -0.0580250042
v 0.02407598 0.0757229858 -0.0560489857
v 0.01882696 0.0757229856 -0.0580250057
v 0.031901 0.0757229861 -0.0519939657
v 0.03179699 0.0759229561 -0.0518229657
v 0.03930497 0.0757229865 -0.0466489757
v 0.045641 0.0757229869 -0.0404709557
v 0.04549098 0.075922957 -0.0403379757
v 0.05115097 0.0757229875 -0.0332349557
v 0.05115199 0.0556229875 -0.0332349542
v 0.05543696 0.0757229881 -0.0254510057
v 0.05525499 0.0759229581 -0.0253679757
v 0.058595 0.0757229887 -0.0169599657
v 0.05859595 0.0556229887 -0.0169599642
v 0.06044197 0.0757229894 -0.00823200272
v 0.06024396 0.0759229594 -0.00820500173
v 0.06099498 0.0757229901 0.000774994283
v 0.06099599 0.0556229901 0.000774995801
v 0.06022399 0.0757229907 0.00969898128
v 0.060027 0.0759229607 0.00966697327
v 0.05814498 0.0757229914 0.0184439943
v 0.05814498 0.0556229914 0.0184439958
v 0.054802 0.075722992 0.0267919743
v 0.05028998 0.0757229926 0.0345249643
v 0.05462199 0.075922962 0.0267029943
v 0.04449695 0.0759229631 0.0414319543
v 0.03052699 0.075922964 0.0525809443
v 0.04464399 0.0757229931 0.0415689843
v 0.03810596 0.0757229936 0.0476339943
v 0.03062796 0.075722994 0.0527539743
v 0.03810495 0.0556229936 0.0476329858
v 0.03810399 0.0556229936 0.0476339958
v 0.05028796 0.0556229926 0.0345259858
v 0.05028897 0.0546229426 0.0345259859
v 0.05028897 0.0556229926 0.0345239558
v 0.05814498 0.0556229914 0.0184449458
v 0.05814397 0.0546229414 0.0184449459
v 0.06099498 0.0546229401 0.000776995876
v 0.058595 0.0546229387 -0.0169589541
v 0.06099599 0.0556229901 0.000776995801
v 0.05115199 0.0546229375 -0.0332340041
v 0.05859595 0.0556229887 -0.0169589542
v 0.051153 0.0556229875 -0.0332349542
v 0.03810399 0.0546229436 0.0476349459
v 0.02263998 0.0546229443 0.0566429359
v 0.005226969 0.0546229446 0.0607759859
v 0.02263897 0.0556229943 0.0566419858
v 0.005226969 0.0556229946 0.0607739558
v 0.02263998 0.0556229943 0.0566409758
v 0.022641 0.0757229943 0.0566429343
v 0.01396495 0.0757229945 0.0593799843
v 0.01391899 0.0759229645 0.0591849543
v 0.005226969 0.0757229946 0.0607759843
v -0.003903985 0.0757229946 0.0608749843
v -0.003891944 0.0759229646 0.0606749543
v -0.01263594 0.0757229945 0.0596749643
v -0.01263594 0.0556229945 0.0596739558
v -0.01806294 0.0757229944 0.0582629943
v -0.01882696 0.0757229944 0.0580239743
v -0.018004 0.0759229644 0.0580729743
v -0.01806294 0.0556229944 0.0582609658
v -0.03179597 0.0759229639 0.0518229543
v -0.04549098 0.075922963 0.0403379643
v -0.031901 0.0757229939 0.0519939543
v -0.03925997 0.0757229935 0.0466869343
v -0.02407497 0.0757229942 0.0560489743
v -0.02407497 0.0556229942 0.0560489758
v -0.02407497 0.0546229442 0.0560479659
v -0.03925997 0.0556229935 0.0466869358
v -0.05108696 0.0556229925 0.0333339458
v -0.03925997 0.0546229435 0.0466869359
v -0.05108696 0.0546229425 0.0333329959
v -0.05854594 0.0546229413 0.0171289959
v -0.05108797 0.0556229925 0.0333329958
v -0.05854594 0.0556229913 0.0171299458
v -0.05854594 0.0556229913 0.0171289958
v -0.05854594 0.0757229913 0.0171299443
v -0.06044197 0.0757229906 0.00823199128
v -0.05543696 0.0757229919 0.0254509943
v -0.05525499 0.0759229619 0.0253679643
v -0.05108696 0.0757229925 0.0333339443
v -0.045641 0.0757229931 0.0404709443
v -0.06024396 0.0759229606 0.00820499027
v -0.04815095 0.0759229628 0.0371229543
v -0.04316198 0.0759229625 0.0332759543
v -0.04464197 0.0759229624 0.0312619743
v -0.03402596 0.0759229632 0.0425729643
v -0.03402596 0.0974959732 0.0425729626
v -0.02065396 0.0759229638 0.0504349343
v -0.005607962 0.0759229641 0.0542109543
v -0.02065396 0.0974959738 0.0504349326
v -0.02105599 0.0974959738 0.0502679826
v -0.005717992 0.0974959741 0.0541989726
v -0.005607962 0.0974959741 0.0542109526
v -0.00545299 0.098999974 0.0536229525
v -0.02007299 0.0989999738 0.0500229425
v 0.009522974 0.098999974 0.0530519325
v 0.01019597 0.097495974 0.0535379526
v 0.02395796 0.0989999736 0.0482829725
v 0.03688699 0.098999973 0.0393009625
v 0.02499097 0.0974959737 0.0484329326
v 0.03729695 0.097495973 0.0397389426
v 0.02459096 0.0974959737 0.0486369626
v 0.02459096 0.0759229637 0.0486369643
v 0.009891986 0.075922964 0.0535949343
v 0.03729695 0.075922963 0.0397389443
v 0.04698199 0.0759229621 0.0276209643
v 0.05286097 0.075922961 0.0132659543
v 0.04698199 0.0974959721 0.0276209626
v 0.04675298 0.0974959721 0.0280079726
v 0.05278497 0.097495971 0.0135659426
v 0.05234295 0.098999971 0.0128629725
v 0.05286097 0.097495971 0.0132659526
v 0.05445694 0.0974959698 -0.00216395336
v 0.05445694 0.0759229598 -0.00216395173
v 0.05445295 0.0974959698 -0.00227499736
v 0.05386096 0.0989999698 -0.00204599647
v 0.051642 0.0974959687 -0.0174189874
v 0.05164098 0.0759229587 -0.0174189857
v 0.05150097 0.0974959687 -0.0178309674
v 0.05119299 0.0989999687 -0.0168659675
v 0.04464197 0.0974969776 -0.0312619874
v 0.04464197 0.0759229576 -0.0312619857
v 0.04446196 0.0974969776 -0.0315179874
v 0.03426998 0.0974969768 -0.0423769974
v 0.04431897 0.0989999677 -0.0306769675
v 0.03342199 0.0989999668 -0.0422869975
v 0.02007395 0.0989999662 -0.0500219475
v 0.00545299 0.098999966 -0.0536229675
v 0.02105695 0.0974969762 -0.0502679974
v 0.03402596 0.0974969768 -0.0425729774
v 0.02065396 0.0974969762 -0.0504349474
v 0.005718946 0.0974969759 -0.0541989874
v 0.02065396 0.0759229562 -0.0504349457
v 0.03402596 0.0759229568 -0.0425729757
v 0.005607962 0.0759229559 -0.0542109657
v -0.009891986 0.075922956 -0.0535949457
v 0.005607962 0.0974969759 -0.0542109674
v -0.009891986 0.097496976 -0.0535949474
v -0.01019597 0.097496976 -0.0535379674
v -0.009522974 0.098999966 -0.0530519475
v -0.02458995 0.0974969763 -0.0486369774
v -0.02459096 0.0759229563 -0.0486369757
v -0.02499097 0.0974969763 -0.0484329474
v -0.02395796 0.0989999664 -0.0482829875
v -0.03729695 0.097496977 -0.0397389574
v -0.03729695 0.075922957 -0.0397389557
v -0.03688597 0.098999967 -0.0393009775
v -0.04675298 0.0974969779 -0.0280079874
v -0.04666799 0.098999968 -0.0269669875
v -0.04698199 0.0974969779 -0.0276209774
v -0.05278497 0.097496979 -0.0135659574
v -0.04698199 0.0759229579 -0.0276209757
v -0.05286097 0.075922959 -0.0132659657
v -0.05445694 0.0759229602 0.00216394027
v -0.05286097 0.097496979 -0.0132659674
v -0.05445694 0.0974969802 0.00216393864
v -0.054452 0.0974969802 0.00227498264
v -0.05164098 0.0974969813 0.0174189726
v -0.05386096 0.0989999702 0.00204598153
v -0.05234199 0.098999969 -0.0128629875
v -0.05119299 0.0989999713 0.0168659525
v -0.04431897 0.0989999723 0.0306769525
v -0.05149996 0.0974969813 0.0178309526
v -0.04464197 0.0974969824 0.0312619726
v -0.04446196 0.0974969824 0.0315179726
v -0.03426998 0.0974959732 0.0423769826
v -0.03342199 0.0989999732 0.0422869825
v -0.05164098 0.0759229613 0.0174189743
v 0.04316198 0.0759229575 -0.0332759657
v 0.04815095 0.0759229572 -0.0371229657
v 0.04666894 0.098999972 0.0269669725
v 0.009891986 0.097495974 0.0535949326
v -0.06002599 0.0759229593 -0.00966698473
v -0.05462199 0.075922958 -0.0267030057
v -0.06022399 0.0757229893 -0.00969899272
v -0.05823397 0.0757229886 -0.0181619557
v -0.06099796 0.07572299 -0.000539005717
v -0.06099796 0.05562299 -0.000539004199
v -0.06099796 0.05562299 -0.000540004199
v -0.05823397 0.0556229886 -0.0181619542
v -0.06099796 0.05462294 -0.000540004124
v -0.05823296 0.0546229386 -0.0181629641
v -0.05048894 0.0546229374 -0.0342329741
v -0.05823296 0.0556229886 -0.0181629642
v -0.05048894 0.0556229874 -0.0342319642
v -0.05048799 0.0556229874 -0.0342329742
v -0.05048996 0.0757229874 -0.0342319657
v -0.04464399 0.0757229869 -0.0415689957
v -0.054802 0.075722988 -0.0267919857
v -0.04449695 0.0759229569 -0.0414319657
v -0.03842699 0.0757229864 -0.0473749657
v -0.03062796 0.075722986 -0.0527539857
v -0.03842699 0.0556229864 -0.0473739542
v -0.03842598 0.0556229864 -0.0473749642
v -0.03842699 0.0546229364 -0.0473749641
v -0.02307796 0.0556229857 -0.0564639542
v -0.02307796 0.0556229857 -0.0564649742
v -0.02307897 0.0757229857 -0.0564659857
v -0.01396495 0.0757229855 -0.0593799957
v -0.01391899 0.0759229555 -0.0591849657
v -0.005756974 0.0757229854 -0.0607279557
v -0.005756974 0.0556229854 -0.0607259842
v 0.003904998 0.0757229854 -0.0608749957
v 0.01205694 0.0757229855 -0.0597949657
v 0.003891944 0.0759229554 -0.0606749657
v 0.01838499 0.0759229556 -0.0579549657
v 0.01844495 0.0757229856 -0.0581429657
v 0.01806294 0.0757229856 -0.0582619957
v 0.01806294 0.0556229856 -0.0582619942
v 0.01205694 0.0556229855 -0.0597949642
v 0.01205796 0.0546229355 -0.0597959741
v 0.01263695 0.0546229355 -0.0596770041
v -0.00575596 0.0546229354 -0.0607279541
v -0.02307796 0.0546229357 -0.0564659841
v 0.01214295 0.0546229356 -0.0581209641
v 0.01312696 0.0544879955 -0.0595709641
v 0.01263397 0.0544889456 -0.0580160041
v 0.01348698 0.0541239855 -0.0594899641
v 0.01361697 0.0536229555 -0.059460994
v 0.01299297 0.0541229756 -0.0579369641
v 0.01312398 0.0536229556 -0.057906984
v 0.01312398 0.0486229556 -0.0579069837
v 0.01299297 0.0481229956 -0.0579369636
v 0.01361697 0.0486229555 -0.0594609937
v 0.01348698 0.0481219755 -0.0594899636
v 0.01312696 0.0477579755 -0.0595709636
v 0.01263397 0.0477569556 -0.0580160036
v 0.01214295 0.0476229656 -0.0581209636
v -0.004413962 0.0476229655 -0.0592109536
v -0.02156597 0.0476229658 -0.0553199636
v -0.004413962 0.0546229355 -0.0592109541
v -0.02156597 0.0546229358 -0.0553199641
v -0.036825 0.0546229365 -0.0465759641
v -0.04885399 0.0546229375 -0.0337449941
v -0.036825 0.0476229665 -0.0465759636
v -0.04885399 0.0476229675 -0.0337449936
v -0.05659598 0.0476229686 -0.0179539936
v -0.05659598 0.0546229386 -0.0179539941
v -0.05937194 0.04762297 -0.000587003595
v -0.05937194 0.05462294 -0.000587004124
v -0.05693995 0.0476229713 0.0168309764
v -0.05693995 0.0546229413 0.0168309759
v -0.04951095 0.0476229725 0.0327729464
v -0.03773897 0.0476229735 0.0458389464
v -0.04951095 0.0546229425 0.0327729459
v -0.03773897 0.0546229435 0.0458389459
v -0.02358096 0.0546229441 0.0544919859
v -0.02311998 0.0544889541 0.0546899959
v -0.02361297 0.0544880042 0.0562439459
v -0.02278095 0.0541229841 0.0548329859
v -0.02327197 0.0541239943 0.0563859859
v -0.02265697 0.0536229641 0.054885976
v -0.02314895 0.0536229643 0.056436946
v -0.02265799 0.0486229641 0.0548879463
v -0.02314895 0.0486229643 0.0564369463
v -0.02278196 0.0481230041 0.0548359664
v -0.02311998 0.0477569641 0.0546909464
v -0.02327197 0.0481219843 0.0563859864
v -0.03052699 0.075922956 -0.0525809557
v 0.005225956 0.0556229946 0.0607739558
v -0.01263695 0.0546229445 0.0596769959
v -0.01214295 0.0546229444 0.0581209559
v -0.01312696 0.0544880045 0.0595709559
v -0.01348698 0.0541239945 0.0594899559
v -0.01263397 0.0544889544 0.0580159959
v -0.01299297 0.0541229844 0.0579369559
v -0.01312398 0.0536229644 0.057906976
v -0.01312398 0.0486229644 0.0579069763
v -0.01361697 0.0536229645 0.059460986
v -0.01361697 0.0486229645 0.0594609863
v -0.01348698 0.0481219845 0.0594899564
v -0.01312696 0.0477579845 0.0595709564
v -0.01299297 0.0481230044 0.0579369564
v -0.01263397 0.0477569644 0.0580159964
v -0.01214295 0.0476229744 0.0581209564
v 0.004413962 0.0476229745 0.0592109464
v 0.02156597 0.0476229742 0.0553199564
v 0.004413962 0.0546229445 0.0592109459
v 0.02156597 0.0546229442 0.0553199559
v 0.036825 0.0546229435 0.0465759559
v 0.04885399 0.0546229425 0.0337449859
v 0.036825 0.0476229735 0.0465759564
v 0.04885399 0.0476229725 0.0337449864
v 0.05659598 0.0476229714 0.0179539864
v 0.05937194 0.04762297 0.000586996405
v 0.05659598 0.0546229414 0.0179539859
v 0.05937194 0.05462294 0.000586995876
v 0.05693995 0.0546229387 -0.0168309841
v 0.04951196 0.0546229375 -0.0327720041
v 0.05693995 0.0476229687 -0.0168309836
v 0.04951196 0.0476229675 -0.0327720036
v 0.03773999 0.0476229665 -0.0458389536
v 0.03773999 0.0546229365 -0.0458389541
v 0.058595 0.0476229687 -0.0169589536
v 0.06099498 0.0476229701 0.000776996405
v 0.05859595 0.0472029987 -0.0169589536
v 0.06059998 0.0472029995 -0.00698197156
v 0.05618 0.0472029982 -0.0237669936
v 0.05620896 0.0341919582 -0.0237839826
v 0.05807995 0.0341919586 -0.0187579926
v 0.06063395 0.0341919595 -0.00697899058
v 0.06099498 0.0472030001 0.000775996436
v 0.06011295 0.0472030008 0.0103679764
v 0.05814498 0.0472030014 0.0184449464
v 0.06014299 0.0341919608 0.0103909874
v 0.05475395 0.047203002 0.0268889564
v 0.05814397 0.0476229714 0.0184449464
v 0.05028897 0.0476229726 0.0345259864
v 0.03810399 0.0476229736 0.0476349464
v 0.05028897 0.0472030026 0.0345259864
v 0.04495596 0.0472030031 0.0412309664
v 0.04498594 0.0341919631 0.0412479574
v 0.05478197 0.034191962 0.0269099374
v 0.03928196 0.0145729664 -0.0471599611
v 0.03928995 0.0145199764 -0.0471549611
v 0.03928899 0.0145229564 -0.0471549611
v 0.039294 0.0144939964 -0.0471519811
v 0.03928297 0.0145619464 -0.0471589511
v 0.03915494 0.0152359564 -0.0472509812
v 0.03836297 0.0178859764 -0.0478379714
v 0.03266698 0.010866986 -0.0533189708
v 0.03593897 0.0219099463 -0.0496159717
v 0.03563195 0.0222489762 -0.0498339517
v 0.03012996 0.0154849758 -0.0556839712
v 0.02505397 0.00926696733 -0.0617989807
v 0.03064095 0.0104569658 -0.0554059708
v 0.02442097 0.00912594227 -0.0625900007
v 0.02276498 0.00875496311 -0.0647329607
v 0.01619595 0.00722896438 -0.0745019905
v 0.005009949 -0.00296897362 -0.1009629
v 0.01096796 -0.00312799841 -0.0849459698
v 0.003615975 -0.00290096603 -0.1063539
v 0.001843988 -0.00959695103 -0.106423999
v -0.002434968 -0.015018998 -0.105769999
v 0.009493947 -0.00988299234 -0.0839889593
v -0.000873 -0.00917596588 -0.130868999
v -0.005086958 -0.0144009598 -0.130029999
v 0.01653498 -0.0222269819 -0.0257489583
v 0.01449495 -0.0225119518 -0.0243249483
v -0.004329979 -0.023781001 -0.0136899882
v -0.016007 -0.0235179607 -0.00903796922
v -0.01119196 -0.0173589597 -0.128810999
v -0.06139099 -0.00454998007 -0.000936999656
v -0.03988099 0.000176003547 0.04698395
v -0.03949695 0.0341919635 0.0465319674
v -0.02724999 0.000176004173 0.05527597
v -0.02492499 0.000176004255 0.05636298
v -0.01111698 0.000176004576 0.06061697
v -0.02468496 0.0341919642 0.0558199774
v -0.03497499 0.0341919638 0.0500189574
v -0.007922947 0.000176004614 0.06111699
v -0.007846951 0.0341919646 0.0605279774
v 0.005863964 0.000176004632 0.06134897
v 0.009728968 0.000176004594 0.06085598
v 0.009634971 0.0341919646 0.0602689874
v 0.039617 -0.00899695954 0.0458319707
v -0.05502897 -0.0118969691 -0.120024999
v -0.05487996 -0.0120849691 -0.120054999
v -0.05484199 -0.0121319891 -0.120062999
v -0.05484098 -0.0121339591 -0.120062999
v -0.05484098 -0.0121339591 -0.120062999
v -0.05484098 -0.0121339591 -0.120062999
v -0.05484098 -0.0121339591 -0.120062999
v -0.05484098 -0.0121339591 -0.120062999
v -0.05484098 -0.0121330091 -0.120062999
v -0.05484098 -0.0121330091 -0.120062999
v -0.05484098 -0.0121330091 -0.120062999
v -0.05484098 -0.0121339591 -0.120062999
v -0.05484098 -0.0121339591 -0.120062999
v -0.05483996 -0.0121349691 -0.120062999
v -0.05483895 -0.0121359891 -0.120063999
v -0.05483597 -0.0121399791 -0.120063999
v -0.05482399 -0.0121549991 -0.120066999
v -0.05477195 -0.0122189591 -0.120076999
v -0.05464196 -0.0123739891 -0.120102999
v -0.05427998 -0.0127869891 -0.120175999
v -0.004780948 0.0141489359 -0.187405001
v -0.002113997 0.0159189519 -0.240084001
v -0.00367099 0.0157729708 -0.254689001
v -0.003750979 0.0155779508 -0.254683001
v -0.003666996 0.0157789308 -0.254689001
v -0.003514945 0.0159659708 -0.254714001
v -0.004896998 0.0156919705 -0.258562001
v -0.004826962 0.0159299705 -0.258622001
v -0.004809975 0.0159719305 -0.258636001
v -0.003380954 0.0160649808 -0.254748001
v -0.003285944 0.0161119408 -0.254778001
v -0.002014994 0.0160499619 -0.239950001
v -0.001967966 0.0164119419 -0.239692001
v -0.001298964 0.0163569818 -0.241026001
v -0.001165986 0.0165799618 -0.240896001
v -0.001379966 0.0162779418 -0.241105001
v -0.00109899 0.0168539618 -0.240829001
v -0.001618981 0.0168349519 -0.240227901
v -0.00109297 0.0169919518 -0.240824001
v -0.001106977 0.0171479318 -0.240837001
v -0.001700997 0.0170829619 -0.240195001
v -0.002147972 0.0167909619 -0.239538001
v -0.001825988 0.0172829419 -0.240213001
v -0.002205967 0.0170369519 -0.239679001
v -0.002296984 0.0169399719 -0.239517001
v -0.02855294 0.0136749483 -0.287430001
v -0.04693198 0.0160829759 -0.318868001
v 0.03079295 0.0143319942 0.0562289889
v 0.03344398 0.00212496958 0.0606519498
v 0.033167 0.0143370041 0.0548709589
v 0.01817995 0.0143039846 0.0614409989
v 0.01287597 0.0142939647 0.0627539689
v 0.01766794 0.0134909745 0.059687969
v 0.01251494 0.0134819746 0.060961959
v 0.02992296 0.0135129641 0.054624969
v 0.03250396 0.00173497645 0.0589289599
v 0.03222894 0.013517974 0.053305979
v 0.04470098 0.0135449733 0.043446949
v 0.054497 0.0135779923 0.030349959
v 0.04785495 0.0041819845 0.0462979597
v 0.04600298 0.0143709734 0.0447209389
v 0.04915899 0.00500494559 0.0475719496
v 0.05608499 0.0144049524 0.0312409889
v 0.05986696 0.00504094551 0.0332019896
v 0.06231397 0.0144359412 0.0156039489
v 0.06647396 0.00507295225 0.0165429696
v 0.06426399 0.0144609799 -0.00111496509
v 0.06054997 0.0136079711 0.015156979
v 0.06470698 0.00424498422 0.0160969397
v 0.06244397 0.0136319899 -0.00108796403
v 0.063883 0.0104709799 -0.00113296579
v 0.06114798 0.013703999 -0.012601971
v 0.062963 0.014453939 -0.0129829611
v 0.06114399 0.013703999 -0.012623961
v 0.06308698 0.00887495103 -0.0128020007
v 0.05762898 0.0137969782 -0.023629961
v 0.05928397 0.0128609485 -0.020307001
v 0.05937099 0.0144329582 -0.0243780011
v 0.05558997 0.0139249479 -0.0278519911
v 0.05411797 0.0138319677 -0.030680001
v 0.05575895 0.0123119879 -0.0278840009
v 0.05732697 0.0143919478 -0.0287279411
v 0.05577999 0.0144239576 -0.0316209711
v 0.05754595 0.0121809778 -0.0287729509
v 0.05394595 0.0105699773 -0.0358889608
v 0.06041699 0.0115149583 -0.0230199609
v 0.05782794 -0.0157919522 -0.0290519488
v 0.05781698 -0.0162409522 -0.0290789588
v 0.06043195 -0.0158549518 -0.0239289888
v 0.05575698 -0.0152959825 -0.0331659888
v 0.055709 -0.0157389625 -0.0332729788
v 0.05372196 -0.0143949928 -0.0372299489
v 0.05174398 -0.0129979831 -0.041180959
v 0.05363899 -0.0148249828 -0.0374199689
v 0.051624 -0.0133929831 -0.041457949
v 0.05347895 -0.0151779628 -0.0376689989
v 0.05142295 -0.0136729432 -0.041814979
v 0.05328297 -0.0154899929 -0.0379219588
v 0.05559897 -0.0161329525 -0.0333999888
v 0.05776399 -0.0166539522 -0.0290829487
v 0.05545496 -0.0164949825 -0.0335229588
v 0.05528396 -0.0168469525 -0.0336299487
v 0.05768197 -0.0170379822 -0.0290699587
v 0.05757194 -0.0174119422 -0.0290419987
v 0.05756896 -0.0174199922 -0.0290419987
v 0.05742394 -0.0177909722 -0.0289949687
v 0.06045198 -0.0174619518 -0.0234019687
v 0.06021296 -0.0182109417 -0.0230579886
v 0.06048995 -0.0167029518 -0.0237409387
v 0.06339895 -0.0165449914 -0.0178859788
v 0.06326997 -0.0158929814 -0.0184839888
v 0.063299 -0.0172379613 -0.0173279587
v 0.066253 -0.014228991 -0.0127809589
v 0.06598299 -0.013789951 -0.013552959
v 0.06631296 -0.0147699709 -0.0120439489
v 0.06851196 -0.0100229907 -0.00876796124
v 0.068183 -0.00986099272 -0.00958299526
v 0.06942999 -0.00418096752 -0.00689494568
v 0.068695 -0.0102970006 -0.00793599922
v 0.06930899 -0.00780397651 -0.00680696841
v 0.06984496 -0.00785899111 -0.00141096041
v 0.06963598 -0.00415599346 -0.00606095669
v 0.06943196 -0.000517000468 -0.00619494896
v 0.06895196 0.00226896948 -0.00686895817
v 0.069844 -0.000547000106 -0.00140398696
v 0.06944197 0.0022629489 -0.00127899617
v 0.06936496 0.0026459689 -0.0012769692
v 0.06739097 0.00223696326 0.0166489398
v 0.06756597 -0.00941997574 0.0166739807
v 0.06736296 0.00223696327 0.0167609998
v 0.06069594 0.00220394354 0.0335919798
v 0.06085497 -0.00945299546 0.0336549807
v 0.06066799 0.00220394354 0.0336419898
v 0.04981696 0.00216698964 0.0482039998
v 0.04995095 -0.00948899535 0.0483009807
v 0.04995095 -0.00948994935 0.0483009807
v 0.03351396 -0.00953298341 0.0607919607
v 0.04659396 -0.0200849666 0.0450029915
v 0.03148996 -0.0201269857 0.0565299915
v 0.04556095 -0.0214289967 0.0439949616
v 0.05651295 -0.0200549876 0.0317809515
v 0.05525696 -0.0213979377 0.0310660016
v 0.05675595 -0.0200539776 0.0313490015
v 0.062761 -0.0200299588 0.0164789515
v 0.06136298 -0.0213759488 0.0161059416
v 0.06300801 -0.0200289388 0.0155179515
v 0.06493699 -0.02000296 9.40015102e-05
v 0.06322097 -0.0199929409 -0.0115439785
v 0.06799495 -0.0148489401 -0.000842998879
v 0.063488 -0.02134996 0.000540001612
v 0.06179296 -0.0213409609 -0.0113179584
v 0.04899895 -0.0293669696 0.00500697022
v 0.04572796 -0.0303120006 -0.00794696571
v 0.04587596 -0.0306369595 0.00597095631
v 0.03511595 -0.0338669993 0.00928598856
v 0.04528295 -0.0306429793 0.00939595831
v 0.04204398 -0.0318129593 0.0096129794
v 0.04552596 -0.0305429593 0.00944495431
v 0.04479199 -0.0286899793 0.00929296217
v 0.04856795 -0.0291129892 0.0110479522
v 0.05017 -0.028104959 0.0133739721
v 0.047755 -0.0272959392 0.0108619921
v 0.04931396 -0.026311989 0.013143952
v 0.06021797 -0.0197079688 0.0161100015
v 0.04953598 -0.026119939 0.013794002
v 0.050399 -0.0279079589 0.0140349821
v 0.04951399 -0.0255809987 0.0173749919
v 0.05038297 -0.0273569787 0.0176810021
v 0.04505497 -0.0265239383 0.023024972
v 0.04583495 -0.0283209582 0.0234239621
v 0.04356497 -0.0268059881 0.024559972
v 0.05422198 -0.0197309777 0.0306519815
v 0.03996199 -0.0273009479 0.0282700021
v 0.04064297 -0.0291179978 0.0287529822
v 0.03483897 -0.0275649975 0.0335409621
v 0.04476594 -0.0197619667 0.0432260015
v 0.029715 -0.0273289571 0.0388049421
v 0.035429 -0.0293899674 0.0341099522
v 0.03022098 -0.029146957 0.0394669722
v 0.02508497 -0.0283889666 0.0447569421
v 0.02503997 -0.0283799666 0.0448029621
v 0.03086596 -0.0214649958 0.0552249516
v 0.03489297 -0.021456946 0.0527919516
v 0.03079396 -0.0214649958 0.0552639916
v 0.01353996 -0.0215099953 0.0617129816
v 0.009180963 -0.0320559669 0.0414059724
v 0.01338696 -0.0215109453 0.0617460016
v 0.01368695 -0.0201719852 0.0631669715
v -0.004919946 -0.0215369952 0.0629369616
v -0.00514996 -0.0215369952 0.0629169916
v -0.003237962 -0.0320149568 0.0424049424
v -0.006498992 -0.0306359465 0.0457649823
v -0.003071963 -0.0320769468 0.0422340024
v -0.002866983 -0.0321539568 0.0420230024
v -0.002823948 -0.0302609769 0.0413839823
v 0.004583954 -0.0342849374 0.0343439526
v 0.004522979 -0.0323369474 0.0338889924
v 0.007102966 -0.0347569476 0.0317489526
v 0.01212799 -0.035396988 0.0265749627
v 0.01198399 -0.033422938 0.0262609725
v 0.013978 -0.0355419481 0.0246700027
v 0.01845699 -0.0335309475 0.0327669925
v 0.01970195 -0.0357229686 0.0187829727
v 0.02604198 -0.0339329781 0.0249589626
v 0.01947796 -0.0337469486 0.0185700025
v 0.02461194 -0.035563999 0.0137359427
v 0.02629798 -0.0354409791 0.0120049727
v 0.03255599 -0.0336029486 0.0182690025
v 0.03645098 -0.0330929689 0.0142769825
v 0.03125095 -0.0337199485 0.0196089725
v 0.03081899 -0.0317849485 0.0193379524
v 0.02568799 -0.0319939781 0.0246199924
v 0.032103 -0.0316709786 0.0180149624
v 0.02432698 -0.033589949 0.0135769825
v 0.03592699 -0.0311729889 0.0140720024
v 0.039496 -0.0304699492 0.0104779623
v 0.03463798 -0.0319289493 0.00915897041
v 0.04139798 -0.0299269493 0.00946599426
v 0.04457396 -0.0287799793 0.00924796017
v 0.04515796 -0.0287729496 0.00586897317
v 0.04806596 -0.0275929496 0.00496000208
v 0.04489499 -0.0285099706 -0.00765496185
v 0.06238496 -0.019683 0.000530001486
v 0.06065899 -0.0196889608 -0.0111869485
v 0.06238496 -0.019683 0.000530001486
v 0.06029498 -0.0197079688 0.0158249715
v 0.06121599 -0.0188269588 0.0160709614
v 0.05535799 -0.0188499577 0.0305759914
v 0.06145697 -0.0188259389 0.0151379714
v 0.06567299 -0.00895798078 0.0162069707
v 0.06333696 -0.01880395 9.00014197e-05
v 0.06333696 -0.01880395 9.00014197e-05
v 0.06163597 -0.0187810009 -0.0113019886
v 0.06616699 -0.0140379601 -0.00079699894
v 0.06643396 -0.0134019801 -0.000892998988
v 0.06450599 -0.0140099509 -0.0116389889
v 0.06448298 -0.0140379609 -0.0116809589
v 0.06674796 -0.00994598858 -0.00763296925
v 0.06669896 -0.00989097359 -0.00787699125
v 0.06735998 -0.00749099249 -0.00647395743
v 0.06786799 -0.0075479741 -0.00135296443
v 0.06765496 -0.00416898744 -0.00578695469
v 0.06760799 -0.00418299445 -0.00601094868
v 0.06746095 -0.000715000447 -0.00591897895
v 0.06700396 0.0019309515 -0.00656896815
v 0.067855 -0.000759000102 -0.00135499194
v 0.067474 0.00190597691 -0.00124698814
v 0.06740599 0.0022349949 -0.00126296217
v 0.06547999 0.00188195822 0.0161769899
v 0.06547397 0.00188195822 0.0161999999
v 0.064727 0.00424498421 0.0160169597
v 0.05897498 0.00184995146 0.0326349699
v 0.05915099 -0.00898998653 0.0327099507
v 0.05896997 0.00184995146 0.0326459999
v 0.05829596 0.00421297744 0.0322759697
v 0.04840695 0.00181395154 0.0468309499
v 0.048554 -0.00902497346 0.0469419907
v 0.048554 -0.00902598646 0.0469419907
v 0.04544699 -0.0188829767 0.0438899914
v 0.03257697 -0.00906794754 0.0590829807
v 0.03247594 0.00173497645 0.0589449999
v 0.01373797 -0.00910698802 0.0659899707
v 0.03050094 -0.0189239858 0.0552469414
v 0.01335197 -0.0189639853 0.0616059814
v 0.03071397 -0.0189239858 0.0551300014
v 0.03025698 -0.0198009559 0.0542989915
v 0.03032797 -0.0198009559 0.0542590015
v 0.02316099 -0.0198179356 0.0576480015
v 0.01330494 -0.0198419554 0.0606389615
v 0.01315498 -0.0198429754 0.0606709715
v 0.009036958 -0.0301719869 0.0407559823
v 0.01115196 -0.030167987 0.0402419523
v 0.007012963 -0.0327979876 0.0313459625
v -0.003008961 -0.0301929669 0.0415729823
v -0.003187954 -0.0301259668 0.0417559723
v -0.006393969 -0.0287819466 0.0450260022
v -0.004832983 -0.0198689553 0.0618379715
v -0.005058944 -0.0198689553 0.0618189515
v -0.005139946 -0.0189909853 0.0627689914
v -0.02253997 -0.0198969756 0.0577289415
v -0.02281796 -0.0198969756 0.0576189715
v -0.01737695 -0.0277659766 0.0446079921
v -0.01720499 -0.0276429566 0.0449709821
v -0.01784896 -0.0285079368 0.0425519922
v -0.01745599 -0.029445997 0.0401319822
v -0.01814496 -0.0303539567 0.0432559823
v -0.01767098 -0.0295939966 0.0453629422
v -0.01773595 -0.0313169869 0.0407750024
v -0.01656699 -0.0320949471 0.0389099724
v -0.02484196 -0.0321029974 0.0341949424
v -0.01631295 -0.0322109371 0.0386469924
v -0.016065 -0.0303169371 0.0380609623
v -0.01415795 -0.0331129972 0.0364289825
v -0.01261997 -0.0336809674 0.0348449925
v -0.008822977 -0.0361289883 0.0228549827
v -0.01594495 -0.0353199781 0.0250419927
v -0.002854943 -0.0365229784 0.0209949628
v -0.005115985 -0.037063949 0.0138999828
v -0.001459956 -0.0365819884 0.0205719428
v 0.002400994 -0.0366879685 0.0193789628
v -0.001706957 -0.0362339582 0.0236069527
v -0.005147993 -0.035667948 0.0271489627
v -0.005087971 -0.033689968 0.0268369925
v -0.01244497 -0.0317489474 0.0343599924
v -0.00168997 -0.0342459582 0.0233590026
v -0.001446962 -0.0345919685 0.0203679826
v 0.00237596 -0.0346969886 0.0191919826
v 0.01124197 -0.0350319692 0.0100919626
v 0.01134395 -0.0370279492 0.0101799928
v 0.01247495 -0.0350169493 0.00882595964
v 0.009516954 -0.0352169801 -0.00118398334
v 0.02009195 -0.0345439899 0.000997002608
v 0.027022 -0.0334099505 -0.00614195748
v 0.02029198 -0.0365329899 0.000980002758
v 0.01265299 -0.0370109593 0.00883394679
v 0.02749699 -0.0353459705 -0.00642394733
v 0.02445799 -0.0348839712 -0.0165069574
v 0.029199 -0.0349329706 -0.00817197236
v 0.03793299 -0.0318029513 -0.0171339476
v 0.02884399 -0.0329709606 -0.00802296151
v 0.03735595 -0.0299119913 -0.0168329377
v 0.03957498 -0.0288699814 -0.0187149578
v 0.04143399 -0.0280889815 -0.0193079679
v 0.04021799 -0.0307340014 -0.0190529777
v 0.04225397 -0.0298789715 -0.0196819877
v 0.04312294 -0.0295349915 -0.0197289478
v 0.04114794 -0.0295739718 -0.0231919778
v 0.04915899 -0.0253979519 -0.0254459881
v 0.02690798 -0.0341549514 -0.0190209674
v 0.03153198 -0.0250259638 -0.0503949481
v 0.03686499 -0.0213559839 -0.0520269784
v 0.02992296 -0.0258849838 -0.049904998
v 0.01782196 -0.0305770035 -0.0462029477
v 0.01445496 -0.0228229758 -0.0765089883
v 0.01969498 -0.0187000059 -0.0776590086
v 0.008375942 -0.0257729857 -0.0751219881
v 0.004003942 -0.019903008 -0.105550998
v -0.00100398 -0.0225159579 -0.104673998
v -0.001742959 -0.0173899603 -0.135947999
v 0.008129954 -0.016152978 -0.106228999
v 0.001974999 -0.0139229903 -0.136432999
v 0.01066595 -0.010924998 -0.106512999
v 0.004348993 -0.00930000332 -0.136668999
v 0.01095896 -0.00535697502 -0.106257
v 0.01586496 -0.0118259769 -0.0919499891
v 0.02314394 -0.0127609959 -0.078293969
v 0.01622694 -0.00581998292 -0.0916829696
v 0.02384895 -0.0062989649 -0.0781679695
v 0.01488697 0.000348993135 -0.09093296
v 0.01612097 0.000347993328 -0.08837199
v 0.009714961 0.000358992028 -0.105596
v 0.008979976 0.000361991813 -0.108446
v 0.007131993 -0.000248008153 -0.1079879
v 0.008690953 0.000920991781 -0.108864
v 0.009290993 -0.000463008171 -0.108231
v 0.009507 -0.00133097918 -0.108381
v 0.00743097 -0.00102896214 -0.107762
v 0.007636964 -0.00185800315 -0.107906
v 0.007696986 -0.00255996719 -0.108423
v 0.009575963 -0.00206900422 -0.1088989
v 0.007602989 -0.00297499525 -0.109217
v 0.009489953 -0.00250799228 -0.109688
v 0.006777942 -0.00302995051 -0.112734
v 0.006004989 -0.00300998278 -0.116268
v 0.008678972 -0.00258595554 -0.113167
v 0.007919967 -0.00258899581 -0.116665
v 0.007226943 -0.00259096307 -0.120177
v 0.006596982 -0.00259495634 -0.123703
v 0.005300998 -0.00298798905 -0.119815
v 0.004658997 -0.00296396931 -0.123373
v 0.004076957 -0.00293899458 -0.12694
v 0.003538966 -0.00282699785 -0.130505
v 0.006024956 -0.00259895061 -0.127239
v 0.005495965 -0.00251395487 -0.130774
v 0.005319952 -0.00206995993 -0.13154
v 0.005131959 -0.00134296197 -0.132036
v 0.003362953 -0.00239396991 -0.131281
v 0.003176987 -0.00168497295 -0.131789
v 0.003003954 -0.000840009961 -0.1319389
v 0.004954993 -0.000469009979 -0.132175
v 0.00287199 -2.20099431e-05 -0.1317009
v 0.004816949 0.00038499004 -0.131928
v 0.00238496 3.39897228e-05 -0.136125
v 0.002804994 0.000566990095 -0.131198
v 0.002808988 0.000921990148 -0.130493
v 0.004746973 0.000987990078 -0.131422
v 0.004749 0.00134997513 -0.130719
v 0.004910945 0.00142793824 -0.12922
v 0.002976 0.000983990262 -0.128983
v 0.005307972 0.00143294548 -0.126155
v 0.005750954 0.00143795271 -0.123097
v 0.003383994 0.000955990495 -0.125891
v 0.003838956 0.000929990728 -0.1228049
v 0.004341959 0.000904990961 -0.119725
v 0.006240963 0.00144194594 -0.120047
v 0.004894971 0.000882991193 -0.116654
v 0.006781995 0.00144498617 -0.117007
v 0.005502998 0.000861991424 -0.113592
v 0.005615949 0.000858991465 -0.1130509
v 0.007375955 0.00144796639 -0.113977
v 0.007426977 0.00144897941 -0.113727
v 0.007183969 0.00230198142 -0.113604
v 0.00802499 0.00145094662 -0.11096
v 0.008421957 0.00130098174 -0.109457
v 0.006165981 0.000843991654 -0.11054
v 0.006570994 0.000683991769 -0.109019
v 0.006843984 0.000298991815 -0.108416
v 0.003708958 0.00232993444 -0.139859
v 0.007376968 0.00230096849 -0.1126739
v 0.006088972 0.00664495552 -0.112291001
v 0.01552098 0.00228195635 -0.0880489902
v 0.01606696 0.00228297043 -0.0869969702
v 0.01484996 0.00661998248 -0.0863279705
v 0.03117996 0.002280945 -0.0661819502
v 0.02973496 0.0018149561 -0.0648799501
v 0.03086096 0.00179993596 -0.0667119601
v 0.03212296 0.0031279871 -0.0648660002
v 0.03128194 0.00752198113 -0.0644479906
v 0.03068399 0.0027119462 -0.0635399802
v 0.03919196 0.00931798981 -0.0555259507
v 0.04107797 0.010888986 -0.0529129508
v 0.03810697 0.0139819859 -0.0549209711
v 0.03777098 0.00885897391 -0.0541960007
v 0.03964596 0.0103809761 -0.0516119508
v 0.03668195 0.013439946 -0.053626001
v 0.03876298 0.0138389361 -0.051140961
v 0.03351294 0.0100809856 -0.0582939908
v 0.034931 0.0105289755 -0.0596309908
v 0.02985596 0.00711696824 -0.0631049805
v 0.02261096 0.0061309876 -0.0714889705
v 0.01596599 0.00607495892 -0.0805580005
v 0.02410399 0.00658994351 -0.0727369705
v 0.01759898 0.00661294984 -0.0815779505
v 0.01314795 0.00606196455 -0.0854379505
v 0.01066499 0.00604694317 -0.0904669705
v 0.01438897 0.0016169475 -0.0861339501
v 0.01390796 0.00161396743 -0.0870629501
v 0.005508959 0.00170694852 -0.112281
v 0.01450198 -0.000303006598 -0.08739
v 0.02110898 -0.000235005771 -0.076433
v 0.01314496 -0.00030800681 -0.09020596
v 0.007860958 -0.000266007941 -0.105182
v 0.01441097 -0.00626898487 -0.0909429695
v 0.02217298 -0.00667399682 -0.0771179695
v 0.009044945 -0.00578296899 -0.10581
v 0.008698999 -0.010789998 -0.106020999
v 0.002357959 -0.0090080003 -0.136444999
v 0.02137696 -0.0125959558 -0.077277949
v 0.006193995 -0.015423958 -0.105730999
v 3.6e-05 -0.0131529603 -0.136159999
v 0.002038955 -0.0188199879 -0.105059999
v 0.017838 -0.0179550058 -0.0767759586
v 0.01240897 -0.0217799557 -0.0757059984
v 0.03504097 -0.0205479838 -0.0508959784
v 0.03589898 -0.0198499539 -0.0511339885
v 0.03067499 -0.0233680037 -0.0496609782
v 0.04030597 -0.0277819617 -0.0228609979
v 0.02771997 -0.0248649737 -0.0488029681
v 0.01743996 -0.0286679835 -0.0457469778
v 0.01819199 -0.0290600033 -0.0434409878
v 0.01519495 -0.0285750036 -0.0480099878
v 0.01214694 -0.0289329837 -0.0487959878
v 0.01555699 -0.0304919437 -0.0484499877
v 0.01245695 -0.0308659637 -0.0492049977
v 0.012097 -0.0309270037 -0.0491839577
v 0.009416997 -0.0314819836 -0.0482969776
v 0.001868963 -0.0276929756 -0.0735949779
v -0.01139098 -0.0294839753 -0.0703639878
v -0.006463944 -0.0240989978 -0.103672998
v -0.01764595 -0.0256249977 -0.101497998
v -0.01138597 -0.0210520102 -0.134610998
v -0.01341098 -0.0192110025 -0.165878999
v -0.02157199 -0.02238501 -0.133104998
v -0.03169494 -0.0224619599 -0.131525898
v -0.02307999 -0.0205069825 -0.164993998
v -0.02832698 -0.0206979624 -0.164513998
v -0.02812999 -0.0203889737 -0.181739998
v -0.03258895 -0.0205899524 -0.164122898
v -0.04180699 -0.0195459823 -0.163277999
v -0.04160797 -0.0214009898 -0.129902998
v -0.04679697 -0.0185099923 -0.162819999
v -0.04679095 -0.0181139837 -0.181727999
v -0.05054795 -0.0170979523 -0.162473999
v -0.05327099 -0.0153179822 -0.162222999
v -0.051063 -0.0187519797 -0.128283999
v -0.05851298 -0.0125889796 -0.126856999
v -0.05085796 -0.0214679871 -0.0942529984
v -0.04008096 -0.0245389973 -0.0967269481
v -0.05572795 -0.018694997 -0.0930569686
v -0.05038797 -0.0246700045 -0.0601229581
v -0.03778594 -0.0282610048 -0.0635499879
v -0.05620795 -0.0216619944 -0.0584719684
v -0.04883098 -0.0280469619 -0.0257619579
v -0.03956997 -0.0310260022 -0.0286069477
v -0.05415999 -0.0256569918 -0.0241159681
v -0.05514395 -0.0251410018 -0.0238119881
v -0.04653698 -0.0298159697 0.00385898525
v -0.05445897 -0.0257079595 0.00647795394
v -0.04538697 -0.0301279994 0.00767499427
v -0.03941196 -0.0324279599 0.00155395445
v -0.03880095 -0.0326129699 0.000928002462
v -0.03823095 -0.0306959699 0.000928002317
v -0.03103697 -0.0343399605 -0.00702899341
v -0.03399699 -0.0331559713 -0.0171769775
v -0.02502697 -0.035016001 -0.0131919874
v -0.02474695 -0.033039981 -0.0130579375
v -0.01626998 -0.0352149617 -0.0221759573
v -0.01933097 -0.0339519924 -0.0322079574
v -0.01118898 -0.0349849421 -0.0273919674
v -0.01109695 -0.0329989721 -0.0271719575
v -0.001598954 -0.0339549728 -0.0372359674
v -0.002489984 -0.033583993 -0.0399759975
v 0.002591967 -0.0332129531 -0.0415359675
v -0.002144992 -0.033564983 -0.0400819675
v 0.002501964 -0.0312379531 -0.0412289476
v 0.004837989 -0.0327169833 -0.0438379575
v 0.007076978 -0.0321409735 -0.0461339876
v 0.004703998 -0.0307479533 -0.0435119777
v 0.006891965 -0.0301799735 -0.0457839877
v 0.009172976 -0.0295329636 -0.0479199778
v 0.01025694 -0.0292869837 -0.0484459878
v 0.00027 -0.0260189755 -0.072981948
v 0.006561994 -0.0243479656 -0.0744349882
v -0.012196 -0.0275389553 -0.0699589779
v -0.007890999 -0.0223719478 -0.103262998
v -0.01271498 -0.0192790101 -0.134345999
v -0.002648949 -0.0209999679 -0.104237998
v -0.01835799 -0.0236690076 -0.101211998
v -0.02224099 -0.020423 -0.132917998
v -0.02888196 -0.0237199675 -0.0990199982
v -0.024652 -0.027610955 -0.0667929579
v -0.03932398 -0.0226410073 -0.0967139583
v -0.03166598 -0.0204609699 -0.131432998
v -0.04091399 -0.0194889998 -0.129896899
v -0.03255999 -0.0185870024 -0.164078999
v -0.04114997 -0.0176319523 -0.163263999
v -0.028328 -0.0186959624 -0.164478999
v -0.02813297 -0.0183900037 -0.181701999
v -0.02374798 -0.0185459925 -0.164908999
v -0.014705 -0.0174259625 -0.165752999
v -0.01033097 -0.0164799725 -0.166163999
v -0.009580969 -0.015721985 -0.198410999
v -0.006072998 -0.0146640026 -0.166604899
v -0.004644989 -0.0136419626 -0.166750999
v -0.00365597 -0.0162589602 -0.135649999
v -0.002610981 -0.0116419826 -0.166956999
v -0.004236996 -0.012981965 -0.198771999
v -0.009566962 -0.015707975 -0.198985899
v -0.000533 -0.00827898 -0.198621999
v -0.003907978 -0.012449987 -0.224597999
v -0.003669977 -0.0122850067 -0.220649999
v -0.003959 -0.012479977 -0.225802999
v -0.004038989 -0.0125199672 -0.228256999
v -0.00268799 -0.014023967 -0.225818999
v -0.002783954 -0.0140769572 -0.228272999
v -0.002633988 -0.013989997 -0.224719999
v -0.002974987 -0.014534005 -0.198787999
v -0.002349972 -0.0137869867 -0.220663999
v -0.001715958 -0.0132419563 -0.215554999
v -0.003121972 -0.0118209863 -0.215542999
v -0.000726 -0.0122000059 -0.210565999
v -0.002263963 -0.0109239959 -0.210556999
v 0.000588 -0.0103749755 -0.205849999
v 0.001284956 -0.00910098839 -0.203797899
v -0.001121997 -0.00934095654 -0.205845999
v -0.000508 -0.00821401138 -0.203775999
v 0.000142 -0.00663997224 -0.201818999
v 0.002032995 -0.00729198724 -0.201818999
v 0.000914 -0.00246198406 -0.199521
v 0.002912998 -0.00252701306 -0.199518
v 0.00109297 0.00303594698 -0.198902
v 0.000913 -0.00246299799 -0.198558
v 0.000906 -0.0024680037 -0.194708
v 0.000915 -0.00220598174 -0.195254
v 0.000884 -0.0025649799 -0.184128
v 0.000869 -0.0024950031 -0.173548
v 0.000858 -0.00249798363 -0.167342
v 0.000876 -0.00223399506 -0.173001
v 0.000893 -0.00171197702 -0.172477
v 0.000918 -0.000917012997 -0.172154
v 0.000948 -5.01300149e-06 -0.17221
v 0.000975 0.000783986964 -0.172662
v 0.000991 0.00124894192 -0.173315
v 0.000999 0.00142096081 -0.174705
v 0.00100398 0.00142495457 -0.177844
v 0.001009941 0.00142894734 -0.180984
v 0.001014947 0.0014329411 -0.184123
v 0.001020967 0.00143693386 -0.1872619
v 0.001025974 0.00144092763 -0.190402
v 0.001031994 0.00144498039 -0.193541
v 0.001028954 0.00127594128 -0.194932
v 0.001014947 0.000811985234 -0.195586
v 0.00099 2.49851994e-05 -0.19604
v 0.00096 -0.000887014805 -0.196098
v 0.000934 -0.00168199778 -0.1957769
v -0.000244 -0.00768901162 -0.167203999
v 0.000956 0.000491987365 -0.167358
v 0.002010941 8.8989419e-05 -0.14015
v 0.001018941 0.00242893536 -0.167378
v 0.001154959 0.00659893636 -0.167364
v 0.001716971 0.00202094443 -0.140016
v 0.001743972 0.00201593746 -0.139649
v 0.005370974 0.00171195547 -0.112934
v 0.001116991 0.00632797546 -0.1396239
v 0.001116991 0.00632797546 -0.139602
v 0.004210948 0.00605898155 -0.111926
v 0.003098964 0.00658797145 -0.139679
v 0.003094971 0.00658695745 -0.139771
v 0.003153979 0.00653295436 -0.167358
v 0.003017961 0.00236396636 -0.1673589
v 0.003163993 0.00653897395 -0.172897
v 0.003173947 0.00654397953 -0.178436
v 0.001164972 0.00660394295 -0.172901
v 0.001174986 0.00660894953 -0.17844
v 0.001184999 0.00661496911 -0.183979
v 0.001194 0.00661997469 -0.189519
v 0.003182947 0.00654892711 -0.1839759
v 0.003192961 0.00655494669 -0.1895149
v 0.003197968 0.00641892827 -0.195046
v 0.003159999 0.00509797007 -0.197784
v 0.001198947 0.00648395727 -0.195049
v 0.001160979 0.00516293907 -0.197787
v 0.001127958 0.00412498401 -0.198592
v 0.003126978 0.00405995501 -0.198588
v 0.00309199 0.00296996498 -0.198899
v 0.00298196 0.00235496693 -0.159918
v 0.002954959 0.000426987365 -0.167356
v 0.002856969 -0.00256795863 -0.1673499
v 0.003963947 0.000394989392 -0.140501
v 0.00435096 0.000389989714 -0.13624
v 0.003674983 0.0023299344 -0.1403419
v 0.003068983 0.0023439404 -0.153684
v 0.003006994 0.00234996014 -0.157095
v 0.002993941 0.00235198705 -0.158286
v 0.002991974 0.00235198703 -0.1585299
v 0.002990961 0.00235294003 -0.158587
v 0.002990961 0.00235294002 -0.158616
v 0.002990961 0.00235294002 -0.15863
v 0.002990961 0.00235294002 -0.158637
v 0.002990961 0.00235294002 -0.15864
v 0.002990961 0.00235294002 -0.158641
v 0.002990961 0.00235294002 -0.158643
v 0.002988994 0.00235294 -0.1589
v 0.002867996 -0.0025599721 -0.173544
v 0.001722991 -0.00816096063 -0.167251999
v 0.00110495 -0.00956995462 -0.167196999
v -0.000664 -0.0124070126 -0.167038999
v 0.001258969 -0.00916697 -0.198623999
v 0.002910971 -0.00252796699 -0.1985549
v 0.002904951 -0.0025329727 -0.194705
v 0.002882957 -0.0026349559 -0.184125
v 0.002914965 -0.00227101074 -0.19525
v 0.002932965 -0.00174797978 -0.195774
v 0.002958953 -0.000953014805 -0.196094
v 0.002988994 -4.10148004e-05 -0.1960369
v 0.003013968 0.000746985234 -0.195582
v 0.003027975 0.00121097228 -0.194928
v 0.003030955 0.00137893839 -0.1935369
v 0.003024995 0.00137494463 -0.190398
v 0.003019988 0.00137095186 -0.187259
v 0.003013968 0.0013669581 -0.1841199
v 0.003008961 0.00136296534 -0.18098
v 0.003002941 0.00135897157 -0.177841
v 0.002997994 0.00135497881 -0.174702
v 0.002989947 0.00118295992 -0.173312
v 0.00297296 0.000717986965 -0.172659
v 0.002946972 -7.10130012e-05 -0.172206
v 0.002916991 -0.000983012997 -0.172151
v 0.002891957 -0.00177700602 -0.172473
v 0.00287497 -0.00229896406 -0.172998
v -0.003395974 -0.0152049726 -0.166790999
v -0.004161953 -0.0157889826 -0.166721899
v -0.009849965 -0.0184199925 -0.166203999
v -0.009075999 -0.017656995 -0.198445999
v -0.02792596 -0.0200759851 -0.199541998
v -0.009061992 -0.017642985 -0.199019999
v -0.008273959 -0.0168640175 -0.231835999
v -0.02751898 -0.0194479978 -0.235144999
v -0.004016995 -0.0149439675 -0.231166999
v -0.008363962 -0.0171200176 -0.233683999
v -0.008524954 -0.0178839678 -0.235574999
v -0.008525967 -0.0178889778 -0.235582999
v -0.004338979 -0.0161599677 -0.234737999
v -0.004783987 -0.0185219779 -0.237705999
v -0.003181993 -0.0153879677 -0.234532999
v -0.004114985 -0.0152660176 -0.232949999
v -0.002820968 -0.0143469676 -0.232745999
v -0.002882957 -0.0146190076 -0.233385999
v -0.002852976 -0.0141089674 -0.230983999
v -0.00285995 -0.0141099774 -0.230967899
v -0.004097998 -0.0125429774 -0.230968999
v -0.004101991 -0.0125429774 -0.230951999
v -0.005196988 -0.0133279675 -0.231164999
v -0.003987967 -0.0130759577 -0.234015999
v -0.004070997 -0.0134449777 -0.234704999
v -0.004140973 -0.0137899678 -0.235271999
v -0.005206942 -0.0142429577 -0.234956999
v -0.005312979 -0.016375018 -0.238150999
v -0.008762955 -0.0157690178 -0.235737999
v -0.008806943 -0.0149369975 -0.231803999
v -0.008764982 -0.0161659879 -0.236574999
v -0.02745699 -0.0184800182 -0.241074999
v -0.008783996 -0.0177340081 -0.239089999
v -0.008806943 -0.0191319682 -0.240895999
v -0.008821964 -0.0201029883 -0.242050998
v -0.02727597 -0.0208900086 -0.246619898
v -0.02702897 -0.0254820093 -0.255535998
v -0.02734398 -0.0208900086 -0.246640998
v -0.045843 -0.0191530091 -0.252491999
v -0.04561197 -0.0214870094 -0.256827998
v -0.04604697 -0.0170469987 -0.247991999
v -0.04612898 -0.0161929885 -0.245686999
v -0.05088597 -0.0147590188 -0.249268999
v -0.05046898 -0.0196099995 -0.258448999
v -0.05113595 -0.0124799781 -0.239267999
v -0.05425596 -0.0108099689 -0.250231999
v -0.05449199 -0.00838996711 -0.239854999
v -0.05403995 -0.0156959996 -0.259713999
v -0.05577194 -0.00513001092 -0.250663
v -0.05607199 -0.00250400913 -0.240123
v -0.05539 -0.0104859597 -0.260305999
v -0.05501097 -0.0157939904 -0.269873999
v -0.05469197 -0.0181629804 -0.269648999
v -0.05471795 -0.0183999712 -0.280234999
v -0.055516 0.00346694184 -0.280222
v -0.05419099 -0.0212679711 -0.280015998
v -0.05464595 -0.0183949614 -0.283941999
v -0.05504095 -0.00760396444 -0.283935999
v -0.05318498 -0.0232429714 -0.283919998
v -0.05181097 -0.0183630131 -0.305673999
v -0.05039197 -0.0232119731 -0.305334998
v -0.05105596 -0.0183580133 -0.308566999
v -0.05114299 -0.0159009833 -0.308585999
v -0.04427897 -0.0183239746 -0.326255999
v -0.04297 -0.0231740046 -0.325615998
v -0.04146099 -0.018313015 -0.331520999
v -0.04319399 -0.0183839951 -0.332516999
v -0.04152995 -0.017591975 -0.331452999
v -0.04139399 -0.019042985 -0.331530999
v -0.04311698 -0.0192610251 -0.332522999
v -0.04114598 -0.019698995 -0.331771999
v -0.04075896 -0.0201590251 -0.332250998
v -0.04284995 -0.0200479851 -0.332759998
v -0.04244095 -0.0205999852 -0.333239998
v -0.04226398 -0.0207439852 -0.333473998
v -0.04201799 -0.0208469852 -0.333836998
v -0.04058998 -0.0202790151 -0.332482998
v -0.040353 -0.0203650151 -0.332840998
v -0.039397 -0.0203809952 -0.334397998
v -0.03841596 -0.0203770054 -0.335939998
v -0.04104298 -0.0208670153 -0.335423998
v -0.04004395 -0.0208639754 -0.336996998
v -0.03901499 -0.0208599756 -0.338550998
v -0.03740799 -0.0203740255 -0.337463998
v -0.03795796 -0.0208559857 -0.340085998
v -0.03637099 -0.0203699656 -0.338969998
v -0.03687298 -0.0208519858 -0.341600998
v -0.03575998 -0.0208469859 -0.343095998
v -0.03530699 -0.0203659757 -0.340455998
v -0.03421497 -0.0203610258 -0.341921998
v -0.03370594 -0.0201779859 -0.342657998
v -0.03524696 -0.020627996 -0.343850998
v -0.03332197 -0.0197239759 -0.343301999
v -0.03486895 -0.020082976 -0.344517998
v -0.03313797 -0.0192690059 -0.343651999
v -0.03469198 -0.019535976 -0.344882999
v -0.03306299 -0.018718026 -0.343841999
v -0.03239697 -0.018714986 -0.344669999
v -0.03462398 -0.0188750261 -0.345082999
v -0.03394395 -0.0188729961 -0.345927999
v -0.03260594 -0.024172986 -0.344853998
v -0.01805394 -0.0188219776 -0.365479999
v -0.01650696 -0.0186649775 -0.364221999
v -0.01657199 -0.0244159875 -0.364289998
v -0.01327097 -0.0188089879 -0.369962999
v -0.01216298 -0.0244040078 -0.368422998
v -0.009103953 -0.0187989681 -0.372342999
v -0.006983995 -0.0187940282 -0.373172999
v -0.008290946 -0.018642988 -0.370522999
v -0.01211696 -0.0186519878 -0.368337999
v -0.006345987 -0.018638988 -0.371284999
v -0.005830943 -0.0233019779 -0.369791998
v -0.000219 -0.0186270081 -0.372438999
v -0.000138 -0.023292028 -0.370864998
v 0.001884996 -0.0186239681 -0.372436999
v 0.006015956 -0.0186180081 -0.371846999
v 0.00198096 -0.0187779883 -0.374427999
v -0.00031 -0.0187819883 -0.374429999
v 0.006481945 -0.0187710182 -0.373784999
v 0.01281398 -0.018763978 -0.371285999
v 0.006047964 -0.0243690281 -0.371946998
v 0.005041956 -0.0283869778 -0.367732998
v -0.000213 -0.0243789781 -0.372541998
v 0.01209294 -0.0243619879 -0.369521998
v 0.016855 -0.0243590076 -0.365808998
v 0.01303899 -0.018763978 -0.371155999
v 0.009916961 -0.0283810176 -0.365777998
v 0.01375699 -0.0283789874 -0.362783998
v 0.009660959 -0.0298450171 -0.358785998
v 0.01666599 -0.0283789871 -0.358857998
v 0.01849395 -0.0283820267 -0.353951998
v 0.02046197 -0.0243590073 -0.360940998
v 0.02272897 -0.0243630068 -0.354856998
v 0.022116 -0.0187609973 -0.361846999
v 0.02457499 -0.0187649968 -0.355247999
v 0.021061 -0.0187599875 -0.363590999
v 0.0194 -0.0186079974 -0.362488999
v 0.01820397 -0.0187599877 -0.367127999
v 0.02036798 -0.0186079972 -0.360887999
v 0.01677697 -0.0186079976 -0.365735999
v 0.015652 -0.0232740275 -0.364636998
v 0.01203596 -0.0186109779 -0.369433999
v 0.01124697 -0.0232759978 -0.368071998
v 0.01182895 -0.0186109779 -0.369551999
v 0.005653977 -0.023283028 -0.370313998
v 0.004815995 -0.0266310177 -0.366802998
v 0.003704965 -0.0278510073 -0.362163998
v -0.00466597 -0.0266469977 -0.366371998
v 0.01306998 -0.0266229773 -0.362115998
v 0.009657979 -0.0278449871 -0.358783998
v 0.01755696 -0.0266270267 -0.353750998
v 0.01289397 -0.0278480266 -0.352750998
v 0.01689696 -0.026640016 -0.344280998
v 0.02108699 -0.0232780168 -0.354504998
v 0.02149599 -0.0232839763 -0.348678998
v 0.01898896 -0.0232740272 -0.360132998
v 0.02262598 -0.0186119868 -0.354830999
v 0.02296799 -0.0186140166 -0.352768999
v 0.024948 -0.0187670167 -0.353002999
v 0.02306598 -0.0186190263 -0.348560999
v 0.02176499 -0.0186289759 -0.342484999
v 0.02363795 -0.0187840058 -0.341799999
v 0.02028697 -0.0232929759 -0.343034998
v 0.01915597 -0.0186429853 -0.335350999
v 0.01767694 -0.0233059754 -0.335900998
v 0.01021295 -0.0203169732 -0.307657998
v 0.02102899 -0.0187970053 -0.334666999
v 0.01925498 -0.0243939953 -0.335325998
v 0.01209199 -0.0207960232 -0.307165998
v 0.01209098 -0.0207960232 -0.307163998
v 0.01056694 -0.0244429932 -0.307571998
v 0.006376981 -0.0284599833 -0.308675998
v 0.004534959 -0.0244900111 -0.279120998
v 0.000259 -0.0285060011 -0.279824998
v 0.001253962 -0.0245309589 -0.250844998
v 0.005984961 -0.0212450211 -0.278879998
v 0.002961993 -0.0200339689 -0.250104998
v 0.005991995 -0.0212469811 -0.278928998
v 0.008453965 -0.0218429721 -0.293110998
v 0.004092991 -0.0207010111 -0.279237998
v 0.004085958 -0.0206989811 -0.279188998
v 0.006602942 -0.0211929822 -0.293501998
v 0.010212 -0.0203169732 -0.307655998
v 0.002876996 -0.0234030011 -0.279390998
v 0.000995 -0.0196969689 -0.250237999
v -0.000105 -0.0229039889 -0.250793998
v 0.000855 -0.0195639888 -0.248432899
v -0.000303 -0.0227699988 -0.248997998
v 0.000671 -0.0192560086 -0.246758899
v -0.000431 -0.0220530187 -0.247272998
v 0.000392 -0.0187589685 -0.245126999
v 0.000116 -0.0183559784 -0.244080999
v 0.002172946 -0.0194180185 -0.244499999
v 0.002052962 -0.0193370084 -0.244096899
v 0.00266999 -0.0198139686 -0.247013999
v 0.001263976 -0.0232979787 -0.247235998
v -0.001516997 -0.0264939787 -0.248070998
v 0.00170499 -0.0237519889 -0.250644998
v 0.000983 -0.0213579684 -0.244155998
v -0.001877963 -0.0244729685 -0.244809998
v 0.000927 -0.0186979882 -0.241567999
v 0.000888 -0.0186779582 -0.241502999
v -0.000523 -0.0179999581 -0.239537999
v -0.001889944 -0.0217679883 -0.242028998
v -0.001660943 -0.0188329981 -0.239486999
v -0.005358994 -0.0239110084 -0.243136998
v -0.005134999 -0.0211919682 -0.240420898
v -0.005392968 -0.0264780086 -0.246076998
v -0.009201943 -0.0249199985 -0.244602998
v -0.009240984 -0.0266400086 -0.246798998
v -0.009050965 -0.0224250082 -0.241693998
v -0.008892953 -0.0206769881 -0.239628998
v -0.008819997 -0.019992958 -0.238768898
v -0.02755498 -0.0226590186 -0.245728998
v -0.02735996 -0.0274390093 -0.255079998
v -0.02761995 -0.0226590186 -0.245749998
v -0.04642295 -0.020865989 -0.251637998
v -0.02760398 -0.0203359881 -0.240331998
v -0.02755695 -0.0194479978 -0.235150899
v -0.04672396 -0.0179680085 -0.244965999
v -0.04662197 -0.0190039987 -0.247725999
v -0.046772 -0.016922008 -0.238450999
v -0.04677796 -0.0173199866 -0.219543899
v -0.05246198 -0.0139739681 -0.239318999
v -0.05250895 -0.0139349781 -0.239325999
v -0.05219596 -0.0163520088 -0.249173899
v -0.05170798 -0.0213030095 -0.258286998
v -0.05603694 -0.0118479889 -0.250385999
v -0.05628895 -0.00926496311 -0.239898999
v -0.05775296 -0.00543101497 -0.25121
v -0.05580997 -0.0168249796 -0.259880999
v -0.05736297 -0.0108969997 -0.260979999
v -0.05540198 -0.0218410003 -0.269299998
v -0.056611 -0.0188520104 -0.270001999
v -0.05108797 -0.0261889802 -0.267463998
v -0.05452597 -0.0249799611 -0.279388998
v -0.05063498 -0.028508981 -0.277673998
v -0.05497699 -0.0242920111 -0.279582998
v -0.05608195 -0.0219189711 -0.280050998
v -0.05489295 -0.0242870014 -0.283954998
v -0.05664497 -0.0184679814 -0.283980999
v -0.05051499 -0.0285009914 -0.283875998
v -0.05204999 -0.0242539831 -0.305742998
v -0.04779696 -0.028469993 -0.304707998
v -0.04449796 -0.0242160146 -0.326377998
v -0.053752 -0.0184350231 -0.306149999
v -0.05298197 -0.0184300133 -0.309100999
v -0.05306798 -0.0159989733 -0.309119999
v -0.04606896 -0.0183959847 -0.327145999
v -0.054497 -0.0160079729 -0.303302999
v -0.05089098 -0.0159859839 -0.316010999
v -0.05088698 -0.0159859839 -0.316020999
v -0.05275499 -0.0145369934 -0.310574999
v -0.04900997 -0.0158519938 -0.315341999
v -0.04900497 -0.0158819738 -0.315351999
v -0.05083596 -0.0144059834 -0.310027999
v -0.05218696 -0.011541983 -0.305179999
v -0.05254197 -0.0159440229 -0.302883999
v -0.05414199 -0.0116030131 -0.305598999
v -0.05271095 -0.00896599186 -0.302784999
v -0.05467998 -0.00899001189 -0.303134999
v -0.05300396 -0.00583799873 -0.30109
v -0.05303299 -0.00530799472 -0.300886
v -0.05498099 -0.00583400575 -0.301389
v -0.05500698 -0.00538101074 -0.301208
v -0.05580794 -0.0153200223 -0.296026999
v -0.05511498 -0.00239696367 -0.300276
v -0.05517196 0.0011069544 -0.299394
v -0.05313199 -0.00241997065 -0.300014
v -0.05318599 0.00106993941 -0.299159
v -0.05327898 0.00428096152 -0.29771
v -0.05463796 -0.0125959718 -0.288911999
v -0.05328094 0.00431296953 -0.297683
v -0.05339795 0.00537494563 -0.296316
v -0.055269 0.00436095051 -0.297897
v -0.05538696 0.00542692061 -0.296523
v -0.05526196 0.0042589675 -0.297983
v -0.05662399 -0.0126559918 -0.289165999
v -0.05704694 -0.00745399944 -0.283973999
v -0.05592298 0.00651393101 -0.291256
v -0.05752295 0.00363496784 -0.28026
v -0.05671596 -0.0184729812 -0.280272999
v -0.05762797 0.00560096698 -0.278474
v -0.05728399 0.00660792772 -0.281809
v -0.05529898 0.00657293974 -0.281569
v -0.05754595 0.00661996794 -0.279006
v -0.05769997 0.00662592915 -0.276200001
v -0.05570495 0.00650892515 -0.276115
v -0.05771195 0.00657794716 -0.275985
v -0.05772 0.00657794719 -0.275572
v -0.05571097 0.00655792017 -0.275913
v -0.05572199 0.0066509632 -0.275534001
v -0.0564 0.00660793087 -0.240167
v -0.05839794 0.00653592887 -0.240205
v -0.05790895 0.0065059538 -0.16157
v -0.05990797 0.0064339508 -0.161598
v -0.05864697 0.00635795695 -0.13313
v -0.05775898 0.0023259398 -0.161585
v -0.05758196 -0.0025959732 -0.161579
v -0.05875796 0.00221495795 -0.133132
v -0.05895197 -0.00318999006 -0.133209
v -0.05875998 0.00221495795 -0.1331059
v -0.06055098 0.00202094709 -0.104705
v -0.06079798 -0.00390196592 -0.104855
v -0.060552 0.0020209471 -0.104678
v -0.05987298 0.0060819901 -0.104695
v -0.06265997 0.00183396924 -0.0763030001
v -0.062662 0.00183396924 -0.0762810101
v -0.06284499 -0.00470197778 -0.0765099496
v -0.06180197 -0.00428999085 -0.0906959697
v -0.06446796 -0.00535899817 -0.0552149996
v -0.06298798 -0.0115489942 -0.0557919691
v -0.06500297 -0.00558096464 -0.0481619796
v -0.063928 -0.0107589937 -0.0485809992
v -0.06483095 0.00173294138 -0.0478949501
v -0.06594699 -0.00611198156 -0.0338749795
v -0.066087 -0.00619799038 -0.0314689795
v -0.06613498 -0.00622695831 -0.0306059695
v -0.06615495 -0.00623899828 -0.0302589495
v -0.066163 -0.00624394627 -0.0301069595
v -0.06616699 -0.00624597227 -0.0300359695
v -0.06616896 -0.00624698627 -0.0300019895
v -0.06616997 -0.00624799926 -0.0299859595
v -0.06616997 -0.00624799926 -0.0299769595
v -0.06616997 -0.00624799926 -0.0299729695
v -0.06616997 -0.00624799926 -0.0299719495
v -0.06617099 -0.00624799926 -0.0299689695
v -0.06637001 -0.00636094998 -0.0261979595
v -0.06665897 -0.00646299248 -0.0196039595
v -0.06655198 0.00190996952 -0.0195459701
v -0.06650996 -0.00665599138 -0.0050899975
v -0.06489598 -0.0130809515 -0.020181949
v -0.06485599 -0.0131649915 -0.020195959
v -0.064866 -0.0132329404 -0.005598961
v -0.060781 -0.0187439916 -0.0215699586
v -0.06024098 -0.0166229638 -0.0498429487
v -0.06016695 -0.0193109516 -0.0217729785
v -0.06110596 -0.0187959607 -0.00979494858
v -0.06109195 -0.0188139605 -0.00677698658
v -0.05980598 -0.0200099908 -0.0102489485
v -0.05961996 -0.0199969999 0.00154697951
v -0.05956 -0.0199959814 -0.0184029885
v -0.05338597 -0.0240309795 0.00623095181
v -0.05937498 -0.0199839417 -0.0220339785
v -0.056638 -0.0219519717 -0.0229269783
v -0.05518096 -0.0228340018 -0.0233969583
v -0.05443596 -0.0232519518 -0.0236359782
v -0.05438899 -0.0232779918 -0.0236509982
v -0.05436497 -0.0232909918 -0.0236589882
v -0.05435395 -0.0232969518 -0.0236619682
v -0.054349 -0.0232999918 -0.0236639882
v -0.054349 -0.0232999918 -0.0236639882
v -0.054349 -0.0232999918 -0.0236639882
v -0.054349 -0.0232999918 -0.0236639882
v -0.054349 -0.0232999918 -0.0236639882
v -0.054349 -0.0232999918 -0.0236639882
v -0.054349 -0.0232999918 -0.0236639882
v -0.054349 -0.0232999918 -0.0236639882
v -0.054349 -0.0232999918 -0.0236639882
v -0.054349 -0.0232999918 -0.0236639882
v -0.054349 -0.0232999918 -0.0236639882
v -0.05433297 -0.0233079718 -0.0236689982
v -0.05428099 -0.0233369418 -0.0236859882
v -0.05408698 -0.0234419718 -0.0237479782
v -0.05305898 -0.0239759618 -0.0240769882
v -0.05452996 -0.0203479544 -0.0585469585
v -0.04887199 -0.0231369745 -0.0602189783
v -0.059448 -0.0166040043 -0.0569929387
v -0.05407696 -0.017403967 -0.0931279587
v -0.04942494 -0.0199139771 -0.0943359685
v -0.05800598 -0.0140149569 -0.0920049489
v -0.06074595 -0.00958300288 -0.0911319793
v -0.05661398 -0.0117969596 -0.126873999
v -0.05514299 -0.0103129822 -0.161824999
v -0.04968899 -0.0171859897 -0.128339999
v -0.05867898 -0.00787598754 -0.126352999
v -0.059385 -0.00335896952 -0.126112
v -0.056885 -0.0066279882 -0.161641999
v -0.05601298 -0.00878895521 -0.161731999
v -0.05557698 -0.00851096118 -0.187787999
v -0.05514299 -0.00823499314 -0.213840999
v -0.05707496 -0.00265498318 -0.187771
v -0.05176597 -0.0132979842 -0.187817999
v -0.04629898 -0.0160459942 -0.187850999
v -0.05150496 -0.0128420061 -0.213553999
v -0.05202597 -0.0137530022 -0.162162999
v -0.04919195 -0.0155409623 -0.162466999
v -0.04631698 -0.0165689623 -0.162774999
v -0.04630398 -0.0161749837 -0.181683999
v -0.05124497 -0.0123890181 -0.239286999
v -0.04627799 -0.0155179661 -0.213132999
v -0.04627299 -0.0153849866 -0.219500999
v -0.04628896 -0.0157799851 -0.200591999
v -0.02793198 -0.0180760151 -0.199503999
v -0.02772998 -0.0177620164 -0.217306999
v -0.02752798 -0.0174560078 -0.235109999
v -0.02757197 -0.0174560078 -0.235117999
v -0.04625594 -0.014989988 -0.238409899
v -0.05694395 -0.00256301371 -0.194784
v -0.05734997 -0.00258995411 -0.173624
v -0.05737197 -0.00229699706 -0.173031
v -0.05740296 -0.00173701102 -0.172507
v -0.057437 -0.000948013002 -0.172221
v -0.05746597 -0.000101013007 -0.172286
v -0.05748397 0.000621986963 -0.17268
v -0.05748999 0.00107292992 -0.173231
v -0.05746895 0.0013249378 -0.174782
v -0.05740898 0.00132893157 -0.1779209
v -0.05734896 0.00133298433 -0.18106
v -0.05728799 0.00133697709 -0.1842
v -0.05722796 0.00134097086 -0.187339
v -0.05716794 0.00134496362 -0.190478
v -0.05710697 0.00134997038 -0.193617
v -0.05707395 0.00118093128 -0.195007
v -0.05704498 0.000717985228 -0.195661
v -0.05700796 -7.00148063e-05 -0.196116
v -0.05697399 -0.000982014811 -0.196174
v -0.05695098 -0.00177700779 -0.1958529
v -0.05694299 -0.00230099175 -0.19533
v -0.056575 -0.00253798115 -0.213949
v -0.05470997 -0.00795997911 -0.239892999
v -0.03694999 -0.0263800048 -0.063529958
v -0.04722696 -0.026528002 -0.025922948
v -0.03905498 -0.0290979721 -0.0284689578
v -0.04390597 -0.0279240018 -0.0233889779
v -0.03529995 -0.0296909824 -0.0323879678
v -0.03363698 -0.0298779626 -0.0341209677
v -0.03571498 -0.0316399925 -0.0325509876
v -0.03449296 -0.0317839926 -0.0338019676
v -0.03185099 -0.0320209828 -0.0365059876
v -0.02798497 -0.0322029531 -0.0404659476
v -0.03152298 -0.0300569527 -0.0363219877
v -0.02773195 -0.030228973 -0.0402649577
v -0.02393299 -0.0302339733 -0.0442089977
v -0.02111399 -0.0301399836 -0.0471349877
v -0.02412098 -0.0322139834 -0.0444259576
v -0.02114099 -0.0321159936 -0.0474799776
v -0.02466696 -0.0296039551 -0.0669989478
v -0.02016896 -0.0320889936 -0.0482819576
v -0.01759099 -0.0321199837 -0.0492369476
v -0.020042 -0.0301059436 -0.0480509877
v -0.01749598 -0.0301370037 -0.0489969777
v -0.01480698 -0.0302850037 -0.0486939477
v -0.01487499 -0.0322690037 -0.0489399976
v -0.01252996 -0.0305359936 -0.0472399477
v -0.01257997 -0.0325189836 -0.0474919575
v -0.01112794 -0.0308649534 -0.0449129877
v -0.01088297 -0.0312119732 -0.0422189776
v -0.01117098 -0.0328480034 -0.0451659475
v -0.01093298 -0.0331959732 -0.0424689575
v -0.01192098 -0.033482963 -0.0399349875
v -0.015706 -0.0337889727 -0.0359259774
v -0.01185399 -0.031498963 -0.0396909676
v -0.01559394 -0.0318049727 -0.0356999576
v -0.00307697 -0.031632953 -0.0395279476
v -0.01907098 -0.0319669824 -0.0321019776
v -0.01601696 -0.0332269617 -0.0220899475
v -0.020563 -0.0320009523 -0.0305569676
v -0.02552497 -0.0319469519 -0.0254119576
v -0.02074295 -0.0339819723 -0.0307599874
v -0.02578598 -0.0339219519 -0.0255889774
v -0.03082895 -0.0335620015 -0.0204209575
v -0.03047299 -0.0315989815 -0.0202749876
v -0.03337699 -0.0312349713 -0.0172539876
v -0.03044897 -0.0324099605 -0.00714796455
v -0.03539299 -0.0309059611 -0.0151549477
v -0.03586 -0.0328469812 -0.0152699875
v -0.04054796 -0.0297279908 -0.0104549478
v -0.04114097 -0.0316369508 -0.0105359476
v -0.04385197 -0.0286399708 -0.0100789578
v -0.04452598 -0.0305219808 -0.0101489977
v -0.04681199 -0.0274569909 -0.0115669879
v -0.04755997 -0.0293110009 -0.0116389878
v -0.04853397 -0.0266139511 -0.014516938
v -0.04869598 -0.0264569512 -0.016293998
v -0.04932397 -0.0284489911 -0.0146019379
v -0.04948794 -0.0282909812 -0.0163879879
v -0.04911398 -0.0283589914 -0.0181379879
v -0.044568 -0.0298089918 -0.0235009677
v -0.04833495 -0.0265190014 -0.018036958
v -0.002589941 -0.031607983 -0.0396759476
v -0.001681983 -0.0319829528 -0.0368989676
v -0.02890795 -0.0257179775 -0.0991679981
v -0.04561799 -0.0280389697 0.00363797112
v -0.04448294 -0.0283469494 0.00742197214
v -0.03866899 -0.0305639499 0.00138294831
v -0.04475796 -0.0282189794 0.00770795513
v -0.04745697 -0.0267619391 0.011406952
v -0.04551994 -0.0300659494 0.00781095227
v -0.04830795 -0.0285649791 0.0115679522
v -0.048563 -0.0282019889 0.0140139421
v -0.04769694 -0.026408969 0.013818972
v -0.04779696 -0.0282909788 0.0163789921
v -0.04694497 -0.0264939588 0.016149992
v -0.04617995 -0.0287939886 0.0181970022
v -0.04474699 -0.0293089686 0.0189839622
v -0.04536598 -0.0269839686 0.017941952
v -0.04328197 -0.0277429786 0.0189380021
v -0.04102295 -0.0286229786 0.0190579822
v -0.044043 -0.0295739686 0.0192039622
v -0.04172599 -0.0304779985 0.0193199523
v -0.04166895 -0.0304999885 0.0193119623
v -0.03722 -0.0295249776 0.0316129922
v -0.03953695 -0.0313709886 0.0185520024
v -0.03889095 -0.0294929686 0.0183109622
v -0.03269195 -0.0339659991 0.0118359926
v -0.03222495 -0.0320239591 0.0117239924
v -0.02705895 -0.0353229595 0.00605595367
v -0.02385795 -0.0354009788 0.0159809527
v -0.01892298 -0.0363419602 -0.00229799426
v -0.01871395 -0.0343539702 -0.00223093941
v -0.015172 -0.0365259605 -0.00615095724
v -0.01169794 -0.0367149705 -0.00723898123
v -0.01227694 -0.0365669707 -0.00912397724
v -0.01187199 -0.0365659507 -0.00953995824
v -0.01174896 -0.0345729507 -0.00941198739
v -0.01089996 -0.0365569508 -0.0105389872
v -0.01078695 -0.0345649708 -0.0104019574
v -0.01077699 -0.0365549908 -0.0106649872
v -0.01066499 -0.0345630008 -0.0105279574
v -0.01076197 -0.0365549908 -0.0106809672
v -0.01075398 -0.0365549908 -0.0106889572
v -0.01064997 -0.0345630008 -0.0105429774
v -0.01064294 -0.0345630008 -0.0105509674
v -0.01063996 -0.0345630008 -0.0105539474
v -0.01075196 -0.0365549908 -0.0106909772
v -0.01063895 -0.0345630008 -0.0105549574
v -0.01074999 -0.0365549908 -0.0106929472
v -0.010625 -0.0345630008 -0.0105689674
v -0.010737 -0.0365549908 -0.0107069572
v -0.010598 -0.0345619908 -0.0105979974
v -0.01048296 -0.0345599608 -0.0107159574
v -0.01070898 -0.0365539708 -0.0107349672
v -0.01059299 -0.0365529608 -0.0108539372
v -0.01033997 -0.0365479508 -0.0111139972
v -0.009044945 -0.0365169609 -0.0124459772
v -0.01023298 -0.0345559708 -0.0109739774
v -0.008949995 -0.0345239609 -0.0122949374
v -0.005037963 -0.0343379912 -0.0163249874
v -0.005093991 -0.0363289712 -0.0165049973
v 0.002447962 -0.0335989518 -0.0240419475
v 0.00555998 -0.0345829711 -0.0141269474
v 0.008568942 -0.0325649923 -0.0303659975
v 0.008682966 -0.0345409523 -0.0306529874
v 0.01520997 -0.0308249528 -0.0372449677
v 0.01658099 -0.0303579529 -0.0386679677
v 0.01546496 -0.0327749828 -0.0376089775
v 0.01702398 -0.032244983 -0.0392119776
v 0.02032095 -0.0335779722 -0.0294149475
v 0.01833397 -0.0315519531 -0.0414969876
v 0.01798999 -0.0296269631 -0.0410789778
v 0.01856499 -0.0309739733 -0.0438829577
v 0.01075196 -0.0358649415 -0.0195939473
v 0.02698099 -0.0309079827 -0.0362459977
v 0.02924996 -0.0299039429 -0.0378789877
v 0.02651697 -0.0290150027 -0.0357969878
v 0.019885 -0.0316759922 -0.0289229676
v 0.028723 -0.0280369528 -0.0373909379
v 0.03141897 -0.0271089629 -0.037806978
v 0.03409099 -0.0264559928 -0.036901948
v 0.03201299 -0.0289459829 -0.0383269678
v 0.03474599 -0.0282689928 -0.0374359379
v 0.03677999 -0.0281369627 -0.0353129479
v 0.03609496 -0.0263329726 -0.034788958
v 0.03755098 -0.0286339525 -0.0325149778
v 0.03695797 -0.0295569822 -0.0297749578
v 0.03687494 -0.0268179724 -0.032021988
v 0.03632098 -0.0277159822 -0.0293209479
v 0.03279 -0.0297199419 -0.0252069778
v 0.02670997 -0.0321549714 -0.0189049776
v 0.03330898 -0.0316140019 -0.0255849876
v 0.02401095 -0.0329609512 -0.0161129775
v 0.01689696 -0.0344449807 -0.0087729664
v 0.01705998 -0.0364339907 -0.00890898425
v 0.009655952 -0.0372110001 -0.00129699419
v 0.00054 -0.0373709694 0.00808096182
v 0.000539 -0.0353719494 0.00802999967
v -0.004966974 -0.035075959 0.0136799826
v -0.01575398 -0.0333519481 0.0247409925
v -0.002706944 -0.0345399884 0.0207479526
v -0.008727967 -0.0341469583 0.0226079826
v -0.01395195 -0.0311959873 0.0359009524
v -0.01808995 -0.032696958 0.0271379925
v -0.02040594 -0.0319229878 0.0295130024
v -0.01832598 -0.0346529379 0.0274919826
v -0.02069097 -0.0338589477 0.0299239726
v -0.02303296 -0.0329289976 0.0323339725
v -0.02269697 -0.0310169976 0.0318619623
v -0.02445 -0.0302189475 0.0336599923
v -0.01630097 -0.0302109671 0.0383020023
v -0.02495598 -0.0299699874 0.0341789723
v -0.02534699 -0.0318549774 0.0347139824
v -0.02725595 -0.0287869473 0.0363799922
v -0.02930295 -0.0279679772 0.0372709621
v -0.027704 -0.0306409472 0.0369769923
v -0.02979695 -0.0297999871 0.0378980022
v -0.03898596 -0.0215809863 0.0495469516
v -0.03077197 -0.0294829571 0.0380379522
v -0.03404098 -0.0287609572 0.0372939722
v -0.03025895 -0.0276589872 0.0374029821
v -0.03346395 -0.0269539872 0.036661982
v -0.03481096 -0.0268689873 0.035633982
v -0.03541195 -0.0286749573 0.0362489822
v -0.03581398 -0.0269899874 0.034258962
v -0.03648197 -0.0277479777 0.0310489521
v -0.03643095 -0.0287979774 0.0348489822
v -0.03709995 -0.0295759976 0.0315749622
v -0.03623896 -0.0305669878 0.0289199923
v -0.03441596 -0.031599988 0.0268309724
v -0.03564697 -0.0287109579 0.0284649722
v -0.03646999 -0.0277909577 0.0309119821
v -0.03387099 -0.029717978 0.0264309622
v -0.029998 -0.0314489583 0.0224499724
v -0.02336597 -0.0334749788 0.0156229725
v -0.03044295 -0.0333759683 0.0227469825
v -0.02652096 -0.0333879496 0.00582796552
v -0.02200096 -0.0337719889 0.0142189825
v -0.008988976 -0.0351669699 0.000833002655
v -0.02227097 -0.0357489489 0.0143489827
v -0.009186983 -0.0371609899 0.000901002806
v -0.005753993 -0.0372049802 -0.00262796519
v -0.005689978 -0.0352069702 -0.00255894334
v 0.003226995 -0.0368059809 -0.0118629872
v 0.00325495 -0.0368039609 -0.0118919572
v 0.00377196 -0.0367579409 -0.0124219572
v 0.003239989 -0.0348099409 -0.0117389474
v 0.003366947 -0.0347989709 -0.0118699574
v 0.003751993 -0.0347639909 -0.0122649574
v -0.01148396 -0.0347189905 -0.00726794838
v -0.01204699 -0.0345739707 -0.00910395039
v -0.01485496 -0.0345389805 -0.00621097939
v 0.003811955 -0.0347589809 -0.0123279574
v 0.003832995 -0.0367519809 -0.0124859772
v 0.003818988 -0.0347579709 -0.0123349974
v 0.003819942 -0.0347579709 -0.0123349974
v 0.003843963 -0.0367509709 -0.0124969372
v 0.003844976 -0.0367509709 -0.0124979572
v 0.003844976 -0.0367509709 -0.0124979572
v 0.003844976 -0.0367509709 -0.0124979572
v 0.003823995 -0.0347579709 -0.0123399374
v 0.003823995 -0.0347579709 -0.0123399374
v 0.003832995 -0.0347569509 -0.0123489374
v 0.003850996 -0.0347549909 -0.0123679574
v 0.003853976 -0.0367499509 -0.0125069572
v 0.00387299 -0.0367490009 -0.0125259672
v 0.003909945 -0.0367449509 -0.0125639972
v 0.004058957 -0.036731001 -0.0127169372
v 0.003887951 -0.0347519509 -0.0124059874
v 0.004035949 -0.0347380009 -0.0125579774
v 0.004617989 -0.034681971 -0.0131569474
v 0.004646956 -0.036674971 -0.0133219872
v 0.005662977 -0.0365679811 -0.0143659672
v 0.002534985 -0.0355769918 -0.0243419973
v 0.006876945 -0.0364269612 -0.0156129472
v 0.006822943 -0.0344359812 -0.0154279374
v 0.01064795 -0.0338809415 -0.0193709674
v -0.04078298 -0.0287189386 0.0190189422
v -0.05078595 -0.0199089573 0.0354669615
v -0.04506695 -0.0199109868 0.0424909515
v -0.05587196 -0.0199309481 0.0248109615
v -0.05079096 -0.0199079473 0.0354659515
v -0.05587899 -0.0199259481 0.0248129915
v -0.05079698 -0.0199059773 0.0354650015
v -0.05588495 -0.0199209981 0.0248139515
v -0.05080896 -0.0198989473 0.0354639815
v -0.05589896 -0.0199109881 0.0248169815
v -0.05083698 -0.0198829673 0.0354629715
v -0.05592697 -0.0198899481 0.0248239615
v -0.05090296 -0.0198409473 0.0354699415
v -0.05598896 -0.0198429781 0.0248399915
v -0.05105495 -0.0197289473 0.0354989715
v -0.05135899 -0.0194769473 0.0355679915
v -0.05612897 -0.0197259681 0.0248810015
v -0.05641394 -0.0194649581 0.0249679615
v -0.05667299 -0.0191989481 0.0250519514
v -0.05677598 -0.0190819481 0.0250879514
v -0.05163496 -0.0192199873 0.0356289715
v -0.05175197 -0.0191019673 0.0356490014
v -0.05179595 -0.0190599473 0.0356499514
v -0.05181199 -0.0190439773 0.0356479814
v -0.05681198 -0.0190389681 0.0250999914
v -0.05682396 -0.0190229981 0.0251049914
v -0.05683296 -0.0190109581 0.0251069614
v -0.05518996 -0.0190279378 0.0294640014
v -0.05755895 -0.0189969483 0.0227279614
v -0.06072294 -0.0136649582 0.023226971
v -0.05952399 -0.018937999 0.0136789614
v -0.05848395 -0.019968979 0.0132949915
v -0.06025695 -0.0189069494 0.00816398943
v -0.06367498 -0.0134329693 0.00894594201
v -0.06077897 -0.0188689799 0.00197798142
v -0.065225 -0.00712197929 0.00938594354
v -0.06224596 -0.00761997423 0.0235009706
v -0.06523597 -0.0071189983 0.00930196054
v -0.06492799 0.00173997873 0.00972497387
v -0.06650996 -0.00665599138 -0.0050729505
v -0.06628096 0.00185495563 -0.00494199914
v -0.06628596 0.00185495562 -0.00503295614
v -0.06496095 0.00174194572 0.00947499187
v -0.06468796 0.00306099671 0.00934994177
v -0.06599098 0.00304496162 -0.00509095123
v -0.06422495 0.00441199569 0.00919598267
v -0.06306797 0.00744295166 0.00876498144
v -0.065485 0.00439596061 -0.00515699333
v -0.06422197 0.00742596259 -0.00539094256
v -0.06567597 0.00437295253 -0.0195289803
v -0.06561499 0.00450694353 -0.0195329703
v -0.06617099 0.00318097852 -0.0195379802
v -0.06622695 0.00301897352 -0.0195399502
v -0.06607496 0.00318497231 -0.0223559702
v -0.06795901 0.00385099431 -0.0224279703
v -0.06611996 0.00300293928 -0.0227769602
v -0.06623798 0.00298595252 -0.0195399502
v -0.066163 0.00281697325 -0.0231739802
v -0.06620198 0.00263297322 -0.0235819802
v -0.066298 0.00280195252 -0.0195419702
v -0.066356 0.00261497252 -0.0195440002
v -0.06641095 0.00242697952 -0.0195449502
v -0.06643396 0.00234395052 -0.0195459702
v -0.06623595 0.00244796019 -0.0240049902
v -0.066253 0.00233399617 -0.0242729702
v -0.06623399 0.00245499419 -0.0239869902
v -0.06816196 0.00298094518 -0.0240749702
v -0.06818896 0.00282794016 -0.0243629802
v -0.06819599 0.00278395215 -0.0244459502
v -0.06625795 0.00229894916 -0.0243549902
v -0.06819999 0.00276297115 -0.0244879702
v -0.06626296 0.00227296116 -0.0243960002
v -0.06823396 0.00255298412 -0.0249049602
v -0.06828498 0.00206696706 -0.0257029502
v -0.066298 0.00205796713 -0.0248090002
v -0.06630897 0.0019279691 -0.0252059601
v -0.06629496 0.00208097413 -0.0247579802
v -0.06651395 0.00204598752 -0.0195479902
v -0.06626498 0.00226199416 -0.0244140002
v -0.06646198 0.00223696052 -0.0195459702
v -0.066536 0.00196099052 -0.0195479901
v -0.06625795 0.00201499362 -0.00504696315
v -0.06655198 0.00189798852 -0.0195479901
v -0.06655496 0.00188594852 -0.0195479901
v -0.06628 0.00190496362 -0.00503998914
v -0.06655496 0.00188499452 -0.0195479901
v -0.06630796 0.00190895509 -0.0253089601
v -0.06655496 0.00188398152 -0.0195479901
v -0.06628197 0.00189596362 -0.00503998914
v -0.06655597 0.00188296852 -0.0195479901
v -0.06655597 0.00188296852 -0.0195479901
v -0.06628197 0.00189196962 -0.00503897614
v -0.06628298 0.00188696262 -0.00503897614
v -0.066284 0.00188296962 -0.00503796314
v -0.066284 0.00187998962 -0.00503796314
v -0.06655597 0.00188296852 -0.0195469801
v -0.06655597 0.00188398152 -0.0195469801
v -0.06655597 0.00188499452 -0.0195469801
v -0.06655597 0.00188696152 -0.0195469801
v -0.06628495 0.00187599562 -0.00503695014
v -0.06628495 0.00187295562 -0.00503695014
v -0.06628495 0.00186997562 -0.00503599614
v -0.06628596 0.00186794862 -0.00503599614
v -0.06655496 0.00188797552 -0.0195469801
v -0.06655496 0.00188994252 -0.0195469801
v -0.06655496 0.00189095552 -0.0195469801
v -0.066307 0.00190198209 -0.0253589701
v -0.06655496 0.00189095552 -0.0195469801
v -0.06628596 0.00186699562 -0.00503599614
v -0.06628596 0.00186598262 -0.00503599614
v -0.06628596 0.00186496862 -0.00503498314
v -0.06655496 0.00189196852 -0.0195469801
v -0.06655496 0.00189196852 -0.0195469801
v -0.06655496 0.00189196852 -0.0195469801
v -0.06655496 0.00189196852 -0.0195469801
v -0.06630396 0.00189596208 -0.0254330001
v -0.06630295 0.00189494808 -0.0254559501
v -0.06630498 0.00189798808 -0.0254079601
v -0.06630599 0.00189995508 -0.0253839401
v -0.06629896 0.00189399507 -0.0255289601
v -0.06655496 0.00189298152 -0.0195469801
v -0.066298 0.00189494807 -0.0255519701
v -0.06629496 0.00189798807 -0.0255990001
v -0.066554 0.00189894252 -0.0195469801
v -0.066554 0.00189697552 -0.0195469801
v -0.06655299 0.00190394952 -0.0195459701
v -0.06628596 0.00185799462 -0.00503396914
v -0.06655198 0.00190794252 -0.0195459701
v -0.06628596 0.00185698162 -0.00503295614
v -0.06628596 0.00186198862 -0.00503498314
v -0.06655496 0.00189399552 -0.0195469801
v -0.06627696 0.00102895194 -0.0273180001
v -0.068268 0.00119095793 -0.0274249901
v -0.06624996 0.000168997808 -0.02903896
v -0.06824195 0.000310997799 -0.02914798
v -0.066208 -0.000683002322 -0.0307589699
v -0.06820195 -0.000572002331 -0.030873
v -0.06614595 -0.00152999345 -0.0324799999
v -0.06606298 -0.00236797558 -0.0342019698
v -0.06814199 -0.00145799146 -0.0325989699
v -0.06805896 -0.00233894759 -0.0343269698
v -0.06800097 -0.00248795966 -0.0352719998
v -0.06600499 -0.00250798665 -0.0351449798
v -0.06793999 -0.00217700273 -0.0361749498
v -0.06787997 -0.00146997178 -0.0368369799
v -0.06594395 -0.00221097672 -0.0360469798
v -0.065885 -0.00153500077 -0.0367089499
v -0.06582999 -0.000643002791 -0.03696894
v -0.06782299 -0.000535002801 -0.03709596
v -0.06578296 0.000262997224 -0.03676694
v -0.06777298 0.000417997215 -0.03689295
v -0.06575995 0.000968997271 -0.0361449701
v -0.06774598 0.00116896326 -0.0362719801
v -0.06577301 0.0018269384 -0.0344299601
v -0.06775295 0.00207894739 -0.0345599602
v -0.06577497 0.00209897446 -0.0336129602
v -0.06575596 0.00229394149 -0.0331969802
v -0.067721 0.00254296945 -0.0337399802
v -0.06769597 0.00276094348 -0.0333229802
v -0.06769597 0.00276195748 -0.0333209602
v -0.06575596 0.00229495449 -0.0331949502
v -0.06769597 0.00276195748 -0.0333209602
v -0.06575596 0.00229495449 -0.0331949502
v -0.06769597 0.00276297048 -0.0333179802
v -0.065755 0.00229596749 -0.0331919702
v -0.06769597 0.00276595048 -0.0333129702
v -0.065755 0.00229894849 -0.0331869702
v -0.06769496 0.00277197049 -0.0333009902
v -0.065755 0.0023049685 -0.0331749902
v -0.06769299 0.00278794449 -0.0332709502
v -0.06768798 0.00283395949 -0.0331839902
v -0.06575196 0.0023219555 -0.0331449502
v -0.06574898 0.0023589705 -0.0330579802
v -0.065737 0.00247794053 -0.0327819502
v -0.06766897 0.00298094452 -0.0329069402
v -0.065629 0.00319695165 -0.0311329902
v -0.06442195 0.00321995839 -0.0478679502
v -0.06360995 0.00894897952 -0.0196279807
v -0.06751096 0.00386297464 -0.0312489803
v -0.06630295 0.00388598038 -0.0480089703
v -0.06543195 0.00976997451 -0.0196819907
v -0.06348997 0.0140739585 -0.0197759811
v -0.06519496 0.0103669686 -0.0185059908
v -0.06504398 0.0107659587 -0.0172549408
v -0.06337195 0.00954597961 -0.0184599707
v -0.06321901 0.0099469407 -0.0172179908
v -0.06327795 0.00984394375 -0.0165659707
v -0.06342297 0.00953995979 -0.0159969907
v -0.06510299 0.0106609387 -0.0165979808
v -0.06524896 0.0103559388 -0.0160229808
v -0.06571096 0.00934093984 -0.0153189807
v -0.06621098 0.00821894284 -0.0153099806
v -0.06388396 0.00852596584 -0.0153009806
v -0.06438601 0.00740098785 -0.0152969906
v -0.06442099 0.00732099884 -0.0153219606
v -0.06624799 0.00813597284 -0.0153349606
v -0.06466495 0.00676995382 -0.0156039505
v -0.066491 0.00758498782 -0.0156179606
v -0.06486195 0.00631999779 -0.0160529605
v -0.06512498 0.0057039837 -0.0172049904
v -0.066688 0.00713699879 -0.0160699405
v -0.066949 0.0065239647 -0.0172309805
v -0.06719595 0.00592797761 -0.0184080004
v -0.06743597 0.00533294452 -0.0195849504
v -0.065373 0.00510799661 -0.0183689504
v -0.06805598 0.00384694152 -0.0195930003
v -0.06854599 0.00205898052 -0.0196039602
v -0.06864696 -0.00667095249 -0.0196729795
v -0.06826597 0.00203895464 -0.00476098015
v -0.06826198 0.00203895465 -0.00469094515
v -0.06605696 0.00820195561 -0.00516295462
v -0.064875 0.0081829427 0.00927197838
v -0.06354498 0.0142419896 -0.00566494508
v -0.06259596 0.0142179706 0.00824099593
v -0.06354695 0.0142429396 -0.00578099508
v -0.06170195 0.0134709396 -0.00581795002
v -0.06170296 0.0134709396 -0.00585395102
v -0.06076395 0.0134809606 0.00790899798
v -0.06075197 0.0134809606 0.00800496198
v -0.05788397 0.0134539616 0.021396989
v -0.06007897 0.00741297171 0.0226319994
v -0.05786097 0.0134539616 0.021469949
v -0.05209195 0.0133990026 0.033870989
v -0.059623 0.0142099817 0.0220359489
v -0.06257498 0.0142179706 0.00840198793
v -0.05958497 0.0142099817 0.0221559989
v -0.05362099 0.0142199926 0.0348649589
v -0.061773 0.00817298977 0.0234029794
v -0.05577397 0.00816995176 0.0365469994
v -0.063703 0.00201094285 0.0244659698
v -0.06685197 0.00202196878 0.0102749398
v -0.06359398 0.00201094287 0.0247929598
v -0.064076 -0.00786399617 0.0243039706
v -0.05771797 0.00200396987 0.0379759598
v -0.04409795 0.00200695102 0.0531949898
v -0.05808597 -0.00814199112 0.0380820006
v -0.06404095 -0.00786697616 0.0244189506
v -0.05785799 -0.00965398213 0.0380119607
v -0.05643397 -0.0145809572 0.0375719611
v -0.04418098 -0.00965094098 0.0533019907
v -0.02651196 -0.00963597917 0.0639809907
v -0.04115295 -0.0202379763 0.0496609815
v -0.05314099 -0.0202349972 0.0365470015
v -0.04018896 -0.0202369562 0.0504459715
v -0.03928297 -0.0215819363 0.0493109816
v -0.02468299 -0.0202269455 0.0596149515
v -0.02376198 -0.0202269455 0.0599889715
v -0.02322298 -0.0215689456 0.0586389816
v -0.006015956 -0.0201979751 0.0642929615
v -0.006484985 -0.00960897779 0.0689939807
v -0.005273997 -0.0201959551 0.0643599615
v 0.01320099 -0.0201729452 0.0632680015
v 0.01413094 -0.00957399087 0.0678989807
v 0.01407897 0.00208396212 0.0677570098
v 0.01414197 0.00208396211 0.0677439498
v -0.006389975 0.0020489742 0.0688599898
v -0.006166994 0.0142609448 0.0637209989
v -0.006488978 0.0020489742 0.0688499798
v -0.02634894 0.00202197282 0.0638979598
v -0.02647 0.00202197282 0.0638479498
v -0.02465295 0.0142359745 0.0590459689
v -0.01426595 0.0142489647 0.0623929489
v -0.02961295 0.0142309643 0.0567119689
v -0.04095 0.0142219637 0.0491389589
v -0.02876394 0.0134189742 0.055092989
v -0.02394497 0.0134249943 0.057359989
v -0.03977894 0.0134069936 0.047736999
v -0.04273098 0.00161499091 0.0517789699
v -0.04179197 0.0134049635 0.045981999
v -0.04302197 0.0142209536 0.0473329989
v -0.02571696 0.00160795868 0.0620409799
v -0.04284399 0.0016149909 0.0516849699
v -0.04293698 -0.00918197209 0.0518029907
v -0.05000698 0.00162798438 0.0447799499
v -0.05607295 0.00165099179 0.0368949699
v -0.06179499 0.00167995781 0.0239519399
v -0.056418 -0.00789797021 0.0370059606
v -0.05425 0.00734698968 0.0355469494
v -0.06221699 -0.00762295522 0.0235959806
v -0.05622696 -0.00918495321 0.0369469507
v -0.05489397 -0.0138099672 0.036556951
v -0.058281 -0.0137559677 0.030053971
v -0.05182695 -0.0190309773 0.0356429814
v -0.04013597 -0.0190299663 0.0484349714
v -0.03919595 -0.0190289563 0.0492009514
v -0.038598 -0.0199089563 0.0484519615
v -0.02407199 -0.0190189356 0.0581429614
v -0.02317398 -0.0190179856 0.0585089914
v -0.02576398 -0.00916695031 0.0621819407
v -0.006298959 -0.00914197594 0.0670549807
v -0.006300985 0.00162399305 0.0669029899
v -0.005864977 -0.0189919353 0.0627029514
v -0.02560096 0.00160795869 0.0620889599
v -0.006203949 0.00162399305 0.0669119899
v -0.005984961 0.0134509847 0.061901979
v 0.01368695 0.00166798097 0.0658389899
v 0.013749 0.00166798097 0.0658259899
v -0.01385498 0.0134399546 0.060610939
v 0.001965999 0.0134639747 0.062176999
v 0.002017974 0.0142740048 0.0640039989
v -0.03830599 -0.0199079463 0.0486829815
v -0.06189399 0.00168198479 0.0236489699
v -0.04398 0.00200695102 0.0532919698
v 0.03341698 0.00212496958 0.0606659598
v -0.02293998 -0.0215689456 0.0587509816
v -0.04586696 -0.0215849767 0.0432440016
v -0.05168795 -0.0215779473 0.0360969916
v -0.05688798 -0.0215749681 0.0253679716
v -0.05756896 -0.0215739583 0.0231739816
v -0.05827498 -0.0202309381 0.0257979615
v -0.05660498 -0.0202339777 0.0302129915
v -0.05900698 -0.0202289782 0.0233959515
v -0.06100195 -0.0202199789 0.0141659915
v -0.06241899 -0.0144409482 0.0239920011
v -0.05993396 -0.0145219477 0.0308889711
v -0.06546097 -0.0142319693 0.00943899207
v -0.06173294 -0.0202149694 0.00859296453
v -0.06668299 -0.0140559604 -0.00538998694
v -0.06716096 -0.00735199325 0.00990796056
v -0.06716996 -0.00734895326 0.00983595855
v -0.06849098 -0.00685596437 -0.00484299548
v -0.06849098 -0.00685596437 -0.00484996948
v -0.06666398 -0.0140179915 -0.0202719489
v -0.06253695 -0.0201959605 -0.00661694848
v -0.06225097 -0.0202069798 0.00227195153
v -0.06253898 -0.0201929807 -0.00968694448
v -0.06109994 -0.0215370008 -0.0101479784
v -0.06217497 -0.0201769416 -0.0216429785
v -0.06224399 -0.0198839919 -0.0254419985
v -0.06208199 -0.0202659916 -0.0216719485
v -0.06065195 -0.0215209717 -0.0221119484
v -0.06134796 -0.0175150043 -0.0569609887
v -0.06495696 -0.0120319742 -0.0558539591
v -0.05989396 -0.0148849469 -0.0919659689
v -0.06271898 -0.0100249669 -0.0911609492
v -0.06065899 -0.00825698054 -0.126377899
v -0.063802 -0.00436896685 -0.0907529497
v -0.064839 -0.00480795479 -0.0766269496
v -0.06279599 -0.00395000692 -0.104939
v -0.061387 -0.00337696952 -0.126147
v -0.06254297 0.00217699209 -0.104788
v -0.06075894 0.00221597095 -0.133176
v -0.06254398 0.00217699209 -0.104784
v -0.06183195 0.00648193709 -0.104753
v -0.06463396 0.00213795323 -0.0764169602
v -0.06463396 0.00213795323 -0.0764110002
v -0.06329995 0.00652098024 -0.0763539605
v -0.06679195 0.00209796037 -0.0480419902
v -0.06699198 -0.00572598265 -0.0483159996
v -0.06646198 -0.00549596918 -0.0553119696
v -0.06578397 -0.0114869437 -0.0487479491
v -0.06793498 -0.00629598157 -0.0339989595
v -0.06807398 -0.00638795038 -0.0315889695
v -0.06812196 -0.00641995832 -0.0307229695
v -0.06814199 -0.00643199829 -0.0303759495
v -0.06814998 -0.00643694628 -0.0302229495
v -0.06815397 -0.00643998528 -0.0301519595
v -0.068156 -0.00644099927 -0.0301179795
v -0.06815695 -0.00644195227 -0.0301009995
v -0.06815695 -0.00644195227 -0.0300929495
v -0.06815695 -0.00644195227 -0.0300889595
v -0.06815797 -0.00644195227 -0.0300879395
v -0.06815797 -0.00644195227 -0.0300849595
v -0.06835699 -0.00656294999 -0.0263029895
v -0.06668496 -0.0139739515 -0.0202649789
v -0.06540197 -0.0124419937 -0.0488699591
v -0.06170898 -0.0179709738 -0.0500049486
v -0.06198495 -0.0185569532 -0.0424589486
v -0.06201595 -0.0186309831 -0.0415159386
v -0.06202 -0.0186399831 -0.0413989986
v -0.06202095 -0.0186409931 -0.0413839786
v -0.06202095 -0.0186409931 -0.0413799786
v -0.06202095 -0.0186409931 -0.0413799786
v -0.06202095 -0.0186409931 -0.0413789686
v -0.06202095 -0.0186419431 -0.0413729486
v -0.06202095 -0.0186429631 -0.0413599586
v -0.06202298 -0.0186479631 -0.0412979686
v -0.062029 -0.0186619731 -0.0411189686
v -0.06207299 -0.018772003 -0.0397019886
v -0.06218296 -0.0191099627 -0.0353869686
v -0.06226199 -0.0196619621 -0.0282889585
v -0.06226098 -0.0197059521 -0.0277179385
v -0.06226098 -0.0197109521 -0.0276529685
v -0.06226098 -0.0197119721 -0.0276449885
v -0.06226098 -0.0197119721 -0.0276429585
v -0.06226098 -0.0197119721 -0.0276429585
v -0.06226098 -0.0197119721 -0.0276429585
v -0.06226098 -0.0197129821 -0.0276399785
v -0.06226098 -0.0197129821 -0.0276329485
v -0.06226098 -0.0197169721 -0.0275859785
v -0.06225997 -0.0197309821 -0.0273999485
v -0.06329995 0.00652098024 -0.0763529505
v -0.06516796 0.00651299538 -0.0479759505
v -0.06142896 0.00582098324 -0.0762450004
v -0.063349 0.00569098739 -0.0478399904
v -0.06142795 0.00582098324 -0.0762649704
v -0.05987399 0.0060809771 -0.104666
v -0.06183195 0.00648193709 -0.104758
v -0.06064498 0.00643496695 -0.133167
v -0.06064397 0.00643496695 -0.133177
v -0.05864799 0.00635795695 -0.133104
v -0.06409096 0.00568699514 -0.0378299904
v -0.06317895 0.00904398884 -0.0285999707
v -0.06590896 0.00650894313 -0.0379619505
v -0.06499898 0.00986599683 -0.0287019607
v -0.06166696 0.0132519585 -0.019720971
v -0.06075799 0.00221597095 -0.133179
v -0.05975699 0.0022539368 -0.1616089
v -0.06095194 -0.00320399806 -0.133269
v -0.05957996 -0.0026779892 -0.161631
v -0.05779999 -0.00968898522 -0.161801899
v -0.059349 -0.00266195611 -0.173662
v -0.05937099 -0.00236899907 -0.173069
v -0.05920898 -0.00274200564 -0.1807309
v -0.05907297 -0.00273199218 -0.187809
v -0.05894196 -0.00263495671 -0.194822
v -0.05736398 -0.00940801118 -0.187826999
v -0.05301696 -0.0148570042 -0.187857999
v -0.05693197 -0.00912799015 -0.213879999
v -0.05649995 -0.00884796911 -0.239930999
v -0.05857294 -0.00260998416 -0.2139869
v -0.05276298 -0.0143959661 -0.213593999
v -0.04677999 -0.0174539761 -0.213173999
v -0.04678499 -0.0177170151 -0.200635999
v -0.04678899 -0.0179849942 -0.187891999
v -0.05806899 -0.00257601113 -0.240161
v -0.05894094 -0.00237299475 -0.195368
v -0.05894994 -0.00184900979 -0.195892
v -0.058972 -0.00105400281 -0.1962119
v -0.05900597 -0.000142014809 -0.1961539
v -0.05904299 0.000645985225 -0.1957
v -0.05907297 0.00110892927 -0.195046
v -0.05910497 0.00127695438 -0.193655
v -0.05916595 0.00127296162 -0.1905159
v -0.05922597 0.00126896785 -0.187377
v -0.05928599 0.00126497509 -0.184238
v -0.05934697 0.00126098133 -0.1810989
v -0.05940699 0.00125692856 -0.17796
v -0.05946695 0.0012529358 -0.174821
v -0.05948799 0.00100098692 -0.173269
v -0.05948197 0.00054998696 -0.172718
v -0.05946397 -0.00017301301 -0.172325
v -0.05943495 -0.00101996701 -0.172259
v -0.05940097 -0.00180895403 -0.172545
v -0.05706 -0.0110219822 -0.161870999
v -0.06085997 -0.0215269914 -0.0181609884
v -0.05579996 -0.0247799718 -0.0236089781
v -0.05554497 -0.0249219518 -0.0236879481
v -0.05541795 -0.0249919818 -0.0237269881
v -0.05535399 -0.0250269718 -0.0237469581
v -0.05533796 -0.0250359718 -0.0237519681
v -0.05532997 -0.0250399718 -0.0237539981
v -0.05532795 -0.0250409818 -0.0237549481
v -0.05532795 -0.0250419918 -0.0237549481
v -0.05532795 -0.0250419918 -0.0237549481
v -0.05532795 -0.0250419918 -0.0237549481
v -0.05532795 -0.0250419918 -0.0237549481
v -0.05532795 -0.0250419918 -0.0237549481
v -0.05532795 -0.0250419918 -0.0237549481
v -0.05532795 -0.0250419918 -0.0237549481
v -0.05532795 -0.0250419918 -0.0237549481
v -0.05532795 -0.0250419918 -0.0237549481
v -0.05532699 -0.0250419918 -0.0237549481
v -0.05532699 -0.0250419918 -0.0237549481
v -0.05532598 -0.0250429518 -0.0237559581
v -0.055323 -0.0250439618 -0.0237559581
v -0.06086498 -0.0215509499 0.00182294963
v -0.06032699 -0.0215599494 0.00849598763
v -0.05963599 -0.021564959 0.0137299816
v -0.06688797 0.00202196876 0.0100099998
v -0.06617599 0.00237196562 -0.00506198418
v -0.05911397 -0.0199829894 0.00825899951
v -0.06343698 -0.0119559737 -0.0487539691
v -0.05562597 0.00556192598 -0.278433
v -0.05554795 0.00653395894 -0.27894
v -0.05552798 0.00373194485 -0.280088
v -0.05393695 0.00647596303 -0.291023
v -0.05505198 -0.00737496343 -0.283802999
v -0.05356097 0.00600496676 -0.294585
v -0.05554896 0.00605795474 -0.294791
v -0.05699199 -0.0160470204 -0.270431999
v -0.05383497 -0.0152780023 -0.295688999
v -0.05257499 -0.0159449729 -0.302728999
v -0.04899996 -0.0159049838 -0.315364999
v -0.04899597 -0.0159110038 -0.315372999
v -0.05088198 -0.0159859839 -0.316034999
v -0.050879 -0.0159859839 -0.316042999
v -0.05087596 -0.0159849739 -0.316050999
v -0.04899299 -0.0159129738 -0.315380999
v -0.05087 -0.0159840139 -0.316068999
v -0.05086398 -0.0159819939 -0.316085999
v -0.04898697 -0.0159120138 -0.315397999
v -0.04898095 -0.0159099838 -0.315414999
v -0.04897499 -0.0159070038 -0.315431999
v -0.05085796 -0.0159790139 -0.316103999
v -0.04897195 -0.0159039638 -0.315441999
v -0.05085396 -0.0159750139 -0.316113999
v -0.04897099 -0.0159009838 -0.315444999
v -0.05085396 -0.0159729939 -0.316116999
v -0.04897099 -0.0158980038 -0.315445999
v -0.05085295 -0.0159700139 -0.316117999
v -0.04802596 -0.016154014 -0.317956999
v -0.04701596 -0.0162170142 -0.320454999
v -0.04988998 -0.0162260141 -0.318679999
v -0.04885995 -0.0162890143 -0.321227999
v -0.04776298 -0.0162800144 -0.323748999
v -0.04594099 -0.0162080144 -0.322926999
v -0.04659795 -0.0162729846 -0.326239999
v -0.04479897 -0.0162009746 -0.325368999
v -0.04536497 -0.0163259748 -0.328695999
v -0.04358994 -0.0162539647 -0.327775999
v -0.04406499 -0.016577025 -0.331103999
v -0.04346096 -0.0170999951 -0.332141999
v -0.04231494 -0.0165050249 -0.330136999
v -0.04172295 -0.017029005 -0.331153999
v -0.04326397 -0.0176630251 -0.332446999
v -0.04057699 -0.0284329845 -0.324436998
v -0.02920699 -0.0283919758 -0.342102998
v -0.03531098 -0.0299660143 -0.321821998
v -0.042086 -0.0300010029 -0.303310998
v -0.02464199 -0.0299269755 -0.338396998
v -0.008751988 -0.029876967 -0.357948998
v -0.02908796 -0.0284760158 -0.342006998
v -0.01319897 -0.0284249973 -0.361558998
v -0.009642958 -0.0284149875 -0.364890998
v -0.004968941 -0.0284040177 -0.367277998
v -7e-06 -0.0283950178 -0.368212998
v -0.006366968 -0.024390008 -0.371381998
v -0.003130972 -0.0298620073 -0.361855998
v -0.00802195 -0.0298739871 -0.358769998
v 0.003707945 -0.0298509773 -0.362166998
v -0.006698966 -0.029873987 -0.357483998
v -0.002977967 -0.0298649872 -0.359949998
v -0.007664978 -0.0298769669 -0.356338998
v -0.007667958 -0.0278769969 -0.356335998
v -0.009654998 -0.0298869865 -0.350766998
v -0.009658992 -0.0278870065 -0.350764998
v -0.008317947 -0.029891986 -0.345003998
v -0.004075944 -0.0298909757 -0.340878998
v -0.008320987 -0.027892016 -0.345000998
v -0.004079997 -0.0278910057 -0.340875998
v 0.001717984 -0.0278830156 -0.339698998
v 0.001721978 -0.0298829856 -0.339700998
v 0.00723195 -0.0278709758 -0.341842998
v 0.008350968 -0.0278679959 -0.342839998
v 0.007235944 -0.0298710058 -0.341845998
v 0.008353948 -0.0298679659 -0.342841998
v 0.01052296 -0.0298670157 -0.340732998
v 0.01071494 -0.0298590262 -0.346630998
v 0.01105594 -0.0298509766 -0.352536998
v 0.01071196 -0.0278589962 -0.346627998
v 0.01105195 -0.0278510066 -0.352533998
v 0.008144974 -0.027848977 -0.357687998
v 0.008147954 -0.029849017 -0.357689998
v 0.002913951 -0.0278539872 -0.360450998
v 0.002916991 -0.0298540172 -0.360452998
v -0.002980947 -0.0278650172 -0.359946998
v -0.006702959 -0.027874017 -0.357481998
v -0.00802499 -0.0278740171 -0.358767998
v -0.003133952 -0.0278619773 -0.361852998
v -0.008755981 -0.027876997 -0.357945998
v -0.02464497 -0.0279270055 -0.338393998
v -0.01246094 -0.0266660073 -0.360953998
v -0.02834999 -0.0267169658 -0.341401998
v -0.01527094 -0.0233259974 -0.363229998
v -0.01119297 -0.0233149777 -0.367053998
v -0.03116095 -0.0233770259 -0.343677998
v -0.02844899 -0.0266469958 -0.341481998
v -0.03128099 -0.023130976 -0.343774998
v -0.03970295 -0.0266879945 -0.323998998
v -0.03531396 -0.0279659843 -0.321818998
v -0.04684799 -0.026725013 -0.304472998
v -0.04953795 -0.0267539814 -0.283854998
v -0.04208898 -0.0280009729 -0.303307998
v -0.04463899 -0.0280299914 -0.283762998
v -0.044806 -0.0280410208 -0.275040998
v -0.04921799 -0.0269980009 -0.277419998
v -0.04498398 -0.0271510003 -0.269106998
v -0.02662795 -0.02802397 -0.265151998
v -0.02684795 -0.0272910097 -0.260298998
v -0.008498966 -0.0280059693 -0.255288998
v -0.008738994 -0.027116969 -0.251389998
v -0.005230963 -0.0274089691 -0.253519998
v -0.005392968 -0.0279690212 -0.280745998
v 0.000836 -0.0279219934 -0.310124998
v -0.000685 -0.0267499811 -0.279976998
v -0.003906965 -0.0267899791 -0.252806998
v 0.005450963 -0.0267030233 -0.308915998
v 0.008941948 -0.0233569933 -0.307995998
v 0.01428794 -0.0266519955 -0.337146998
v 0.009808957 -0.0278700156 -0.338786998
v 0.01051896 -0.0278669757 -0.340730998
v 0.01241797 -0.0278570261 -0.345921998
v -0.00227499 -0.025630009 -0.251934998
v -0.002506971 -0.0254469689 -0.250075998
v -0.000421 -0.0234440089 -0.250957998
v -0.002650976 -0.0247230087 -0.248282998
v -0.005525946 -0.0264299688 -0.249670998
v -0.002732992 -0.0224109985 -0.245227998
v -0.002663969 -0.0196330083 -0.242568999
v -0.005591988 -0.0242199986 -0.246445998
v -0.000519 -0.0196780084 -0.244340999
v -0.000503 -0.0176889983 -0.242546999
v -0.000843 -0.0173999783 -0.241922999
v -0.001558959 -0.0168739682 -0.240825999
v -0.001569986 -0.0168659782 -0.240808999
v -0.001575946 -0.0168619882 -0.240800999
v -0.000537 -0.0179929881 -0.239520999
v -0.000544 -0.0179900081 -0.239512999
v -0.000547 -0.0179889881 -0.239508999
v -0.000561 -0.0179820181 -0.239491899
v -0.001577973 -0.0168599582 -0.240797899
v -0.001589953 -0.0168519782 -0.240780999
v -0.001619994 -0.0168309982 -0.240738999
v -0.00170499 -0.0167729982 -0.240621999
v -0.000597 -0.0179649681 -0.239447999
v -0.000699 -0.0179169881 -0.239325999
v -0.00072 -0.0179069781 -0.239300999
v -0.000951 -0.017795988 -0.239026999
v -0.001366972 -0.017587968 -0.238537999
v -0.001917958 -0.0166269681 -0.240329999
v -0.002217948 -0.0164209781 -0.239925999
v -0.002279996 -0.0163779981 -0.239842999
v -0.002524971 -0.0167470081 -0.240021999
v -0.005436956 -0.0189380182 -0.240950999
v -0.002495944 -0.0162260081 -0.239550999
v -0.002990961 -0.015856998 -0.238854999
v -0.002145946 -0.0171510079 -0.237585999
v -0.003660976 -0.0152189879 -0.237703999
v -0.00407195 -0.0145089779 -0.236474999
v -0.003191947 -0.0159769778 -0.235440999
v -0.002440989 -0.0169479979 -0.237176999
v -0.001504957 -0.017516988 -0.238375999
v -0.005540966 -0.0216179584 -0.243635998
v -0.008846998 -0.0225839785 -0.244897998
v -0.008836984 -0.0248620087 -0.247687898
v -0.008834958 -0.0250009987 -0.247873998
v -0.008744001 -0.027064989 -0.251272998
v -0.04514098 -0.0259109901 -0.265601998
v -0.04991495 -0.0244900102 -0.267564998
v -0.04525697 -0.0248900199 -0.263309998
v -0.05365097 -0.0207579903 -0.269126998
v -0.05286097 -0.0238719711 -0.279338998
v -0.049658 -0.026762981 -0.277654998
v -0.05326998 -0.0232489911 -0.279549998
v 0.009811997 -0.0298699956 -0.338789998
v 0.01242095 -0.0298569961 -0.345923998
v 0.01779597 -0.028395976 -0.343954998
v 0.01289695 -0.0298479966 -0.352752998
v 0.01518797 -0.0284099754 -0.336820998
v 0.02186399 -0.0243799859 -0.342459998
v 0.01884996 -0.0283879863 -0.348873998
v 0.02316999 -0.0243709863 -0.348559998
v 0.02505499 -0.0187729763 -0.348417999
v 0.000839 -0.0299219634 -0.310126998
v -0.005389988 -0.0299689912 -0.280747998
v -0.008494973 -0.0300060093 -0.255291998
v -0.009041965 -0.029196989 -0.251258998
v -0.00444895 -0.0292499791 -0.253426998
v -0.02662199 -0.03002401 -0.265152998
v -0.02708899 -0.0292559996 -0.259953998
v -0.04480296 -0.0300409908 -0.275042998
v -0.050179 -0.0287530009 -0.277469998
v -0.04525899 -0.0291210003 -0.268797998
v -0.04463499 -0.0300299714 -0.283764998
v -0.04550999 -0.027918 -0.265328998
v -0.04568195 -0.0268640099 -0.262925998
v -0.04612398 -0.0234869894 -0.256469998
v -0.009085953 -0.0289920089 -0.250763998
v -0.009232997 -0.0272860087 -0.247718998
v -0.005108952 -0.0285129688 -0.249486998
v -0.002951979 -0.0285459891 -0.252741998
v -0.000854 -0.027039009 -0.251788998
v -0.032462 -0.024467016 -0.344737998
v -0.027722 -0.0197619864 -0.217342999
v -0.003161966 -0.0153110177 -0.234418999
v -0.004101991 -0.0125429774 -0.230929999
v -0.00285995 -0.0141099774 -0.230945999
v -0.004100978 -0.0125429774 -0.230883999
v -0.002858996 -0.0141099774 -0.230900999
v -0.004099965 -0.0125419574 -0.230793999
v -0.004095971 -0.0125410074 -0.230613999
v -0.002856969 -0.0141089674 -0.230809999
v -0.002851963 -0.0141069974 -0.230629999
v -0.002842962 -0.0141030074 -0.230274999
v -0.002823948 -0.0140949573 -0.229582999
v -0.004087984 -0.0125389774 -0.230258999
v -0.004072964 -0.0125339773 -0.229566999
v 0.006820976 0.00602494837 -0.1010349
v 0.008646965 0.00664495633 -0.101563001
v 0.01240795 0.00662898311 -0.0912559605
v -0.000686 -0.00867397762 -0.167156899
v 0.04816299 -0.0237079819 -0.0250379982
v 0.04014599 -0.0198149635 -0.0463149485
v 0.05403095 -0.019734972 -0.0265589885
v 0.05631798 -0.0197209717 -0.0222109485
v 0.05044496 -0.0197550025 -0.0324959685
v 0.04355597 -0.0197929732 -0.0421219385
v 0.05153596 -0.0186799725 -0.0327349886
v 0.05156499 -0.0186799725 -0.0326889686
v 0.044743 -0.0186509432 -0.0423959386
v 0.04472196 -0.0186509432 -0.0424229486
v 0.03719794 -0.0186389639 -0.0514779586
v 0.047827 -0.0140729533 -0.0432349989
v 0.04901897 -0.0140669931 -0.0416429589
v 0.04037195 -0.0140979839 -0.0523089689
v 0.04025995 -0.0143299639 -0.0522809589
v 0.04204297 -0.00739699998 -0.0527399694
v 0.04206198 -0.00712299698 -0.0527439695
v 0.04510796 -0.00712698972 -0.0492339695
v 0.04165995 4.89960299e-05 -0.05258595
v 0.033499 -5.30046331e-05 -0.06136697
v 0.04136097 0.00198095604 -0.0524770001
v 0.04499095 5.39963116e-05 -0.04885494
v 0.033499 -5.30046331e-05 -0.06136697
v 0.03494495 0.000345995267 -0.06268697
v 0.03494495 0.000344995267 -0.06268596
v 0.03349697 -5.40046332e-05 -0.061369
v 0.03494495 0.000345995267 -0.06268596
v 0.03494399 0.000344995267 -0.06268697
v 0.03494399 0.000344995267 -0.06268596
v 0.03349596 -5.40046333e-05 -0.06136995
v 0.03494 0.000340995267 -0.06269198
v 0.03494095 0.000341995267 -0.06269097
v 0.03494197 0.000342995267 -0.06268996
v 0.03494298 0.000343995267 -0.06268799
v 0.03493797 0.000339995267 -0.06269395
v 0.03493899 0.000339995267 -0.06269299
v 0.03349494 -5.50046334e-05 -0.06137096
v 0.03494 0.000340995267 -0.06269299
v 0.03348594 -6.20046343e-05 -0.06138294
v 0.03493595 0.000337995267 -0.06269699
v 0.03492695 0.000329995266 -0.06270897
v 0.03490996 0.000313995264 -0.06273299
v 0.03487396 0.00028199526 -0.06278097
v 0.03346794 -7.80046361e-05 -0.06140697
v 0.03343194 -0.00010900464 -0.06145596
v 0.03336 -0.000171004647 -0.061553
v 0.03480297 0.000218995253 -0.06287699
v 0.03321599 -0.000295004662 -0.061746
v 0.03292697 -0.000544004691 -0.06213498
v 0.03466099 9.09952383e-05 -0.06306999
v 0.03437697 -0.000163004791 -0.06345498
v 0.03381198 -0.000671004849 -0.0642229899
v 0.03324997 -0.00117999791 -0.0649920099
v 0.03235197 -0.00103897275 -0.0629089999
v 0.03177899 -0.00153297581 -0.0636849899
v 0.03114998 -0.00187695487 -0.0644909699
v 0.030429 -0.00170296893 -0.0652679799
v 0.03262996 -0.00153094997 -0.0657879699
v 0.03191399 -0.00133997702 -0.0665569899
v 0.03126996 -0.000658005066 -0.067097
v 0.02978998 -0.00105798697 -0.0658129999
v 0.03084897 0.000345994922 -0.06725597
v 0.029383 -0.000114004981 -0.06597596
v 0.03074795 0.00111996593 -0.0670899701
v 0.02269899 0.000344994149 -0.07749295
v 0.02928996 0.000643995032 -0.06580597
v 0.02941 0.00132798606 -0.0654189501
v 0.03494495 0.000346995267 -0.06269097
v 0.04310899 0.000348995928 -0.05393397
v 0.03715497 0.00228297249 -0.0597579402
v 0.04053395 0.00228493976 -0.0562139702
v 0.03573095 0.00190394659 -0.0584049801
v 0.04008895 0.00479697677 -0.0559960004
v 0.03867095 0.00440996387 -0.0546399903
v 0.04203099 0.00649696097 -0.0534409805
v 0.04060298 0.00606697307 -0.0521090005
v 0.04231196 0.00505297895 -0.0535909504
v 0.042032 0.00649594797 -0.0534409805
v 0.042032 0.00649594797 -0.0534399705
v 0.04203397 0.00649696097 -0.0534389605
v 0.04060298 0.00606697307 -0.0521090005
v 0.04060798 0.00607198007 -0.0521019605
v 0.04203498 0.00649797497 -0.0534369905
v 0.04203599 0.00649898797 -0.0534359805
v 0.04060798 0.00607198007 -0.0521019605
v 0.04203695 0.00649994197 -0.0534339505
v 0.04203796 0.00650095497 -0.0534330005
v 0.04203999 0.00650298097 -0.0534309705
v 0.04204797 0.00650995497 -0.0534189905
v 0.04206299 0.00652396197 -0.0533979505
v 0.04061299 0.00607698707 -0.0520949905
v 0.04062896 0.00608998107 -0.0520739505
v 0.04065996 0.00611799507 -0.0520299605
v 0.04072099 0.00617295108 -0.0519459805
v 0.042095 0.00655298997 -0.0533539605
v 0.04215699 0.00660895898 -0.0532679505
v 0.04228496 0.00672494899 -0.0530909805
v 0.04255795 0.00697397702 -0.0527089805
v 0.040847 0.00628596109 -0.0517719905
v 0.04111695 0.00652795612 -0.0513949905
v 0.04156196 0.00708895517 -0.0507099605
v 0.04169195 0.00795393721 -0.0502539806
v 0.04300898 0.00754695707 -0.0520119606
v 0.04314196 0.00842797311 -0.0515469906
v 0.04292398 0.00940197312 -0.0514279607
v 0.04147398 0.00891196321 -0.0501409707
v 0.042427 0.0102439461 -0.0516619608
v 0.04098194 0.0097399912 -0.0503749807
v 0.04176598 0.0107809861 -0.0521909508
v 0.04032599 0.0102709462 -0.0509009908
v 0.04279899 0.00228493994 -0.0538329402
v 0.04779696 0.00505494643 -0.0473319804
v 0.048114 0.00577896448 -0.0466879604
v 0.04743695 0.00413095537 -0.0480739403
v 0.04867297 0.0025699695 -0.0463329502
v 0.04712694 0.00320994432 -0.0487269702
v 0.04707294 0.00302093831 -0.0488469602
v 0.04704397 0.00290596031 -0.0489139502
v 0.04703599 0.00287293931 -0.0489319502
v 0.04703199 0.0028559523 -0.0489419602
v 0.04703199 0.0028549393 -0.0489429802
v 0.04703199 0.0028539853 -0.0489429802
v 0.04703199 0.0028539853 -0.0489429802
v 0.04703199 0.0028539853 -0.0489429802
v 0.04703199 0.0028539853 -0.0489429802
v 0.04703199 0.0028539853 -0.0489429802
v 0.04703199 0.0028549393 -0.0489429802
v 0.04703199 0.0028549393 -0.0489429802
v 0.04703199 0.0028549393 -0.0489429802
v 0.04703199 0.0028549393 -0.0489429802
v 0.04703199 0.0028549393 -0.0489429802
v 0.04703199 0.0028549393 -0.0489429802
v 0.04703199 0.0028539853 -0.0489429802
v 0.04703199 0.0028529723 -0.0489429802
v 0.04702496 0.0028229913 -0.0489599702
v 0.04700899 0.0027529553 -0.0489979902
v 0.04699796 0.0027029473 -0.0490249902
v 0.046992 0.0026739793 -0.0490409702
v 0.04698896 0.0026609853 -0.0490479402
v 0.04698699 0.0026549653 -0.0490509802
v 0.04696196 0.00254195529 -0.0491119602
v 0.04690396 0.00228297328 -0.0492469602
v 0.04716396 0.0020659523 -0.0489580002
v 0.04649299 0.000327996214 -0.05014598
v 0.04621398 -0.00269699385 -0.0509669698
v 0.04666298 -0.00739395981 -0.0504699894
v 0.04649096 -0.00278598382 -0.0506289598
v 0.04673898 -0.0029119878 -0.0502919498
v 0.04662197 -0.00535899782 -0.0506109496
v 0.04707795 -0.00778794577 -0.0498989794
v 0.04688495 -0.00543695979 -0.0502409896
v 0.04736095 -0.00779998674 -0.0494959894
v 0.04712599 -0.00553900377 -0.0498729896
v 0.04735594 -0.00563496674 -0.0494969396
v 0.046965 -0.00304699277 -0.0499599498
v 0.04762297 -0.00784796771 -0.0490869794
v 0.04922896 -0.0114779435 -0.0460889891
v 0.04786998 -0.00788998967 -0.0486699894
v 0.04810094 -0.00787896264 -0.0482429794
v 0.04948699 -0.0113729834 -0.0456539891
v 0.04971599 -0.0112089534 -0.0452249592
v 0.04987299 -0.0108940034 -0.0448649492
v 0.04829299 -0.00772500361 -0.0478299794
v 0.04777795 -0.00565696068 -0.0486849496
v 0.04758995 -0.00337899069 -0.0488569697
v 0.04757797 -0.00569695571 -0.0490989596
v 0.04739195 -0.00330198172 -0.0492519698
v 0.04798799 0.00115394139 -0.0477559501
v 0.04718095 -0.00318098375 -0.0496179398
v 0.04779899 0.00139194337 -0.0480749601
v 0.04760295 0.00161897735 -0.0483739901
v 0.04739499 0.00184195833 -0.0486649801
v 0.04815995 0.00091299642 -0.0474169801
v 0.05118697 -0.0139029632 -0.042180949
v 0.04894995 -0.0115779635 -0.0465139691
v 0.04865097 -0.0117219635 -0.0469089691
v 0.05092495 -0.0141249832 -0.0425319589
v 0.05063998 -0.0143820032 -0.0428429789
v 0.05305999 -0.0157939729 -0.0381589488
v 0.052809 -0.0161179929 -0.0383549888
v 0.05253797 -0.0164909929 -0.0384439788
v 0.05507999 -0.0172089925 -0.0337049887
v 0.05483895 -0.0175889725 -0.0337079687
v 0.05471998 -0.0175459926 -0.0339509787
v 0.057217 -0.0181739922 -0.0289199886
v 0.06009995 -0.0182259618 -0.0232719686
v 0.05889695 -0.0199859717 -0.0227549585
v 0.06316399 -0.0199919909 -0.0117449685
v 0.05881094 -0.0199859717 -0.0229319885
v 0.05747896 -0.0213339917 -0.0225299484
v 0.05295699 -0.0199819825 -0.0333299585
v 0.05291199 -0.0199819825 -0.0334009485
v 0.05158096 -0.0213299925 -0.0330089884
v 0.04598999 -0.0199799533 -0.0432269485
v 0.04463195 -0.0213269532 -0.0428259884
v 0.04597795 -0.0199799533 -0.0432419685
v 0.04935497 -0.0148809533 -0.0442469689
v 0.03830498 -0.019979004 -0.0524669785
v 0.03689795 -0.0213279739 -0.0520369984
v 0.04174995 -0.014890964 -0.0535219889
v 0.04184997 -0.014664944 -0.0535519689
v 0.04354196 -0.00737297908 -0.0540699894
v 0.043549 -0.00726795508 -0.0540729695
v 0.04126697 -0.0213269535 -0.0470129784
v 0.05049097 -0.0148779732 -0.0427269889
v 0.05034697 -0.0147309832 -0.0430309689
v 0.04834598 -0.0119959736 -0.0472079491
v 0.04677897 -0.0078949958 -0.0502699594
v 0.05513697 -0.021331962 -0.0270469684
v 0.06117397 -0.021338991 -0.0133779584
v 0.047104 -0.0295929907 -0.00935893977
v 0.04811799 -0.0289970008 -0.0106149878
v 0.04899895 -0.028154961 -0.0135649979
v 0.04731696 -0.0271799508 -0.0103709579
v 0.04816699 -0.026360981 -0.013266978
v 0.04640597 -0.0277199707 -0.00921696191
v 0.06007498 -0.019693971 -0.0130799985
v 0.04742199 -0.0261600012 -0.016309968
v 0.04824995 -0.0279469413 -0.0166549579
v 0.04526597 -0.0266849914 -0.018542998
v 0.04605197 -0.0284869614 -0.0189109978
v 0.04240494 -0.0277040015 -0.0193649479
v 0.049281 0.0040809476 -0.0450929903
v 0.05068695 0.00670396881 -0.0422880005
v 0.04967498 0.00866496171 -0.0435899407
v 0.053276 0.0129459472 -0.036545991
v 0.04088199 0.00464897906 -0.0522529404
v 0.04113596 0.00329398705 -0.0523749502
v 0.04628998 0.00462394552 -0.0460889903
v 0.04661196 0.00535595057 -0.0454369704
v 0.04593795 0.00373899547 -0.0468089503
v 0.04685795 0.00261693757 -0.0454939602
v 0.04577296 0.00327694044 -0.0471519802
v 0.04563897 0.00287395342 -0.0474329502
v 0.04658395 0.00178795652 -0.0460649701
v 0.04555898 0.00260394441 -0.0476070002
v 0.04554498 0.0025489884 -0.0476389502
v 0.04125398 0.00262099104 -0.0524320002
v 0.04130899 0.00228797904 -0.0524569702
v 0.04547798 0.00226997939 -0.0477949902
v 0.04133599 0.00212299404 -0.0524689502
v 0.04544198 0.00210094038 -0.0478850002
v 0.04134899 0.00204598504 -0.0524739602
v 0.041354 0.00201195004 -0.0524770002
v 0.04541999 0.00203299138 -0.0479289802
v 0.04541897 0.00203096438 -0.0479300002
v 0.045421 0.00203597138 -0.0479259402
v 0.04552495 0.00198798939 -0.0478079902
v 0.04542595 0.00204693838 -0.0479189702
v 0.04552698 0.00199395039 -0.0478049502
v 0.04543298 0.00206899238 -0.0479039502
v 0.04565697 0.0019009664 -0.0476439501
v 0.04594099 0.00160395643 -0.0472589701
v 0.04565399 0.0018909534 -0.0476489601
v 0.04593795 0.00158994943 -0.0472649901
v 0.04565298 0.0018869594 -0.0476509901
v 0.04565298 0.0018859464 -0.0476519401
v 0.045937 0.00158398943 -0.0472679701
v 0.04593598 0.00158196243 -0.0472689801
v 0.04635697 0.000987996486 -0.0465499701
v 0.04636096 0.00100195049 -0.0465430001
v 0.04635494 0.000980996485 -0.0465539601
v 0.04635298 0.000973996485 -0.0465579601
v 0.04593598 0.00157898243 -0.0472689801
v 0.04634594 0.000945996484 -0.0465739901
v 0.04593497 0.00157099543 -0.0472709501
v 0.04634296 0.000931996483 -0.0465819801
v 0.04633897 0.000918996483 -0.0465899701
v 0.04593598 0.00156795543 -0.0472709501
v 0.04593497 0.00156998243 -0.0472709501
v 0.04592096 0.00152796143 -0.0472949701
v 0.04583895 0.00162797742 -0.0474109601
v 0.04581296 0.00165897242 -0.0474469601
v 0.04581099 0.00166093942 -0.0474489901
v 0.04515397 -0.0029829777 -0.0490649898
v 0.04577296 0.00170296041 -0.0474999501
v 0.04568499 0.00179594341 -0.0476160001
v 0.04501599 -0.00289696772 -0.0492599598
v 0.04564297 0.0018369514 -0.0476709601
v 0.04565197 0.0018829664 -0.0476539701
v 0.04563999 0.0018389784 -0.0476740001
v 0.04562497 0.0018529854 -0.0476929501
v 0.04551798 0.00197696239 -0.0478189501
v 0.04560995 0.0018659794 -0.0477109501
v 0.04551798 0.00197696239 -0.0478199701
v 0.045596 0.0018789724 -0.0477289501
v 0.04558199 0.0018909534 -0.0477469501
v 0.04551696 0.00197594939 -0.0478209801
v 0.04551696 0.00197594939 -0.0478209801
v 0.04551595 0.00197499539 -0.0478229501
v 0.04545497 0.00199794338 -0.0478949502
v 0.04545897 0.00200193738 -0.0478899402
v 0.04542696 0.00200193738 -0.0479289802
v 0.04545098 0.00198095638 -0.0479019801
v 0.04551094 0.00194394139 -0.0478319501
v 0.045421 0.00199395038 -0.0479359602
v 0.04540199 0.00200098338 -0.0479570002
v 0.04540097 0.00200098338 -0.0479589702
v 0.04539799 0.00200396338 -0.0479609902
v 0.04539597 0.00200295038 -0.0479649902
v 0.04540097 0.00200599038 -0.0479570002
v 0.045403 0.00200795738 -0.0479539602
v 0.04135894 0.00198894304 -0.0524770002
v 0.04135698 0.00199597604 -0.0524770002
v 0.04540497 0.00200897038 -0.0479529502
v 0.04543095 0.00200795738 -0.0479219502
v 0.04540896 0.00201397738 -0.0479469802
v 0.04541099 0.00201695738 -0.0479429902
v 0.04543596 0.00201499038 -0.0479149802
v 0.04541397 0.00202196438 -0.0479390002
v 0.04541599 0.00202595738 -0.0479349402
v 0.04546397 0.00200998339 -0.0478819602
v 0.04546296 0.00200694338 -0.0478839802
v 0.04552197 0.00198196939 -0.0478139501
v 0.04546594 0.00201296439 -0.0478789802
v 0.04546695 0.00201695739 -0.0478760002
v 0.04552298 0.00198399639 -0.0478119801
v 0.045524 0.00198596339 -0.0478099501
v 0.04565298 0.0018849924 -0.0476519401
v 0.04565197 0.0018839794 -0.0476529501
v 0.04565197 0.0018829664 -0.0476529501
v 0.04593598 0.00157695643 -0.0472699901
v 0.04593598 0.00157594243 -0.0472699901
v 0.04593497 0.00157498943 -0.0472699901
v 0.04593497 0.00157397543 -0.0472709501
v 0.04565197 0.0018829664 -0.0476529501
v 0.04552096 0.00197994339 -0.0478149601
v 0.04565197 0.0018829664 -0.0476529501
v 0.04565197 0.0018829664 -0.0476529501
v 0.04593497 0.00157296243 -0.0472709501
v 0.04551899 0.00197797639 -0.0478180001
v 0.04554694 0.00191795439 -0.0477889701
v 0.04555195 0.00191396039 -0.0477829501
v 0.04486596 -0.00281495173 -0.0494579598
v 0.04498296 -0.00531900273 -0.0494629696
v 0.04470497 -0.00275796975 -0.0496529898
v 0.044806 -0.00530499575 -0.0496839796
v 0.04543799 -0.00765794868 -0.0487619594
v 0.04514396 -0.00538099172 -0.0492399896
v 0.04529297 -0.0054569877 -0.0490219496
v 0.04561299 -0.00769096966 -0.0485139394
v 0.047221 -0.0113319734 -0.0455279891
v 0.04577499 -0.00774598464 -0.0482699794
v 0.045928 -0.00780695963 -0.0480259594
v 0.04738897 -0.0113229734 -0.0452729391
v 0.04754799 -0.0113239834 -0.0450139591
v 0.04937195 -0.0136699631 -0.041338979
v 0.04951494 -0.0136139931 -0.041116949
v 0.05149197 -0.0151969728 -0.0370559589
v 0.04922294 -0.0137319531 -0.041551939
v 0.05137097 -0.0152979428 -0.0372029488
v 0.04906398 -0.0138159932 -0.041747979
v 0.04897499 -0.0138829932 -0.041834949
v 0.05124497 -0.0154039828 -0.0373319888
v 0.04704099 -0.0113719735 -0.0457729591
v 0.046938 -0.0114240035 -0.0458939591
v 0.04684996 -0.0115039935 -0.0459739491
v 0.04890197 -0.0139629832 -0.0418789889
v 0.04524695 -0.0077009827 -0.0489979894
v 0.05350595 -0.0164119625 -0.0327609688
v 0.05117696 -0.0154680028 -0.0373849788
v 0.051126 -0.0155269528 -0.0374049488
v 0.05320495 -0.0164319825 -0.0332389388
v 0.05343097 -0.0165059525 -0.0327879688
v 0.05577898 -0.0170399521 -0.0281149687
v 0.058492 -0.0171139817 -0.0227829787
v 0.05582398 -0.0169569821 -0.0281309387
v 0.055839 -0.0169249721 -0.0281359487
v 0.05871599 -0.0169689617 -0.0225009887
v 0.05587798 -0.0168319921 -0.0281479887
v 0.05359494 -0.0162929825 -0.0327029788
v 0.05589699 -0.0167779921 -0.0281529987
v 0.05872595 -0.0168259717 -0.0226119687
v 0.05592495 -0.0166929921 -0.0281609787
v 0.05368196 -0.0161669825 -0.0326349688
v 0.05594694 -0.0166199821 -0.0281659887
v 0.05872297 -0.0166769617 -0.0227239687
v 0.05596596 -0.0165469621 -0.0281699788
v 0.05376398 -0.0160349625 -0.0325589688
v 0.05598795 -0.0164549921 -0.0281739788
v 0.05870997 -0.0165219917 -0.0228319688
v 0.05599999 -0.0163949721 -0.0281749888
v 0.053837 -0.0158979825 -0.0324789788
v 0.05601894 -0.0162839821 -0.0281769588
v 0.05868798 -0.0163599817 -0.0229319888
v 0.05602496 -0.0162389821 -0.0281759488
v 0.05390298 -0.0157549924 -0.0323959488
v 0.05603897 -0.0161100021 -0.0281729588
v 0.05866098 -0.0161910017 -0.0230189488
v 0.056041 -0.0160819821 -0.0281719488
v 0.05604296 -0.0159469821 -0.0281629488
v 0.05395597 -0.0156029424 -0.0323169788
v 0.05397897 -0.0154549424 -0.0322639888
v 0.05190098 -0.0147369528 -0.0364269589
v 0.05193299 -0.0146510027 -0.0363619889
v 0.05181598 -0.0148759428 -0.0365789489
v 0.04989296 -0.0133659831 -0.040447949
v 0.04993897 -0.013277943 -0.040349959
v 0.04977899 -0.0134799431 -0.040665979
v 0.04797995 -0.0112359533 -0.0442259892
v 0.04803794 -0.0111639433 -0.0440989692
v 0.04784595 -0.0113009834 -0.0444879491
v 0.04635399 -0.00791997057 -0.0472679694
v 0.04641896 -0.00789296956 -0.0471309994
v 0.04583299 -0.00572997663 -0.0481189396
v 0.04621696 -0.00791096959 -0.0475279594
v 0.04570299 -0.00568294865 -0.0483589696
v 0.04607498 -0.00786596861 -0.0477799694
v 0.04769998 -0.0113209434 -0.0447519991
v 0.04556995 -0.00561398567 -0.0485859496
v 0.045412 -0.00315898967 -0.0486729698
v 0.04543495 -0.00553697668 -0.0488049896
v 0.04528599 -0.00307196669 -0.0488709798
v 0.045928 0.00151896043 -0.0472839401
v 0.04603898 0.00137096244 -0.0471179401
v 0.04614597 0.00121795746 -0.0469479501
v 0.04553598 -0.00324499966 -0.0484669798
v 0.04624897 0.00106095847 -0.0467679501
v 0.04565799 -0.00332296164 -0.0482489397
v 0.04576796 -0.00337195663 -0.0480289997
v 0.04594898 -0.00571596961 -0.0478769496
v 0.04646897 -0.00783598755 -0.0470169694
v 0.04807597 -0.0110609533 -0.0440039592
v 0.04996299 -0.013171973 -0.040284989
v 0.05194699 -0.0145619527 -0.0363229489
v 0.04965096 -0.0135549931 -0.040891999
v 0.05171597 -0.0149919928 -0.0367399989
v 0.05160695 -0.0150969628 -0.0368999789
v 0.05863499 -0.0160189817 -0.0230639488
v 0.06128597 -0.0152969914 -0.0180119788
v 0.063901 -0.013390951 -0.013208979
v 0.06134694 -0.0154829614 -0.0179099988
v 0.06400096 -0.013560951 -0.013048939
v 0.06141996 -0.0156299413 -0.0177479888
v 0.06410896 -0.013659951 -0.012836989
v 0.06149095 -0.0157559513 -0.0175679888
v 0.06421196 -0.013731001 -0.012610969
v 0.061553 -0.0158720013 -0.0173799888
v 0.06430697 -0.0137899509 -0.012377969
v 0.06160497 -0.0159859613 -0.0171889588
v 0.06439197 -0.0138479409 -0.012141999
v 0.06163996 -0.0161039813 -0.0170009688
v 0.06445997 -0.0139189909 -0.0119029789
v 0.06164497 -0.0161779513 -0.0169009488
v 0.064484 -0.0139739509 -0.0117699489
v 0.05870199 -0.0170449617 -0.0224449587
v 0.06162995 -0.0162419613 -0.0168409888
v 0.06406897 -0.0144829709 -0.0124159389
v 0.05868196 -0.0170939517 -0.0224139587
v 0.06662297 -0.00987797961 -0.00812196625
v 0.06653398 -0.00987499963 -0.00836098025
v 0.067541 -0.00421696947 -0.00623696968
v 0.06746298 -0.00425499649 -0.00645798368
v 0.066913 0.00178295247 -0.00698095513
v 0.06684595 0.00169896946 -0.00718599513
v 0.06696701 0.00186294249 -0.00677198114
v 0.06680798 0.00165396845 -0.00729197212
v 0.06676995 0.00161296044 -0.00738799512
v 0.06608897 0.00368595037 -0.00839799628
v 0.06609797 0.00369298337 -0.00837194928
v 0.06593698 0.00357699234 -0.00877994227
v 0.06268596 0.00835597392 -0.0143349706
v 0.06586796 0.00352394433 -0.00892394727
v 0.06264799 0.00825899691 -0.0144379706
v 0.06585395 0.00351297732 -0.00894999527
v 0.06584095 0.00350099732 -0.00897198926
v 0.06264096 0.00824296291 -0.0144549606
v 0.062635 0.00823098291 -0.0144670006
v 0.06263196 0.00822597591 -0.0144709906
v 0.059255 0.0113309584 -0.0208979809
v 0.05924898 0.0112979984 -0.0209069809
v 0.05926799 0.0114089784 -0.0208739609
v 0.05929297 0.0116039484 -0.0208089909
v 0.05932599 0.0120829884 -0.0206309509
v 0.06277 0.00865196994 -0.0140069707
v 0.06281095 0.00898295497 -0.0136359907
v 0.06622099 0.0037979474 -0.00793695429
v 0.06278896 0.00926297799 -0.0133709907
v 0.06084895 0.0114639887 -0.0172079809
v 0.05986696 0.0123879886 -0.0191499509
v 0.05964297 0.0125779485 -0.0195930009
v 0.05953097 0.0126689585 -0.019815981
v 0.05950295 0.0126909585 -0.019870991
v 0.05948895 0.0127019785 -0.019898951
v 0.05948299 0.0127069885 -0.019910991
v 0.05948299 0.0127069885 -0.019910991
v 0.05948299 0.0127069885 -0.019910991
v 0.05948299 0.0127069885 -0.019910991
v 0.05948299 0.0127069885 -0.019910991
v 0.05948299 0.0127069885 -0.019910991
v 0.05948299 0.0127069885 -0.019910991
v 0.05948299 0.0127069885 -0.019910991
v 0.05948299 0.0127069885 -0.019910991
v 0.05948299 0.0127069885 -0.019910991
v 0.05948197 0.0127069885 -0.019910991
v 0.05948197 0.0127079385 -0.019912001
v 0.05947399 0.0127139585 -0.019927971
v 0.06626898 0.00387298942 -0.00764095729
v 0.06602799 0.0043099514 -0.00797498233
v 0.06447798 0.00688898422 -0.0102899605
v 0.06658196 0.00426798971 -0.00379598132
v 0.06559598 0.00634896667 -0.00433999348
v 0.06689095 0.00360995475 -0.00337296727
v 0.06712096 0.00306194979 -0.00277495323
v 0.06580996 0.00640195579 -0.00275999348
v 0.06574195 0.00638699491 -0.00119096048
v 0.06420499 0.00965595179 -0.00271999873
v 0.064812 0.0081599947 -0.00391894562
v 0.06670296 0.00427597691 -0.00118899332
v 0.06453299 0.00904297791 -0.00115799968
v 0.06698095 0.0036119809 -0.00127494327
v 0.06722199 0.0029279579 -0.00136494622
v 0.06374299 0.00797498113 -0.0115810006
v 0.06370198 0.00803398912 -0.0116559806
v 0.063681 0.00806397012 -0.0116949606
v 0.06366997 0.00807797812 -0.0117139806
v 0.06366896 0.00808095812 -0.0117169606
v 0.06366699 0.00808298412 -0.0117200006
v 0.06364297 0.00811695911 -0.0117650006
v 0.06358796 0.0081939681 -0.0118659706
v 0.06345295 0.00838094809 -0.0121150006
v 0.059246 0.0112829784 -0.0209109709
v 0.06262999 0.00822198191 -0.0144739706
v 0.06263101 0.00822394891 -0.0144729606
v 0.06262898 0.00822096891 -0.0144749806
v 0.06582999 0.00349098332 -0.00898998926
v 0.06583297 0.00349295032 -0.00898599626
v 0.06582796 0.00348794332 -0.00899296926
v 0.06582695 0.00348698932 -0.00899499626
v 0.06262898 0.00821995591 -0.0144760006
v 0.06582599 0.00348597632 -0.00899595026
v 0.06262898 0.00821995591 -0.0144760006
v 0.06582397 0.00348496332 -0.00899797626
v 0.06262797 0.00821894291 -0.0144760006
v 0.06582295 0.00348395032 -0.00899899026
v 0.065822 0.00348198332 -0.00900095726
v 0.06262797 0.00821894291 -0.0144769506
v 0.06262695 0.00821894291 -0.0144769506
v 0.06262695 0.00821798891 -0.0144769506
v 0.06582099 0.00348096932 -0.00900197026
v 0.05924296 0.0112689684 -0.0209139509
v 0.06648099 0.0013509974 -0.0079589481
v 0.06704396 -0.00436198755 -0.00730198567
v 0.06658697 0.00143498041 -0.00778198211
v 0.06716597 -0.00435698054 -0.00710397867
v 0.066684 0.00152498343 -0.00758695612
v 0.067276 -0.00432896652 -0.00688999767
v 0.067375 -0.0042929645 -0.00667494468
v 0.06632596 -0.00985997967 -0.00882595626
v 0.06643497 -0.00987195965 -0.00859594225
v 0.06620699 -0.00982594468 -0.00905096426
v 0.066082 -0.0097319487 -0.00924998427
v 0.06583499 0.00349599032 -0.00898194326
v 0.05738997 -0.0187259917 -0.0223029786
v 0.06158596 -0.0187799909 -0.0114789586
v 0.05731898 -0.0187249717 -0.0224489486
v 0.06158494 -0.0187799909 -0.0114779386
v 0.06158494 -0.0187810009 -0.0114779386
v 0.06333696 -0.01880496 9.20014197e-05
v 0.06333798 -0.01880395 9.00014197e-05
v 0.06333798 -0.01880395 9.00014197e-05
v 0.06333595 -0.01880598 9.20014198e-05
v 0.063335 -0.01880699 9.30014199e-05
v 0.06158494 -0.0187819609 -0.0114779386
v 0.063335 -0.01880794 9.400142e-05
v 0.06333297 -0.01881098 9.70014202e-05
v 0.06158298 -0.0187829709 -0.0114779386
v 0.06158095 -0.0187869609 -0.0114769886
v 0.06157499 -0.0187949509 -0.0114749586
v 0.06155997 -0.0188129509 -0.0114709686
v 0.06332695 -0.01881897 0.000102001421
v 0.06331199 -0.01883697 0.000113001422
v 0.06327199 -0.018884 0.000136001426
v 0.06316399 -0.01900398 0.000184001435
v 0.06152099 -0.0188609909 -0.0114609486
v 0.06141299 -0.0189849709 -0.0114319886
v 0.061167 -0.0192419809 -0.0113599785
v 0.06291598 -0.01925098 0.000286001453
v 0.06238597 -0.01968395 0.000530001486
v 0.06238597 -0.01968395 0.000530001486
v 0.06238597 -0.01968395 0.000530001486
v 0.06238597 -0.01968395 0.000530001486
v 0.06238496 -0.01968395 0.000530001486
v 0.06238496 -0.019683 0.000530001486
v 0.06238496 -0.019683 0.000530001486
v 0.06238496 -0.019683 0.000530001486
v 0.06238496 -0.019683 0.000530001486
v 0.06333798 -0.01880395 9.00014197e-05
v 0.06333798 -0.01880395 9.00014197e-05
v 0.06333696 -0.01880395 9.00014197e-05
v 0.06333696 -0.01880395 9.00014197e-05
v 0.06333696 -0.01880395 9.00014197e-05
v 0.06333696 -0.01880395 9.00014197e-05
v 0.06333696 -0.01880395 9.00014197e-05
v 0.046368 0.00102996449 -0.0465269601
v 0.04639697 0.00113999449 -0.0464629501
v 0.04645794 0.0013589815 -0.0463339601
v 0.04596197 0.00168793944 -0.0472120001
v 0.04545795 0.00217699639 -0.0478449402
v 0.04551398 0.0024189904 -0.0477119602
v 0.04553097 0.0024939734 -0.0476709602
v 0.04549294 0.00233095439 -0.0477609602
v 0.04548996 0.00231796139 -0.0477689502
v 0.04548799 0.00231194039 -0.0477719902
v 0.04548799 0.00230997439 -0.0477730002
v 0.04548799 0.00230896039 -0.0477739502
v 0.04548496 0.00229698039 -0.0477809902
v 0.04553097 0.0024939734 -0.0476699402
v 0.04553097 0.0024939734 -0.0476699402
v 0.04553097 0.0024939734 -0.0476699402
v 0.04553097 0.0024939734 -0.0476699402
v 0.04553097 0.0024939734 -0.0476699402
v 0.04553097 0.0024939734 -0.0476699402
v 0.04553097 0.0024939734 -0.0476709602
v 0.04553097 0.0024939734 -0.0476709602
v 0.04553097 0.0024939734 -0.0476709602
v 0.04553097 0.0024939734 -0.0476709602
v 0.04553097 0.0024939734 -0.0476709602
v 0.04553097 0.0024939734 -0.0476709602
v 0.04553097 0.0024939734 -0.0476709602
v 0.04553097 0.0024949864 -0.0476699402
v 0.04553198 0.0024969534 -0.0476689902
v 0.04553395 0.0025039874 -0.0476649902
v 0.04553794 0.0025199614 -0.0476559902
v 0.04747295 0.00415998266 -0.0442409503
v 0.04889696 0.00682895987 -0.0414039405
v 0.05215096 0.0106969374 -0.0350149808
v 0.04816198 0.0082059468 -0.0423640006
v 0.05167996 0.0123869673 -0.0354789409
v 0.05411797 0.0138309477 -0.030680001
v 0.05411797 0.0138309477 -0.030680001
v 0.05411797 0.0138319677 -0.030680001
v 0.03911 0.00195198786 -0.0548499801
v 0.04019397 0.014413946 -0.0524140011
v -0.01749795 -0.0294669765 0.0457350022
v -0.01580697 -0.0288549564 0.0477550022
v -0.01336395 -0.0286849663 0.0488699622
v -0.01554 -0.0270449465 0.046947002
v -0.01313698 -0.0268779864 0.048040982
v -0.01049298 -0.0272039664 0.0479799521
v -0.01067298 -0.0290179763 0.0488029722
v 0.012878 -0.0189649953 0.0617049914
v 0.01097798 -0.0300179669 0.0407399523
v 0.01543295 -0.0312349673 0.0351420024
v 0.01819795 -0.0316019576 0.0323079824
v 0.01565796 -0.0331539473 0.0356539425
v 0.011316 -0.0320519769 0.0408869924
v 0.01114898 -0.0319049869 0.0413749824
v 0.01107698 -0.0306439866 0.0448639923
v 0.01275396 -0.0292209864 0.0478619922
v 0.01089894 -0.0287909467 0.0441409922
v 0.01254099 -0.0274019764 0.0470589921
v 0.01551795 -0.0262199563 0.048765952
v 0.01908695 -0.0256719463 0.0486449519
v 0.01578795 -0.0280109563 0.0496169921
v 0.01942199 -0.0274499563 0.0495010021
v 0.02461397 -0.0265809767 0.044038952
v 0.02465897 -0.0265899767 0.043993942
v 0.01381498 -0.0335659882 0.0243849725
v 0.020554 -0.0318159377 0.0298919624
v 0.02084195 -0.0337509477 0.0303099725
v 0.03428494 -0.0197929661 0.0518699815
v 0.03598797 -0.0197889762 0.0507119815
v 0.03608596 -0.0197889762 0.0506429615
v 0.03609699 -0.0197889762 0.0506359915
v 0.03609997 -0.0197889762 0.0506329515
v 0.036107 -0.0197889762 0.0506279415
v 0.03612196 -0.0197879562 0.0506179915
v 0.03618597 -0.0197879562 0.0505719715
v 0.03634095 -0.0197879562 0.0504619415
v 0.03675597 -0.0197869462 0.0501629715
v 0.04513394 -0.0193419967 0.0435850015
v 0.05512195 -0.0188509777 0.0309949514
v 0.05474096 -0.0193109477 0.0307779915
v 0.054295 -0.0197309777 0.0305239515
v 0.05827599 0.00421297744 0.0323119697
v 0.06767195 -0.0089329481 -0.00128996233
v 0.067074 -0.0115369501 -0.00109994313
v 0.04330497 -0.0292659905 -0.00601094679
v 0.04399096 -0.0311380005 -0.00616395165
v 0.034756 -0.0321349498 0.00281995743
v 0.03522497 -0.0340789498 0.00283694457
v 0.03064996 -0.0329229795 0.00705599949
v 0.02598798 -0.0334699691 0.0118649625
v 0.03143298 -0.0325939592 0.0101629425
v 0.03119498 -0.0348589995 0.00697499763
v 0.03202897 -0.0345119792 0.0102379926
v 0.04009497 -0.0323709792 0.0106369824
v 0.03127199 -0.0201279457 0.0566489615
v 0.03662699 -0.0214529561 0.0516129716
v 0.03672599 -0.0214529561 0.0515429916
v 0.03673696 -0.0214529561 0.0515349516
v 0.03674 -0.0214529561 0.0515329816
v 0.03674697 -0.0214529561 0.0515279716
v 0.03676199 -0.0214519461 0.0515169516
v 0.03682798 -0.0214519461 0.0514709916
v 0.03698498 -0.0214519461 0.0513589916
v 0.03740799 -0.0214509861 0.0510549516
v 0.04431396 -0.0286099881 0.0249849522
v 0.05518198 -0.0213979376 0.0311969516
v 0.06128495 -0.0213759488 0.0163969916
v 0.06962096 -0.0093939901 -0.00134295129
v 0.066275 -0.0148169909 -0.0121109389
v 0.06591296 -0.015225941 -0.0127319589
v 0.06852596 0.0050989979 -0.00125998238
v 0.06903499 0.00364094878 -0.00284999627
v 0.06863898 0.00459194073 -0.00363099535
v 0.06751 0.00697696179 -0.00280296853
v 0.06602299 0.0104909498 -0.00275695379
v 0.06765198 0.00701796991 -0.00123095553
v 0.06749999 0.00698298173 -0.00359499453
v 0.06636101 0.00964999073 -0.00355899373
v 0.06750196 0.00699496167 -0.00438296753
v 0.06689298 0.00837594168 -0.00419396163
v 0.06839698 0.0050999517 -0.00391197239
v 0.06783896 0.00509899737 -0.00829094638
v 0.06627798 0.00766795719 -0.0106799606
v 0.06624996 0.00694495312 -0.0117200005
v 0.06555396 0.0087239731 -0.0119829707
v 0.06551295 0.00877994109 -0.0120589707
v 0.06549197 0.00880896909 -0.0120979507
v 0.06548196 0.00882398909 -0.0121179807
v 0.06547796 0.00882995008 -0.0121259607
v 0.065476 0.00883197608 -0.0121279907
v 0.06545197 0.00886499708 -0.0121729907
v 0.06539797 0.00893998007 -0.0122749807
v 0.06526595 0.00911998605 -0.0125249607
v 0.06490695 0.009596942 -0.0132139907
v 0.062963 0.014453939 -0.0129799811
v 0.06341201 0.0113679688 -0.0161979709
v 0.06341797 0.0103419987 -0.0169569808
v 0.06165295 0.0130579385 -0.019751961
v 0.06126797 0.0133659785 -0.020525991
v 0.06126195 0.0133709884 -0.020537971
v 0.06126099 0.0133719984 -0.020540951
v 0.06126099 0.0133719984 -0.020540951
v 0.06126099 0.0133719984 -0.020540951
v 0.06126099 0.0133719984 -0.020540951
v 0.06126099 0.0133719984 -0.020540951
v 0.06126099 0.0133719984 -0.020540951
v 0.06126099 0.0133719984 -0.020540951
v 0.06126099 0.0133719984 -0.020540951
v 0.06126099 0.0133719984 -0.020540951
v 0.06126099 0.0133719984 -0.020540951
v 0.06126099 0.0133719984 -0.020540951
v 0.06126099 0.0133719984 -0.020540951
v 0.06125897 0.0133729484 -0.020543991
v 0.06125599 0.0133749784 -0.020550961
v 0.06124699 0.0133819484 -0.020567951
v 0.06122297 0.0133999484 -0.020616941
v 0.06114399 0.0134599784 -0.020776981
v 0.060413 0.0139449783 -0.0222589911
v 0.06051295 0.0127459683 -0.022684991
v 0.06319797 0.00927096467 -0.0176109607
v 0.06596499 0.00615799305 -0.0126439905
v 0.06813895 0.00133997131 -0.0090779661
v 0.06851899 0.00166195537 -0.00837695513
v 0.06869095 -0.00427299764 -0.00843197068
v 0.06777095 -0.00952994878 -0.0103049793
v 0.06911599 -0.00426095758 -0.00767695868
v 0.06565898 -0.0131700011 -0.014144949
v 0.06307899 -0.0151079814 -0.0188849489
v 0.06866496 0.00181597339 -0.00801795714
v 0.06878995 0.00196897842 -0.00764894415
v 0.06570297 0.0112989499 -0.00116395985
v 0.05776596 -0.0166429822 -0.0290829487
f 15 16 18
f 15 18 17
f 15 17 19
f 15 19 20
f 15 20 21
f 15 21 2
f 15 2 1
f 15 1 3
f 15 3 4
f 15 4 5
f 15 5 22
f 15 22 6
f 15 6 7
f 15 7 8
f 15 8 9
f 15 9 10
f 15 10 11
f 15 11 12
f 15 12 13
f 15 13 14
f 23 24 29
f 23 29 27
f 25 862 24
f 25 24 23
f 25 23 26
f 25 26 53
f 23 27 28
f 23 28 26
f 30 33 34
f 30 34 28
f 30 28 27
f 31 30 27
f 31 27 29
f 30 31 888
f 30 888 884
f 30 884 32
f 30 32 1443
f 30 1443 36
f 30 36 35
f 30 35 33
f 39 34 33
f 39 33 35
f 39 35 37
f 871 38 37
f 871 37 35
f 871 35 36
f 871 36 1444
f 871 1444 873
f 871 873 872
f 867 40 39
f 867 39 37
f 867 37 38
f 39 41 28
f 39 28 34
f 43 41 39
f 43 39 40
f 26 28 41
f 26 41 42
f 26 42 50
f 45 42 41
f 45 41 43
f 40 755 44
f 40 44 43
f 48 46 45
f 48 45 43
f 48 43 44
f 45 46 49
f 45 49 50
f 45 50 42
f 46 47 51
f 46 51 49
f 47 46 48
f 47 48 64
f 47 64 55
f 50 49 51
f 50 51 52
f 50 52 53
f 50 53 26
f 47 55 54
f 47 54 52
f 47 52 51
f 52 54 56
f 52 56 57
f 52 57 53
f 55 59 56
f 55 56 54
f 56 58 816
f 56 816 815
f 56 815 57
f 59 60 58
f 59 58 56
f 59 55 64
f 59 64 62
f 59 62 60
f 60 61 817
f 60 817 816
f 60 816 58
f 61 60 62
f 61 62 63
f 61 63 818
f 63 62 65
f 63 65 67
f 62 64 66
f 62 66 65
f 758 760 768
f 758 768 773
f 758 773 774
f 758 774 73
f 758 73 72
f 758 72 70
f 758 70 68
f 758 68 67
f 758 67 65
f 758 65 66
f 758 66 759
f 758 759 757
f 63 67 68
f 63 68 69
f 69 68 70
f 69 70 71
f 69 71 858
f 72 74 75
f 72 75 80
f 72 80 765
f 72 765 763
f 72 763 761
f 72 761 758
f 72 758 757
f 72 757 756
f 72 756 754
f 72 754 753
f 72 753 752
f 72 752 749
f 72 749 853
f 72 853 846
f 72 846 844
f 72 844 845
f 72 845 856
f 72 856 71
f 72 71 70
f 77 76 74
f 77 74 72
f 77 72 73
f 76 78 75
f 76 75 74
f 81 79 78
f 81 78 76
f 81 76 77
f 81 77 772
f 81 772 771
f 81 771 769
f 81 769 770
f 81 770 776
f 81 776 777
f 81 777 786
f 81 786 788
f 81 788 830
f 81 830 829
f 81 829 153
f 81 153 152
f 81 152 150
f 81 150 147
f 81 147 146
f 81 146 145
f 81 145 139
f 81 139 138
f 81 138 137
f 81 137 136
f 81 136 88
f 81 88 87
f 81 87 85
f 81 85 83
f 80 75 78
f 80 78 79
f 79 81 82
f 79 82 765
f 79 765 80
f 769 767 766
f 769 766 762
f 769 762 764
f 769 764 82
f 769 82 81
f 769 81 83
f 769 83 84
f 769 84 866
f 769 866 865
f 769 865 864
f 769 864 863
f 769 863 775
f 769 775 770
f 86 1900 84
f 86 84 83
f 86 83 85
f 89 86 85
f 89 85 87
f 135 90 89
f 135 89 87
f 135 87 88
f 92 91 89
f 92 89 90
f 91 94 86
f 91 86 89
f 1899 93 91
f 1899 91 92
f 93 96 94
f 93 94 91
f 86 94 95
f 86 95 1900
f 94 96 97
f 94 97 887
f 94 887 95
f 96 98 99
f 96 99 97
f 101 98 96
f 101 96 93
f 98 100 892
f 98 892 99
f 103 100 98
f 103 98 101
f 102 101 93
f 102 93 1899
f 105 103 101
f 105 101 102
f 103 105 106
f 103 106 104
f 894 100 103
f 894 103 104
f 894 104 896
f 105 102 111
f 105 111 109
f 105 109 107
f 105 107 108
f 105 108 106
f 899 108 107
f 899 107 109
f 899 109 110
f 899 110 117
f 899 117 118
f 899 118 908
f 899 908 906
f 899 906 905
f 111 113 110
f 111 110 109
f 111 102 1899
f 111 1899 112
f 113 111 112
f 113 112 114
f 113 114 116
f 113 116 115
f 113 115 117
f 113 117 110
f 121 119 117
f 121 117 115
f 121 115 116
f 121 116 126
f 121 126 125
f 121 125 123
f 120 915 913
f 120 913 912
f 120 912 911
f 120 911 118
f 120 118 117
f 120 117 119
f 119 121 122
f 119 122 232
f 119 232 1033
f 119 1033 1032
f 119 1032 1017
f 119 1017 1016
f 119 1016 1014
f 119 1014 1012
f 119 1012 1010
f 119 1010 120
f 123 124 122
f 123 122 121
f 1877 124 123
f 1877 123 125
f 1877 125 127
f 1877 127 128
f 130 129 127
f 130 127 125
f 130 125 126
f 129 131 1882
f 129 1882 1881
f 129 1881 1880
f 129 1880 128
f 129 128 127
f 130 134 132
f 130 132 129
f 129 132 133
f 129 133 131
f 132 90 135
f 132 135 133
f 134 92 90
f 134 90 132
f 112 1899 92
f 112 92 134
f 114 112 134
f 114 134 130
f 133 135 88
f 133 88 136
f 131 133 136
f 131 136 137
f 140 141 1882
f 140 1882 131
f 140 131 137
f 140 137 138
f 144 142 140
f 144 140 138
f 144 138 139
f 143 1884 141
f 143 141 140
f 143 140 142
f 142 144 145
f 142 145 146
f 142 146 143
f 139 145 144
f 1883 1884 143
f 1883 143 146
f 1883 146 147
f 1883 147 149
f 151 1889 148
f 151 148 147
f 151 147 150
f 1885 1875 149
f 1885 149 147
f 1885 147 148
f 151 150 152
f 151 152 154
f 155 154 152
f 155 152 153
f 155 153 156
f 158 151 154
f 158 154 155
f 158 155 157
f 159 157 155
f 159 155 156
f 159 156 160
f 162 158 157
f 162 157 159
f 162 159 161
f 160 826 164
f 160 164 163
f 160 163 161
f 160 161 159
f 162 161 163
f 162 163 166
f 162 166 167
f 833 165 163
f 833 163 164
f 170 168 166
f 170 166 163
f 170 163 165
f 168 171 167
f 168 167 166
f 169 168 170
f 169 170 837
f 168 169 174
f 168 174 172
f 168 172 171
f 162 167 171
f 162 171 172
f 162 172 173
f 162 173 1893
f 162 1893 1892
f 174 175 173
f 174 173 172
f 174 176 177
f 174 177 1897
f 174 1897 1896
f 174 1896 175
f 176 174 169
f 176 169 178
f 182 177 176
f 182 176 179
f 179 176 178
f 179 178 180
f 179 180 849
f 179 849 854
f 179 854 181
f 182 179 181
f 182 181 184
f 183 210 177
f 183 177 182
f 183 182 184
f 183 184 185
f 183 185 187
f 851 186 185
f 851 185 184
f 851 184 181
f 851 181 854
f 186 189 188
f 186 188 187
f 186 187 185
f 191 183 187
f 191 187 188
f 191 188 190
f 189 1447 194
f 189 194 192
f 189 192 190
f 189 190 188
f 191 190 192
f 191 192 193
f 191 193 206
f 199 201 193
f 199 193 192
f 199 192 195
f 199 195 197
f 196 195 192
f 196 192 194
f 196 715 198
f 196 198 197
f 196 197 195
f 197 198 713
f 197 713 250
f 197 250 1874
f 197 1874 200
f 197 200 199
f 202 201 199
f 202 199 200
f 202 200 1874
f 202 1874 203
f 202 205 206
f 202 206 193
f 202 193 201
f 204 202 203
f 204 203 248
f 204 248 247
f 202 204 242
f 202 242 208
f 202 208 207
f 202 207 205
f 209 191 206
f 209 206 205
f 209 205 207
f 209 207 208
f 209 208 211
f 191 209 210
f 191 210 183
f 210 209 211
f 210 211 212
f 210 212 214
f 213 212 211
f 213 211 208
f 213 208 227
f 213 219 217
f 213 217 215
f 213 215 214
f 213 214 212
f 177 210 214
f 177 214 215
f 177 215 216
f 177 216 1898
f 177 1898 1897
f 218 1895 1898
f 218 1898 216
f 218 216 215
f 218 215 217
f 221 1886 218
f 221 218 217
f 221 217 219
f 221 219 220
f 213 224 222
f 213 222 220
f 213 220 219
f 1885 221 220
f 1885 220 222
f 1885 222 223
f 1885 223 1875
f 223 222 124
f 223 124 1877
f 223 1877 1876
f 122 124 222
f 122 222 224
f 122 224 225
f 122 225 226
f 122 226 230
f 213 227 225
f 213 225 224
f 241 228 226
f 241 226 225
f 241 225 227
f 241 227 208
f 241 208 242
f 229 226 228
f 229 228 239
f 231 230 226
f 231 226 229
f 231 229 234
f 231 232 122
f 231 122 230
f 231 233 1033
f 231 1033 232
f 233 231 234
f 233 234 235
f 233 235 236
f 237 235 234
f 237 234 229
f 237 229 239
f 1029 1030 236
f 1029 236 235
f 1029 235 237
f 1029 237 238
f 1029 238 243
f 1029 243 244
f 1029 244 245
f 240 238 237
f 240 237 239
f 228 241 240
f 228 240 239
f 204 243 238
f 204 238 240
f 204 240 241
f 204 241 242
f 204 247 244
f 204 244 243
f 259 260 261
f 259 261 245
f 259 245 244
f 259 244 246
f 259 246 258
f 249 246 244
f 249 244 247
f 249 247 248
f 250 249 248
f 250 248 203
f 250 203 1874
f 249 250 1464
f 249 1464 252
f 249 252 251
f 249 251 253
f 249 253 255
f 249 255 258
f 249 258 246
f 646 254 253
f 646 253 251
f 646 251 252
f 254 257 255
f 254 255 253
f 1827 1829 256
f 1827 256 255
f 1827 255 257
f 1827 257 641
f 1827 641 640
f 1827 640 639
f 1827 639 632
f 258 255 256
f 258 256 259
f 260 259 256
f 260 256 263
f 260 263 262
f 1041 1043 261
f 1041 261 260
f 1041 260 262
f 1041 262 264
f 263 1833 1834
f 263 1834 266
f 263 266 265
f 263 265 262
f 262 265 268
f 262 268 264
f 266 1839 295
f 266 295 267
f 266 267 265
f 267 292 269
f 267 269 268
f 267 268 265
f 269 275 274
f 269 274 272
f 269 272 270
f 269 270 268
f 270 271 957
f 270 957 1042
f 270 1042 264
f 270 264 268
f 273 955 271
f 273 271 270
f 273 270 272
f 273 272 274
f 273 274 277
f 276 274 275
f 276 275 290
f 278 277 274
f 278 274 276
f 278 276 281
f 278 281 280
f 1059 273 277
f 1059 277 278
f 1059 278 279
f 1064 279 278
f 1064 278 280
f 1064 280 282
f 281 285 283
f 281 283 280
f 283 284 1327
f 283 1327 282
f 283 282 280
f 284 283 285
f 284 285 286
f 284 286 1303
f 284 1303 1302
f 286 285 287
f 286 287 288
f 287 285 281
f 287 281 276
f 287 276 290
f 287 289 304
f 287 304 288
f 289 287 290
f 289 290 291
f 275 269 292
f 275 292 291
f 275 291 290
f 292 267 295
f 292 295 293
f 292 293 291
f 294 289 291
f 294 291 293
f 296 298 301
f 296 301 294
f 296 294 293
f 295 1839 297
f 295 297 296
f 295 296 293
f 593 585 299
f 593 299 298
f 593 298 296
f 593 296 297
f 588 300 298
f 588 298 299
f 301 298 300
f 301 300 303
f 301 303 302
f 289 294 301
f 289 301 302
f 289 302 304
f 303 1873 1872
f 303 1872 1871
f 303 1871 1870
f 303 1870 1869
f 303 1869 1868
f 303 1868 1867
f 303 1867 1866
f 303 1866 1865
f 303 1865 1864
f 303 1864 1863
f 303 1863 1862
f 303 1862 1861
f 303 1861 1860
f 303 1860 1859
f 303 1859 1858
f 303 1858 1857
f 303 1857 1856
f 303 1856 1855
f 303 1855 1854
f 303 1854 306
f 303 306 305
f 303 305 302
f 305 307 304
f 305 304 302
f 305 306 310
f 305 310 308
f 308 309 307
f 308 307 305
f 310 311 1448
f 310 1448 721
f 310 721 723
f 310 723 725
f 310 725 1323
f 310 1323 1325
f 310 1325 309
f 310 309 308
f 312 310 306
f 312 306 313
f 315 366 311
f 315 311 310
f 315 310 312
f 315 312 314
f 313 590 317
f 313 317 316
f 313 316 314
f 313 314 312
f 319 315 314
f 319 314 316
f 319 316 318
f 317 589 321
f 317 321 320
f 317 320 318
f 317 318 316
f 323 357 319
f 323 319 318
f 323 318 320
f 323 320 322
f 321 592 325
f 321 325 324
f 321 324 322
f 321 322 320
f 322 324 327
f 322 327 328
f 322 328 361
f 322 361 323
f 324 325 564
f 324 564 1840
f 324 1840 326
f 324 326 330
f 324 330 327
f 363 362 328
f 363 328 327
f 363 327 329
f 332 365 329
f 332 329 327
f 332 327 330
f 332 330 331
f 560 334 333
f 560 333 331
f 560 331 330
f 560 330 326
f 560 326 561
f 560 561 557
f 331 333 335
f 331 335 337
f 331 337 339
f 331 339 332
f 336 335 333
f 336 333 334
f 336 334 454
f 336 454 453
f 336 453 452
f 403 338 337
f 403 337 335
f 403 335 336
f 403 336 451
f 341 340 339
f 341 339 337
f 341 337 338
f 341 338 400
f 365 332 339
f 365 339 340
f 365 340 342
f 365 342 343
f 365 343 364
f 340 341 345
f 340 345 344
f 340 344 342
f 346 347 360
f 346 360 343
f 346 343 342
f 346 342 344
f 344 345 349
f 344 349 348
f 344 348 346
f 350 353 347
f 350 347 346
f 350 346 348
f 350 348 349
f 350 349 391
f 350 391 390
f 350 390 388
f 350 388 387
f 350 387 386
f 350 386 351
f 352 350 351
f 352 351 384
f 352 384 378
f 353 350 352
f 353 352 354
f 355 353 354
f 355 354 356
f 353 355 358
f 353 358 360
f 353 360 347
f 355 356 366
f 355 366 315
f 355 315 319
f 355 319 357
f 355 357 323
f 355 323 361
f 355 361 359
f 355 359 358
f 360 358 359
f 360 359 362
f 360 362 363
f 360 363 364
f 360 364 343
f 359 361 328
f 359 328 362
f 329 365 364
f 329 364 363
f 356 354 370
f 356 370 368
f 356 368 367
f 356 367 311
f 356 311 366
f 369 1448 311
f 369 311 367
f 369 367 368
f 372 369 368
f 372 368 370
f 372 370 371
f 354 352 373
f 354 373 371
f 354 371 370
f 372 371 373
f 372 373 374
f 372 374 375
f 352 378 377
f 352 377 374
f 352 374 373
f 712 375 374
f 712 374 376
f 712 376 1450
f 712 1450 714
f 379 376 374
f 379 374 377
f 381 379 377
f 381 377 378
f 381 378 384
f 379 380 1450
f 379 1450 376
f 381 382 380
f 381 380 379
f 383 385 382
f 383 382 381
f 383 381 384
f 383 384 351
f 383 351 386
f 385 383 387
f 385 387 388
f 385 388 389
f 385 389 1459
f 383 386 387
f 389 388 390
f 389 390 392
f 389 392 394
f 389 394 395
f 392 390 391
f 392 391 393
f 396 394 392
f 396 392 393
f 396 393 398
f 394 396 397
f 394 397 420
f 394 420 395
f 401 397 396
f 401 396 398
f 401 398 399
f 400 338 403
f 400 403 402
f 400 402 399
f 400 399 398
f 391 349 345
f 391 345 341
f 391 341 400
f 391 400 398
f 391 398 393
f 402 404 406
f 402 406 401
f 402 401 399
f 451 450 405
f 451 405 404
f 451 404 402
f 451 402 403
f 405 409 407
f 405 407 406
f 405 406 404
f 397 401 406
f 397 406 407
f 397 407 408
f 397 408 420
f 415 408 407
f 415 407 409
f 415 409 411
f 415 411 413
f 448 447 410
f 448 410 409
f 448 409 405
f 448 405 450
f 411 409 410
f 411 410 445
f 411 445 412
f 414 413 411
f 414 411 412
f 414 412 442
f 414 442 443
f 413 414 430
f 413 430 429
f 413 429 417
f 413 417 416
f 413 416 415
f 408 415 416
f 408 416 418
f 408 418 420
f 416 417 423
f 416 423 421
f 416 421 418
f 419 395 420
f 419 420 418
f 421 422 1461
f 421 1461 419
f 421 419 418
f 422 421 423
f 422 423 424
f 422 424 425
f 423 417 429
f 423 429 427
f 423 427 424
f 678 425 424
f 678 424 426
f 427 428 426
f 427 426 424
f 1465 428 427
f 1465 427 429
f 1465 429 430
f 1465 430 431
f 1465 431 432
f 431 430 414
f 431 414 443
f 431 443 434
f 431 434 433
f 433 435 436
f 433 436 1466
f 433 1466 432
f 433 432 431
f 439 437 435
f 439 435 433
f 439 433 434
f 1706 1497 436
f 1706 436 435
f 1706 435 437
f 1706 437 438
f 1706 438 1723
f 1706 1723 1722
f 1706 1722 1721
f 1706 1721 1716
f 1706 1716 1715
f 1706 1715 1713
f 1706 1713 1709
f 1706 1709 1708
f 1706 1708 1707
f 467 468 1741
f 467 1741 1740
f 467 1740 1738
f 467 1738 1736
f 467 1736 1734
f 467 1734 1733
f 467 1733 1732
f 467 1732 1727
f 467 1727 1726
f 467 1726 1725
f 467 1725 438
f 467 438 437
f 467 437 439
f 467 439 440
f 467 440 441
f 467 441 444
f 467 444 446
f 467 446 455
f 467 455 456
f 467 456 457
f 467 457 466
f 440 439 434
f 440 434 443
f 440 443 442
f 441 440 442
f 441 442 412
f 441 412 445
f 444 441 445
f 444 445 410
f 444 410 447
f 446 444 447
f 446 447 448
f 446 448 449
f 450 451 336
f 450 336 452
f 450 452 449
f 450 449 448
f 455 446 449
f 455 449 452
f 455 452 453
f 456 455 453
f 456 453 454
f 456 454 458
f 457 456 458
f 457 458 459
f 457 459 461
f 334 560 460
f 334 460 459
f 334 459 458
f 334 458 454
f 460 559 463
f 460 463 462
f 460 462 461
f 460 461 459
f 466 457 461
f 466 461 462
f 466 462 464
f 463 1842 1847
f 463 1847 465
f 463 465 464
f 463 464 462
f 464 465 470
f 464 470 467
f 464 467 466
f 1754 468 467
f 1754 467 469
f 471 473 1563
f 471 1563 1564
f 471 1564 1746
f 471 1746 1748
f 471 1748 1750
f 471 1750 1752
f 471 1752 1755
f 471 1755 469
f 471 469 467
f 471 467 470
f 1847 1846 472
f 1847 472 471
f 1847 471 470
f 1847 470 465
f 476 474 471
f 476 471 472
f 476 472 1849
f 476 1849 477
f 1557 473 471
f 1557 471 474
f 1557 474 475
f 1557 475 1769
f 1557 1769 1768
f 1557 1768 1767
f 1557 1767 1766
f 1557 1766 1761
f 1557 1761 1760
f 1557 1760 1758
f 1557 1758 1553
f 479 475 474
f 479 474 476
f 479 476 478
f 477 1852 481
f 477 481 480
f 477 480 478
f 477 478 476
f 483 479 478
f 483 478 480
f 483 480 482
f 481 488 486
f 481 486 484
f 481 484 482
f 481 482 480
f 1806 483 482
f 1806 482 484
f 1806 484 485
f 486 487 1809
f 486 1809 1808
f 486 1808 485
f 486 485 484
f 489 491 492
f 489 492 487
f 489 487 486
f 489 486 488
f 1851 490 489
f 1851 489 488
f 1851 488 481
f 1851 481 1852
f 491 489 490
f 491 490 495
f 491 495 493
f 498 492 491
f 498 491 493
f 498 493 496
f 535 534 494
f 535 494 493
f 535 493 495
f 494 1853 497
f 494 497 496
f 494 496 493
f 501 499 498
f 501 498 496
f 501 496 497
f 501 497 522
f 501 522 502
f 492 498 499
f 492 499 500
f 492 500 1809
f 492 1809 487
f 499 501 503
f 499 503 504
f 499 504 1810
f 499 1810 500
f 505 503 501
f 505 501 502
f 505 502 518
f 505 518 506
f 503 505 507
f 503 507 508
f 503 508 1802
f 503 1802 504
f 509 507 505
f 509 505 506
f 509 506 513
f 509 513 511
f 507 509 510
f 507 510 1797
f 507 1797 1798
f 507 1798 508
f 511 512 616
f 511 616 617
f 511 617 510
f 511 510 509
f 514 515 512
f 514 512 511
f 514 511 513
f 517 514 513
f 517 513 506
f 517 506 518
f 515 514 516
f 515 516 614
f 515 614 613
f 514 517 519
f 514 519 516
f 520 517 518
f 520 518 502
f 520 502 522
f 517 520 523
f 517 523 525
f 517 525 519
f 521 520 522
f 521 522 497
f 521 497 1853
f 520 521 524
f 520 524 523
f 526 525 523
f 526 523 524
f 526 524 531
f 526 531 529
f 526 527 614
f 526 614 516
f 526 516 519
f 526 519 525
f 527 526 528
f 527 528 578
f 527 578 1838
f 528 526 529
f 528 529 530
f 528 530 575
f 528 575 574
f 532 533 530
f 532 530 529
f 532 529 531
f 521 532 531
f 521 531 524
f 532 521 1853
f 532 1853 494
f 532 494 534
f 533 532 534
f 533 534 535
f 533 535 536
f 537 536 535
f 537 535 495
f 537 495 538
f 540 533 536
f 540 536 537
f 540 537 539
f 541 539 537
f 541 537 538
f 541 538 542
f 544 540 539
f 544 539 541
f 544 541 543
f 545 543 541
f 545 541 542
f 545 542 546
f 548 544 543
f 548 543 545
f 548 545 547
f 549 547 545
f 549 545 546
f 549 546 551
f 566 548 547
f 566 547 549
f 566 549 550
f 555 550 549
f 555 549 551
f 555 551 553
f 552 558 556
f 552 556 553
f 552 553 551
f 1843 1841 552
f 1843 552 551
f 1843 551 546
f 562 555 553
f 562 553 554
f 556 557 561
f 556 561 554
f 556 554 553
f 557 556 558
f 557 558 559
f 557 559 460
f 557 460 560
f 558 552 1841
f 558 1841 1842
f 558 1842 463
f 558 463 559
f 561 326 1840
f 561 1840 554
f 565 566 550
f 565 550 555
f 565 555 562
f 565 562 563
f 1840 564 563
f 1840 563 562
f 1840 562 554
f 565 563 564
f 565 564 591
f 565 591 567
f 566 565 568
f 566 568 570
f 566 570 571
f 565 567 569
f 565 569 568
f 528 570 568
f 528 568 569
f 528 569 577
f 528 577 578
f 528 574 573
f 528 573 572
f 528 572 571
f 528 571 570
f 548 566 571
f 548 571 572
f 544 548 572
f 544 572 573
f 540 544 573
f 540 573 574
f 540 574 575
f 533 540 575
f 533 575 530
f 587 576 569
f 587 569 567
f 587 567 591
f 579 577 569
f 579 569 576
f 579 576 582
f 579 580 1837
f 579 1837 1838
f 579 1838 578
f 579 578 577
f 581 594 580
f 581 580 579
f 581 579 582
f 581 582 583
f 587 586 584
f 587 584 583
f 587 583 582
f 587 582 576
f 593 594 581
f 593 581 583
f 593 583 584
f 593 584 585
f 586 588 299
f 586 299 585
f 586 585 584
f 586 587 592
f 586 592 321
f 586 321 589
f 588 586 589
f 588 589 317
f 588 317 590
f 588 590 313
f 588 313 306
f 588 306 1854
f 588 1854 1855
f 588 1855 1856
f 588 1856 1857
f 588 1857 1858
f 588 1858 1859
f 588 1859 1860
f 588 1860 1861
f 588 1861 1862
f 588 1862 1863
f 588 1863 1864
f 588 1864 1865
f 588 1865 1866
f 588 1866 1867
f 588 1867 1868
f 588 1868 1869
f 588 1869 1870
f 588 1870 1871
f 588 1871 1872
f 588 1872 1873
f 588 1873 303
f 588 303 300
f 587 591 564
f 587 564 325
f 587 325 592
f 593 297 1839
f 593 1839 596
f 593 596 595
f 598 594 593
f 598 593 595
f 598 595 597
f 1831 600 599
f 1831 599 597
f 1831 597 595
f 1831 595 596
f 602 598 597
f 602 597 599
f 602 599 601
f 600 605 603
f 600 603 601
f 600 601 599
f 602 601 603
f 602 603 604
f 602 604 1835
f 602 1835 1836
f 605 607 604
f 605 604 603
f 606 605 600
f 606 600 1832
f 605 606 609
f 605 609 608
f 605 608 607
f 610 612 604
f 610 604 607
f 610 607 608
f 610 608 609
f 610 609 625
f 610 625 615
f 610 615 611
f 515 610 611
f 515 611 616
f 515 616 512
f 610 515 613
f 610 613 612
f 527 1835 604
f 527 604 612
f 527 612 613
f 527 613 614
f 620 618 617
f 620 617 616
f 620 616 611
f 620 611 615
f 510 617 618
f 510 618 619
f 510 619 1796
f 510 1796 1797
f 618 620 621
f 618 621 623
f 618 623 1814
f 618 1814 1812
f 618 1812 1811
f 618 1811 1470
f 618 1470 1469
f 618 1469 1471
f 618 1471 619
f 615 625 624
f 615 624 621
f 615 621 620
f 628 622 621
f 628 621 624
f 628 624 626
f 1824 1822 1823
f 1824 1823 1818
f 1824 1818 623
f 1824 623 621
f 1824 621 622
f 606 627 626
f 606 626 624
f 606 624 625
f 606 625 609
f 629 628 626
f 629 626 627
f 629 627 630
f 622 628 629
f 622 629 631
f 622 631 633
f 622 633 634
f 622 634 1826
f 622 1826 1825
f 622 1825 1824
f 630 1828 1827
f 630 1827 632
f 630 632 631
f 630 631 629
f 631 632 639
f 631 639 637
f 631 637 635
f 631 635 633
f 636 655 634
f 636 634 633
f 636 633 635
f 638 636 635
f 638 635 637
f 638 637 639
f 638 639 640
f 642 643 638
f 642 638 640
f 642 640 641
f 254 642 641
f 254 641 257
f 644 642 254
f 644 254 646
f 647 643 642
f 647 642 644
f 645 644 646
f 645 646 706
f 648 647 644
f 648 644 645
f 650 649 647
f 650 647 648
f 649 652 643
f 649 643 647
f 691 651 649
f 691 649 650
f 691 650 692
f 651 653 652
f 651 652 649
f 652 636 638
f 652 638 643
f 653 655 636
f 653 636 652
f 685 654 653
f 685 653 651
f 654 656 655
f 654 655 653
f 655 656 658
f 655 658 659
f 655 659 1826
f 655 1826 634
f 656 654 685
f 656 685 684
f 656 684 682
f 656 682 683
f 656 683 657
f 660 658 656
f 660 656 657
f 660 657 663
f 660 661 659
f 660 659 658
f 661 660 662
f 661 662 664
f 661 664 665
f 660 663 662
f 664 662 663
f 664 663 657
f 664 657 683
f 664 683 680
f 664 680 668
f 664 668 666
f 1819 1820 665
f 1819 665 664
f 1819 664 666
f 1819 666 667
f 669 670 667
f 669 667 666
f 673 671 669
f 673 669 666
f 673 666 668
f 673 668 675
f 1470 670 669
f 1470 669 671
f 1470 671 672
f 1470 672 1467
f 1470 1467 1469
f 671 673 674
f 671 674 1465
f 671 1465 432
f 671 432 1466
f 671 1466 672
f 674 673 675
f 674 675 676
f 668 677 676
f 668 676 675
f 677 678 426
f 677 426 676
f 428 1465 674
f 428 674 676
f 428 676 426
f 679 681 678
f 679 678 677
f 680 679 677
f 680 677 668
f 683 682 679
f 683 679 680
f 682 684 686
f 682 686 681
f 682 681 679
f 685 689 687
f 685 687 686
f 685 686 684
f 686 687 688
f 686 688 1462
f 686 1462 681
f 689 690 1456
f 689 1456 688
f 689 688 687
f 689 691 693
f 689 693 690
f 689 685 651
f 689 651 691
f 691 692 696
f 691 696 694
f 691 694 693
f 695 1452 1455
f 695 1455 1456
f 695 1456 690
f 695 690 693
f 695 693 694
f 698 695 694
f 698 694 696
f 698 696 697
f 692 701 700
f 692 700 699
f 692 699 697
f 692 697 696
f 698 697 699
f 1453 698 699
f 1453 699 700
f 1453 700 702
f 1453 702 703
f 701 704 702
f 701 702 700
f 704 705 708
f 704 708 703
f 704 703 702
f 704 645 706
f 704 706 705
f 701 648 645
f 701 645 704
f 705 706 1463
f 705 1463 707
f 705 707 709
f 705 709 708
f 1453 703 708
f 1453 708 709
f 1453 709 710
f 712 714 1449
f 712 1449 710
f 712 710 709
f 712 709 711
f 250 713 711
f 250 711 709
f 250 709 707
f 250 707 1463
f 250 1463 1464
f 715 712 711
f 715 711 713
f 715 713 198
f 712 715 716
f 712 716 375
f 715 196 717
f 715 717 716
f 718 372 375
f 718 375 716
f 719 718 716
f 719 716 717
f 718 720 369
f 718 369 372
f 719 722 720
f 719 720 718
f 720 722 723
f 720 723 721
f 369 720 721
f 369 721 1448
f 722 719 728
f 722 728 726
f 722 726 724
f 722 724 725
f 722 725 723
f 1317 1321 725
f 1317 725 724
f 1317 724 726
f 1317 726 727
f 726 728 729
f 726 729 731
f 726 731 727
f 719 717 730
f 719 730 729
f 719 729 728
f 729 730 1446
f 729 1446 732
f 729 732 731
f 732 1445 734
f 732 734 733
f 732 733 731
f 727 731 733
f 727 733 735
f 734 855 738
f 734 738 736
f 734 736 733
f 735 733 736
f 735 736 739
f 737 742 741
f 737 741 739
f 737 739 736
f 738 852 853
f 738 853 737
f 738 737 736
f 1319 1318 735
f 1319 735 739
f 1319 739 740
f 741 743 744
f 741 744 740
f 741 740 739
f 743 741 742
f 743 742 748
f 743 748 745
f 745 747 868
f 745 868 744
f 745 744 743
f 746 870 747
f 746 747 745
f 750 746 745
f 750 745 748
f 742 737 853
f 742 853 749
f 742 749 748
f 750 748 749
f 750 749 752
f 746 750 751
f 746 751 867
f 751 750 752
f 751 752 753
f 751 753 754
f 751 754 755
f 755 754 756
f 755 756 44
f 48 44 756
f 48 756 757
f 48 757 759
f 64 48 759
f 64 759 66
f 762 766 760
f 762 760 758
f 762 758 761
f 764 762 761
f 764 761 763
f 82 764 763
f 82 763 765
f 766 767 768
f 766 768 760
f 767 769 771
f 767 771 773
f 767 773 768
f 771 772 774
f 771 774 773
f 772 77 73
f 772 73 774
f 779 778 776
f 779 776 770
f 779 770 775
f 778 781 777
f 778 777 776
f 780 778 779
f 780 779 861
f 782 781 778
f 782 778 780
f 781 782 860
f 781 860 784
f 781 784 783
f 781 783 785
f 781 785 786
f 781 786 777
f 785 783 784
f 785 784 791
f 785 791 789
f 785 789 787
f 787 788 786
f 787 786 785
f 790 830 788
f 790 788 787
f 790 787 789
f 793 790 789
f 793 789 791
f 793 791 792
f 784 860 795
f 784 795 794
f 784 794 792
f 784 792 791
f 793 792 794
f 793 794 796
f 793 796 797
f 795 801 800
f 795 800 798
f 795 798 796
f 795 796 794
f 797 796 798
f 797 798 799
f 797 799 804
f 797 804 806
f 797 806 809
f 797 809 820
f 799 798 800
f 799 800 802
f 812 810 807
f 812 807 805
f 812 805 803
f 812 803 802
f 812 802 800
f 812 800 801
f 812 801 814
f 804 799 802
f 804 802 803
f 806 804 803
f 806 803 805
f 805 807 809
f 805 809 806
f 811 808 807
f 811 807 810
f 819 809 807
f 819 807 808
f 818 811 810
f 818 810 812
f 818 812 813
f 816 817 813
f 816 813 812
f 816 812 814
f 816 814 815
f 782 814 801
f 782 801 795
f 782 795 860
f 782 780 815
f 782 815 814
f 780 861 57
f 780 57 815
f 61 818 813
f 61 813 817
f 811 818 63
f 811 63 69
f 811 69 808
f 821 820 809
f 821 809 819
f 821 823 822
f 821 822 820
f 825 797 820
f 825 820 822
f 823 859 831
f 823 831 824
f 823 824 822
f 822 824 826
f 822 826 825
f 827 825 826
f 827 826 160
f 827 793 797
f 827 797 825
f 790 793 827
f 790 827 828
f 828 827 160
f 828 160 156
f 790 828 829
f 790 829 830
f 828 156 153
f 828 153 829
f 164 826 824
f 164 824 832
f 164 832 833
f 834 832 824
f 834 824 831
f 834 170 165
f 834 165 833
f 834 833 832
f 837 170 834
f 837 834 835
f 835 834 831
f 835 831 859
f 835 859 836
f 838 837 835
f 838 835 836
f 838 836 840
f 178 169 837
f 178 837 838
f 180 178 838
f 180 838 839
f 839 838 840
f 839 840 841
f 839 841 843
f 823 842 841
f 823 841 840
f 823 840 836
f 823 836 859
f 842 845 844
f 842 844 843
f 842 843 841
f 839 843 844
f 839 844 847
f 850 848 847
f 850 847 844
f 850 844 846
f 180 839 847
f 180 847 848
f 180 848 849
f 850 851 854
f 850 854 849
f 850 849 848
f 851 850 852
f 851 852 738
f 851 738 855
f 850 846 853
f 850 853 852
f 186 851 855
f 186 855 734
f 186 734 1445
f 842 857 856
f 842 856 845
f 857 858 71
f 857 71 856
f 842 823 821
f 842 821 857
f 857 821 819
f 857 819 858
f 808 69 858
f 808 858 819
f 861 779 862
f 861 862 25
f 861 25 53
f 861 53 57
f 862 779 775
f 862 775 863
f 24 862 863
f 24 863 864
f 24 864 865
f 24 865 29
f 31 29 865
f 31 865 866
f 31 866 84
f 31 84 886
f 31 886 888
f 867 751 755
f 867 755 40
f 746 867 38
f 746 38 871
f 746 871 870
f 1270 868 747
f 1270 747 869
f 872 874 875
f 872 875 1263
f 872 1263 1264
f 872 1264 869
f 872 869 747
f 872 747 870
f 872 870 871
f 874 872 873
f 874 873 879
f 874 879 876
f 878 1260 1262
f 878 1262 875
f 878 875 874
f 878 874 876
f 876 879 881
f 876 881 877
f 1234 1233 878
f 1234 878 876
f 1234 876 877
f 873 1444 880
f 873 880 879
f 879 880 883
f 879 883 881
f 881 883 885
f 881 885 882
f 877 881 882
f 877 882 889
f 1443 32 884
f 1443 884 883
f 1443 883 880
f 884 888 886
f 884 886 885
f 884 885 883
f 886 84 1900
f 886 1900 95
f 886 95 887
f 886 887 885
f 887 97 99
f 887 99 892
f 887 892 890
f 887 890 882
f 887 882 885
f 890 891 893
f 890 893 897
f 890 897 889
f 890 889 882
f 100 894 891
f 100 891 890
f 100 890 892
f 894 895 893
f 894 893 891
f 894 896 895
f 899 898 897
f 899 897 893
f 899 893 895
f 899 895 896
f 899 896 104
f 899 104 106
f 899 106 108
f 897 898 900
f 897 900 902
f 897 902 1241
f 897 1241 1237
f 897 1237 889
f 899 905 903
f 899 903 900
f 899 900 898
f 1256 902 900
f 1256 900 901
f 904 1245 1243
f 904 1243 1244
f 904 1244 901
f 904 901 900
f 904 900 903
f 907 904 903
f 907 903 905
f 907 905 906
f 909 907 906
f 909 906 908
f 909 908 118
f 909 118 911
f 907 909 910
f 907 910 1253
f 910 909 911
f 910 911 912
f 1207 910 912
f 1207 912 913
f 1207 913 914
f 916 918 919
f 916 919 1203
f 916 1203 1204
f 916 1204 1205
f 916 1205 914
f 916 914 913
f 916 913 915
f 915 120 1010
f 915 1010 1011
f 915 1011 917
f 915 917 916
f 922 920 918
f 922 918 916
f 922 916 917
f 922 917 923
f 921 1200 919
f 921 919 918
f 921 918 920
f 1195 921 920
f 1195 920 922
f 1195 922 924
f 1195 924 925
f 1195 925 1182
f 923 928 926
f 923 926 924
f 923 924 922
f 926 927 1179
f 926 1179 925
f 926 925 924
f 927 926 928
f 927 928 929
f 927 929 931
f 927 931 932
f 928 923 917
f 928 917 1044
f 928 1044 1045
f 928 1045 1046
f 928 1046 1047
f 928 1047 1048
f 928 1048 1049
f 928 1049 1050
f 928 1050 1051
f 928 1051 1052
f 928 1052 1053
f 928 1053 1054
f 928 1054 1001
f 928 1001 1000
f 928 1000 999
f 928 999 998
f 928 998 997
f 928 997 996
f 928 996 995
f 928 995 994
f 928 994 993
f 928 993 992
f 928 992 991
f 928 991 990
f 928 990 989
f 928 989 988
f 928 988 987
f 928 987 986
f 928 986 985
f 928 985 984
f 928 984 983
f 928 983 982
f 928 982 981
f 928 981 980
f 928 980 979
f 928 979 977
f 928 977 976
f 928 976 975
f 928 975 973
f 928 973 972
f 928 972 971
f 928 971 970
f 928 970 969
f 928 969 965
f 928 965 1055
f 928 1055 930
f 928 930 929
f 934 933 931
f 934 931 929
f 934 929 930
f 933 935 1176
f 933 1176 932
f 933 932 931
f 937 936 933
f 937 933 934
f 936 938 935
f 936 935 933
f 939 936 937
f 939 937 1057
f 939 1057 940
f 939 941 938
f 939 938 936
f 942 939 940
f 942 940 1058
f 942 1058 944
f 942 943 941
f 942 941 939
f 1172 943 942
f 1172 942 945
f 1172 945 946
f 942 944 949
f 942 949 947
f 942 947 945
f 948 1130 1131
f 948 1131 1132
f 948 1132 1174
f 948 1174 1173
f 948 1173 946
f 948 946 945
f 948 945 947
f 951 948 947
f 951 947 949
f 951 949 950
f 953 952 950
f 953 950 949
f 953 949 944
f 953 944 1058
f 955 951 950
f 955 950 952
f 955 952 954
f 953 958 956
f 953 956 954
f 953 954 952
f 955 954 956
f 955 956 957
f 955 957 271
f 958 959 960
f 958 960 1035
f 958 1035 1042
f 958 1042 957
f 958 957 956
f 962 959 958
f 962 958 953
f 959 961 1038
f 959 1038 1037
f 959 1037 960
f 964 961 959
f 964 959 962
f 962 953 1058
f 962 1058 940
f 962 940 1057
f 962 1057 963
f 964 962 963
f 964 963 1056
f 964 1056 1055
f 964 1055 965
f 966 964 965
f 966 965 969
f 966 967 961
f 966 961 964
f 968 1003 967
f 968 967 966
f 968 966 969
f 968 969 970
f 968 970 971
f 968 971 972
f 968 972 974
f 968 974 975
f 968 975 976
f 968 976 977
f 968 977 978
f 968 978 981
f 968 981 982
f 968 982 983
f 968 983 984
f 968 984 985
f 968 985 986
f 968 986 987
f 968 987 988
f 968 988 989
f 968 989 990
f 968 990 991
f 968 991 992
f 968 992 993
f 968 993 994
f 968 994 995
f 968 995 996
f 968 996 997
f 968 997 998
f 968 998 999
f 1002 1003 968
f 1002 968 999
f 1002 999 1000
f 1004 1002 1000
f 1004 1000 1001
f 1003 1002 1005
f 1003 1005 1006
f 1002 1004 1007
f 1002 1007 1005
f 1013 1040 1006
f 1013 1006 1005
f 1013 1005 1007
f 1013 1007 1008
f 1013 1008 1010
f 1013 1010 1012
f 1004 1009 1008
f 1004 1008 1007
f 1009 1011 1010
f 1009 1010 1008
f 1015 1013 1012
f 1015 1012 1014
f 1018 1021 1015
f 1018 1015 1014
f 1018 1014 1016
f 1019 1018 1016
f 1019 1016 1017
f 1020 1018 1019
f 1020 1019 1028
f 1022 1021 1018
f 1022 1018 1020
f 1023 1015 1021
f 1023 1021 1022
f 1023 1022 1024
f 1023 1024 1025
f 1022 1020 1026
f 1022 1026 1024
f 245 261 1043
f 245 1043 1041
f 245 1041 1035
f 245 1035 1034
f 245 1034 1025
f 245 1025 1024
f 245 1024 1026
f 245 1026 1027
f 245 1027 1029
f 1020 1028 1027
f 1020 1027 1026
f 1028 1019 1031
f 1028 1031 1030
f 1028 1030 1029
f 1028 1029 1027
f 1031 233 236
f 1031 236 1030
f 233 1031 1032
f 233 1032 1033
f 1031 1019 1017
f 1031 1017 1032
f 1036 1023 1025
f 1036 1025 1034
f 1036 1034 1035
f 1036 1035 960
f 1036 960 1037
f 1036 1013 1015
f 1036 1015 1023
f 1013 1036 1037
f 1013 1037 1038
f 1013 1038 1039
f 1013 1039 1040
f 961 967 1039
f 961 1039 1038
f 967 1003 1006
f 967 1006 1040
f 967 1040 1039
f 1042 1035 1041
f 1042 1041 264
f 1009 1044 917
f 1009 917 1011
f 1009 1004 1001
f 1009 1001 1054
f 1009 1054 1053
f 1009 1053 1052
f 1009 1052 1051
f 1009 1051 1050
f 1009 1050 1049
f 1009 1049 1048
f 1009 1048 1047
f 1009 1047 1046
f 1009 1046 1045
f 1009 1045 1044
f 934 930 1055
f 934 1055 1056
f 937 934 1056
f 937 1056 963
f 937 963 1057
f 1059 951 955
f 1059 955 273
f 1060 948 951
f 1060 951 1059
f 1060 1059 279
f 1060 279 1064
f 1060 1064 1062
f 1061 1130 948
f 1061 948 1060
f 1061 1060 1062
f 1061 1062 1063
f 1065 1063 1062
f 1065 1062 1064
f 1065 1064 282
f 1065 282 1066
f 1068 1061 1063
f 1068 1063 1065
f 1068 1065 1067
f 1069 1067 1065
f 1069 1065 1066
f 1069 1066 1071
f 1078 1068 1067
f 1078 1067 1069
f 1078 1069 1070
f 1073 1075 1070
f 1073 1070 1069
f 1073 1069 1071
f 1328 1297 1072
f 1328 1072 1071
f 1328 1071 1066
f 1072 1074 1073
f 1072 1073 1071
f 1389 1391 1393
f 1389 1393 1395
f 1389 1395 1397
f 1389 1397 1399
f 1389 1399 1401
f 1389 1401 1091
f 1389 1091 1090
f 1389 1090 1089
f 1389 1089 1085
f 1389 1085 1076
f 1389 1076 1075
f 1389 1075 1073
f 1389 1073 1074
f 1389 1074 1292
f 1389 1292 1329
f 1389 1329 1330
f 1389 1330 1331
f 1389 1331 1387
f 1389 1387 1388
f 1081 1079 1077
f 1081 1077 1075
f 1081 1075 1076
f 1078 1070 1075
f 1078 1075 1077
f 1124 1128 1078
f 1124 1078 1077
f 1124 1077 1079
f 1124 1079 1080
f 1081 1082 1121
f 1081 1121 1122
f 1081 1122 1080
f 1081 1080 1079
f 1083 1084 1082
f 1083 1082 1081
f 1083 1081 1076
f 1083 1076 1085
f 1084 1083 1086
f 1084 1086 1088
f 1083 1085 1089
f 1083 1089 1086
f 1086 1089 1090
f 1086 1090 1092
f 1086 1092 1087
f 1088 1086 1087
f 1088 1087 1101
f 1091 1405 1406
f 1091 1406 1407
f 1091 1407 1408
f 1091 1408 1390
f 1091 1390 1389
f 1091 1389 1388
f 1091 1388 1383
f 1091 1383 1438
f 1091 1438 1094
f 1091 1094 1093
f 1091 1093 1092
f 1091 1092 1090
f 1095 1087 1092
f 1095 1092 1093
f 1096 1095 1093
f 1096 1093 1094
f 1099 1097 1095
f 1099 1095 1096
f 1099 1096 1434
f 1095 1097 1100
f 1095 1100 1101
f 1095 1101 1087
f 1097 1099 1432
f 1097 1432 1098
f 1100 1097 1098
f 1100 1098 1103
f 1100 1103 1102
f 1100 1102 1104
f 1100 1104 1101
f 1429 1105 1104
f 1429 1104 1102
f 1429 1102 1103
f 1106 1104 1105
f 1106 1105 1107
f 1101 1104 1106
f 1101 1106 1088
f 1108 1106 1107
f 1108 1107 1110
f 1084 1088 1106
f 1084 1106 1108
f 1110 1112 1109
f 1110 1109 1108
f 1082 1084 1108
f 1082 1108 1109
f 1111 1110 1107
f 1111 1107 1422
f 1111 1113 1112
f 1111 1112 1110
f 1113 1115 1114
f 1113 1114 1112
f 1112 1114 1117
f 1112 1117 1109
f 1143 1140 1139
f 1143 1139 1116
f 1143 1116 1114
f 1143 1114 1115
f 1142 1118 1117
f 1142 1117 1114
f 1142 1114 1116
f 1082 1109 1117
f 1082 1117 1119
f 1082 1119 1121
f 1120 1119 1117
f 1120 1117 1118
f 1120 1123 1122
f 1120 1122 1121
f 1120 1121 1119
f 1123 1124 1080
f 1123 1080 1122
f 1124 1123 1125
f 1124 1125 1128
f 1123 1120 1127
f 1123 1127 1125
f 1128 1125 1126
f 1128 1126 1129
f 1125 1127 1138
f 1125 1138 1126
f 1078 1128 1129
f 1078 1129 1068
f 1129 1126 1131
f 1129 1131 1130
f 1068 1129 1130
f 1068 1130 1061
f 1131 1126 1138
f 1131 1138 1136
f 1131 1136 1134
f 1131 1134 1133
f 1131 1133 1132
f 1135 1169 1170
f 1135 1170 1171
f 1135 1171 1174
f 1135 1174 1132
f 1135 1132 1133
f 1135 1133 1134
f 1135 1134 1136
f 1135 1136 1137
f 1135 1137 1139
f 1135 1139 1140
f 1138 1137 1136
f 1138 1127 1141
f 1138 1141 1139
f 1138 1139 1137
f 1116 1139 1141
f 1116 1141 1142
f 1127 1120 1118
f 1127 1118 1142
f 1127 1142 1141
f 1145 1135 1140
f 1145 1140 1143
f 1145 1143 1144
f 1146 1144 1143
f 1146 1143 1115
f 1146 1115 1147
f 1149 1145 1144
f 1149 1144 1146
f 1149 1146 1148
f 1147 1151 1150
f 1147 1150 1148
f 1147 1148 1146
f 1149 1148 1150
f 1149 1150 1152
f 1410 1409 1404
f 1410 1404 1403
f 1410 1403 1402
f 1410 1402 1400
f 1410 1400 1398
f 1410 1398 1436
f 1410 1436 1191
f 1410 1191 1190
f 1410 1190 1188
f 1410 1188 1187
f 1410 1187 1186
f 1410 1186 1154
f 1410 1154 1153
f 1410 1153 1152
f 1410 1152 1150
f 1410 1150 1151
f 1410 1151 1425
f 1410 1425 1420
f 1410 1420 1419
f 1410 1419 1417
f 1410 1417 1415
f 1410 1415 1413
f 1410 1413 1412
f 1149 1152 1153
f 1149 1153 1156
f 1149 1156 1158
f 1175 1155 1153
f 1175 1153 1154
f 1175 1154 1180
f 1175 1180 1178
f 1175 1178 1177
f 1157 1156 1153
f 1157 1153 1155
f 1157 935 938
f 1157 938 1159
f 1157 1159 1158
f 1157 1158 1156
f 1145 1149 1158
f 1145 1158 1159
f 1145 1159 1160
f 1145 1160 1161
f 938 941 1160
f 938 1160 1159
f 941 943 1162
f 941 1162 1161
f 941 1161 1160
f 1135 1145 1161
f 1135 1161 1162
f 1135 1162 1163
f 1135 1163 1164
f 1135 1164 1165
f 1135 1165 1166
f 1135 1166 1167
f 1135 1167 1168
f 1135 1168 1169
f 943 1172 1170
f 943 1170 1169
f 943 1169 1168
f 943 1168 1167
f 943 1167 1166
f 943 1166 1165
f 943 1165 1164
f 943 1164 1163
f 943 1163 1162
f 1172 1173 1174
f 1172 1174 1171
f 1172 1171 1170
f 1172 946 1173
f 935 1157 1155
f 935 1155 1175
f 935 1175 1176
f 1177 1179 927
f 1177 927 932
f 1177 932 1176
f 1177 1176 1175
f 1179 1177 1178
f 1179 1178 1181
f 1179 1181 1182
f 1179 1182 925
f 1178 1180 1185
f 1178 1185 1183
f 1178 1183 1181
f 1184 1195 1182
f 1184 1182 1181
f 1184 1181 1183
f 1184 1183 1185
f 1184 1185 1186
f 1184 1186 1187
f 1180 1154 1186
f 1180 1186 1185
f 1189 1184 1187
f 1189 1187 1188
f 1192 1194 1189
f 1192 1189 1188
f 1192 1188 1190
f 1214 1199 1193
f 1214 1193 1192
f 1214 1192 1190
f 1214 1190 1191
f 1214 1191 1216
f 1214 1216 1215
f 1193 1196 1194
f 1193 1194 1192
f 1194 1195 1184
f 1194 1184 1189
f 1196 921 1195
f 1196 1195 1194
f 1197 1200 921
f 1197 921 1196
f 1199 1197 1196
f 1199 1196 1193
f 1198 1201 1200
f 1198 1200 1197
f 1214 1198 1197
f 1214 1197 1199
f 1200 1201 1203
f 1200 1203 919
f 1211 1202 1201
f 1211 1201 1198
f 1201 1202 1204
f 1201 1204 1203
f 1202 1206 1205
f 1202 1205 1204
f 1206 1207 914
f 1206 914 1205
f 1208 1206 1202
f 1208 1202 1211
f 1209 1207 1206
f 1209 1206 1208
f 1252 1209 1208
f 1252 1208 1210
f 1210 1208 1211
f 1210 1211 1212
f 1212 1211 1198
f 1212 1198 1214
f 1210 1212 1213
f 1210 1213 1255
f 1212 1214 1215
f 1212 1215 1217
f 1212 1217 1213
f 1218 1217 1215
f 1218 1215 1216
f 1218 1216 1355
f 1218 1355 1219
f 1218 1220 1254
f 1218 1254 1255
f 1218 1255 1213
f 1218 1213 1217
f 1221 1218 1219
f 1221 1219 1222
f 1221 1224 1220
f 1221 1220 1218
f 1221 1222 1347
f 1221 1347 1439
f 1221 1439 1440
f 1221 1440 1223
f 1224 1221 1223
f 1224 1223 1225
f 1224 1225 1268
f 1224 1268 1229
f 1224 1229 1228
f 1224 1228 1226
f 1220 1224 1226
f 1220 1226 1227
f 1220 1227 1239
f 1220 1239 1257
f 1230 1231 1227
f 1230 1227 1226
f 1230 1226 1228
f 1232 1230 1228
f 1232 1228 1229
f 1231 1230 1233
f 1231 1233 1234
f 1231 1234 1235
f 1230 1232 1259
f 1230 1259 1260
f 1230 1260 878
f 1230 878 1233
f 1237 1236 1235
f 1237 1235 1234
f 1237 1234 877
f 1237 877 889
f 1238 1231 1235
f 1238 1235 1236
f 1240 1238 1236
f 1240 1236 1237
f 1240 1237 1241
f 1238 1240 1242
f 1238 1242 1257
f 1238 1257 1239
f 1231 1238 1239
f 1231 1239 1227
f 1256 1244 1243
f 1256 1243 1240
f 1256 1240 1241
f 1256 1241 902
f 1248 1242 1240
f 1248 1240 1243
f 1248 1243 1245
f 1248 1245 1246
f 904 1251 1249
f 904 1249 1247
f 904 1247 1246
f 904 1246 1245
f 1246 1247 1248
f 1220 1257 1242
f 1220 1242 1248
f 1220 1248 1247
f 1220 1247 1249
f 1220 1249 1250
f 1220 1250 1254
f 1251 1252 1250
f 1251 1250 1249
f 1251 1253 1209
f 1251 1209 1252
f 904 907 1253
f 904 1253 1251
f 1253 910 1207
f 1253 1207 1209
f 1252 1210 1255
f 1252 1255 1254
f 1252 1254 1250
f 1256 901 1244
f 1258 1232 1229
f 1258 1229 1268
f 1258 1268 1267
f 1258 1267 1266
f 1258 1261 1259
f 1258 1259 1232
f 1259 1261 1262
f 1259 1262 1260
f 1261 1258 1265
f 1261 1265 1264
f 1261 1264 1263
f 1261 1263 875
f 1261 875 1262
f 1269 1270 869
f 1269 869 1264
f 1269 1264 1265
f 1269 1265 1266
f 1269 1266 1267
f 1258 1266 1265
f 1273 1271 1269
f 1273 1269 1267
f 1273 1267 1268
f 1273 1268 1274
f 1272 1322 1270
f 1272 1270 1269
f 1272 1269 1271
f 1277 1272 1271
f 1277 1271 1273
f 1277 1273 1275
f 1274 1442 1285
f 1274 1285 1276
f 1274 1276 1275
f 1274 1275 1273
f 1277 1275 1276
f 1277 1276 1283
f 1277 1283 1281
f 1277 1281 1279
f 1310 1272 1277
f 1310 1277 1278
f 1310 1278 1312
f 1277 1279 1280
f 1277 1280 1278
f 1280 1279 1281
f 1280 1281 1282
f 1280 1282 1295
f 1280 1295 1298
f 1282 1281 1283
f 1282 1283 1284
f 1282 1284 1286
f 1282 1286 1288
f 1283 1276 1285
f 1283 1285 1284
f 1286 1284 1285
f 1286 1285 1442
f 1286 1442 1441
f 1286 1441 1287
f 1289 1288 1286
f 1289 1286 1287
f 1289 1287 1290
f 1293 1294 1295
f 1293 1295 1282
f 1293 1282 1288
f 1293 1288 1289
f 1293 1289 1291
f 1329 1292 1291
f 1329 1291 1289
f 1329 1289 1290
f 1291 1292 1074
f 1291 1074 1293
f 1294 1293 1074
f 1294 1074 1072
f 1294 1072 1297
f 1294 1297 1296
f 1295 1294 1296
f 1295 1296 1298
f 1297 1328 1301
f 1297 1301 1299
f 1297 1299 1296
f 1298 1296 1299
f 1298 1299 1300
f 1304 1305 1300
f 1304 1300 1299
f 1304 1299 1302
f 1301 1327 284
f 1301 284 1302
f 1301 1302 1299
f 1303 1324 1307
f 1303 1307 1306
f 1303 1306 1304
f 1303 1304 1302
f 1308 1310 1312
f 1308 1312 1305
f 1308 1305 1304
f 1308 1304 1306
f 1308 1306 1307
f 1310 1308 1309
f 1310 1309 1315
f 1310 1315 1314
f 1310 1314 1311
f 1308 1307 1324
f 1308 1324 1323
f 1308 1323 1309
f 1272 1310 1311
f 1272 1311 1313
f 1272 1313 1322
f 1305 1312 1278
f 1305 1278 1280
f 1305 1280 1298
f 1305 1298 1300
f 1313 1311 1314
f 1313 1314 1316
f 1313 1316 1318
f 1313 1318 1319
f 1313 1319 1320
f 1314 1315 1321
f 1314 1321 1317
f 1314 1317 1316
f 1318 1316 1317
f 1318 1317 727
f 1318 727 735
f 744 868 1320
f 744 1320 1319
f 744 1319 740
f 1320 868 1270
f 1320 1270 1322
f 1320 1322 1313
f 1315 1309 1323
f 1315 1323 725
f 1315 725 1321
f 1325 1323 1324
f 1325 1324 1326
f 309 1325 1326
f 309 1326 307
f 1326 1324 1303
f 1326 1303 286
f 1326 286 288
f 307 1326 288
f 307 288 304
f 1327 1301 1328
f 1327 1328 1066
f 1327 1066 282
f 1330 1329 1290
f 1330 1290 1332
f 1333 1386 1331
f 1333 1331 1330
f 1333 1330 1332
f 1290 1287 1334
f 1290 1334 1332
f 1335 1437 1333
f 1335 1333 1332
f 1335 1332 1334
f 1336 1338 1340
f 1336 1340 1335
f 1336 1335 1334
f 1441 1337 1336
f 1441 1336 1334
f 1441 1334 1287
f 1440 1439 1339
f 1440 1339 1338
f 1440 1338 1336
f 1440 1336 1337
f 1342 1340 1338
f 1342 1338 1339
f 1342 1339 1344
f 1437 1335 1340
f 1437 1340 1341
f 1437 1341 1385
f 1341 1340 1342
f 1341 1342 1343
f 1345 1348 1349
f 1345 1349 1343
f 1345 1343 1342
f 1345 1342 1344
f 1345 1344 1339
f 1345 1339 1439
f 1345 1439 1347
f 1345 1346 1350
f 1345 1350 1348
f 1353 1346 1345
f 1353 1345 1347
f 1353 1347 1222
f 1353 1222 1219
f 1353 1219 1355
f 1358 1365 1349
f 1358 1349 1348
f 1358 1348 1350
f 1358 1350 1351
f 1358 1351 1352
f 1346 1353 1351
f 1346 1351 1350
f 1353 1354 1356
f 1353 1356 1352
f 1353 1352 1351
f 1353 1355 1216
f 1353 1216 1354
f 1436 1396 1394
f 1436 1394 1392
f 1436 1392 1435
f 1436 1435 1411
f 1436 1411 1410
f 1436 1410 1412
f 1436 1412 1360
f 1436 1360 1359
f 1436 1359 1357
f 1436 1357 1356
f 1436 1356 1354
f 1436 1354 1216
f 1436 1216 1191
f 1358 1352 1356
f 1358 1356 1357
f 1361 1358 1357
f 1361 1357 1359
f 1362 1361 1359
f 1362 1359 1360
f 1363 1361 1362
f 1363 1362 1364
f 1365 1358 1361
f 1365 1361 1363
f 1363 1364 1367
f 1363 1367 1366
f 1365 1363 1366
f 1365 1366 1368
f 1372 1371 1369
f 1372 1369 1366
f 1372 1366 1367
f 1369 1370 1380
f 1369 1380 1381
f 1369 1381 1368
f 1369 1368 1366
f 1373 1376 1370
f 1373 1370 1369
f 1373 1369 1371
f 1375 1373 1371
f 1375 1371 1372
f 1376 1373 1374
f 1376 1374 1379
f 1376 1379 1377
f 1375 1434 1096
f 1375 1096 1374
f 1375 1374 1373
f 1376 1377 1380
f 1376 1380 1370
f 1377 1378 1382
f 1377 1382 1381
f 1377 1381 1380
f 1378 1377 1379
f 1378 1379 1384
f 1378 1384 1385
f 1381 1382 1341
f 1381 1341 1343
f 1381 1343 1368
f 1378 1385 1341
f 1378 1341 1382
f 1379 1374 1438
f 1379 1438 1383
f 1379 1383 1388
f 1379 1388 1387
f 1379 1387 1384
f 1386 1333 1437
f 1386 1437 1385
f 1386 1385 1384
f 1384 1387 1331
f 1384 1331 1386
f 1391 1389 1390
f 1391 1390 1435
f 1391 1435 1392
f 1393 1391 1392
f 1393 1392 1394
f 1395 1393 1394
f 1395 1394 1396
f 1397 1395 1396
f 1397 1396 1436
f 1397 1436 1398
f 1398 1400 1399
f 1398 1399 1397
f 1401 1399 1400
f 1401 1400 1402
f 1405 1091 1401
f 1405 1401 1402
f 1405 1402 1403
f 1406 1405 1403
f 1406 1403 1404
f 1407 1406 1404
f 1407 1404 1409
f 1408 1407 1409
f 1408 1409 1410
f 1408 1410 1411
f 1414 1362 1360
f 1414 1360 1412
f 1414 1412 1413
f 1416 1414 1413
f 1416 1413 1415
f 1416 1415 1417
f 1416 1417 1418
f 1418 1417 1419
f 1418 1419 1421
f 1423 1421 1419
f 1423 1419 1420
f 1423 1111 1422
f 1423 1422 1421
f 1421 1422 1426
f 1421 1426 1418
f 1424 1113 1111
f 1424 1111 1423
f 1424 1423 1420
f 1424 1420 1425
f 1424 1425 1151
f 1424 1151 1147
f 1113 1424 1147
f 1113 1147 1115
f 1422 1107 1105
f 1422 1105 1426
f 1427 1426 1105
f 1427 1105 1429
f 1427 1416 1418
f 1427 1418 1426
f 1428 1414 1416
f 1428 1416 1427
f 1428 1427 1429
f 1428 1429 1430
f 1103 1098 1432
f 1103 1432 1431
f 1103 1431 1430
f 1103 1430 1429
f 1364 1428 1430
f 1364 1430 1367
f 1431 1433 1372
f 1431 1372 1367
f 1431 1367 1430
f 1099 1434 1433
f 1099 1433 1431
f 1099 1431 1432
f 1434 1375 1372
f 1434 1372 1433
f 1364 1362 1414
f 1364 1414 1428
f 1390 1408 1411
f 1390 1411 1435
f 1374 1096 1094
f 1374 1094 1438
f 1365 1368 1343
f 1365 1343 1349
f 1337 1441 1442
f 1337 1442 1274
f 1337 1274 1268
f 1337 1268 1225
f 1337 1225 1223
f 1337 1223 1440
f 1444 36 1443
f 1444 1443 880
f 189 186 1445
f 189 1445 732
f 189 732 1446
f 189 1446 730
f 189 730 1447
f 196 194 1447
f 196 1447 730
f 196 730 717
f 380 1451 1449
f 380 1449 714
f 380 714 1450
f 1451 1453 710
f 1451 710 1449
f 382 1454 1452
f 382 1452 1451
f 382 1451 380
f 1452 695 698
f 1452 698 1453
f 1452 1453 1451
f 1452 1454 1458
f 1452 1458 1457
f 1452 1457 1455
f 1461 1460 1456
f 1461 1456 1455
f 1461 1455 1457
f 1461 1457 419
f 1457 1458 1459
f 1457 1459 389
f 1457 389 395
f 1457 395 419
f 1454 382 385
f 1454 385 1459
f 1454 1459 1458
f 688 1456 1460
f 688 1460 1462
f 1460 1461 422
f 1460 422 425
f 1460 425 1462
f 681 1462 425
f 681 425 678
f 706 646 252
f 706 252 1464
f 706 1464 1463
f 692 650 648
f 692 648 701
f 1467 672 1466
f 1467 1466 436
f 1467 436 1480
f 1467 1480 1468
f 1471 1469 1467
f 1471 1467 1468
f 1471 1468 1474
f 1471 1474 1472
f 1796 619 1471
f 1796 1471 1472
f 1796 1472 1473
f 1796 1473 1795
f 1475 1476 1473
f 1475 1473 1472
f 1475 1472 1474
f 1474 1468 1480
f 1474 1480 1477
f 1474 1477 1475
f 1478 1789 1788
f 1478 1788 1787
f 1478 1787 1782
f 1478 1782 1781
f 1478 1781 1780
f 1478 1780 1779
f 1478 1779 1774
f 1478 1774 1773
f 1478 1773 1772
f 1478 1772 475
f 1478 475 479
f 1478 479 483
f 1478 483 1806
f 1478 1806 1805
f 1478 1805 1804
f 1478 1804 1792
f 1478 1792 1791
f 1478 1791 1476
f 1478 1476 1475
f 1478 1475 1477
f 1481 1478 1477
f 1481 1477 1479
f 436 1497 1495
f 436 1495 1492
f 436 1492 1491
f 436 1491 1490
f 436 1490 1487
f 436 1487 1483
f 436 1483 1482
f 436 1482 1479
f 436 1479 1477
f 436 1477 1480
f 1484 1481 1479
f 1484 1479 1482
f 1482 1483 1485
f 1482 1485 1484
f 1789 1478 1481
f 1789 1481 1484
f 1789 1484 1485
f 1789 1485 1486
f 1789 1486 1488
f 1789 1488 1489
f 1789 1489 1493
f 1789 1493 1790
f 1483 1487 1486
f 1483 1486 1485
f 1488 1486 1487
f 1488 1487 1490
f 1489 1488 1490
f 1489 1490 1491
f 1491 1492 1493
f 1491 1493 1489
f 1759 1775 1776
f 1759 1776 1777
f 1759 1777 1778
f 1759 1778 1783
f 1759 1783 1784
f 1759 1784 1785
f 1759 1785 1786
f 1759 1786 1790
f 1759 1790 1493
f 1759 1493 1492
f 1759 1492 1494
f 1759 1494 1537
f 1759 1537 1535
f 1759 1535 1534
f 1759 1534 1533
f 1759 1533 1530
f 1759 1530 1540
f 1759 1540 1541
f 1759 1541 1542
f 1759 1542 1758
f 1494 1492 1495
f 1494 1495 1496
f 1496 1495 1498
f 1496 1498 1500
f 1496 1500 1502
f 1498 1495 1497
f 1498 1497 1499
f 1703 1501 1500
f 1703 1500 1498
f 1703 1498 1499
f 1703 1499 1704
f 1503 1502 1500
f 1503 1500 1501
f 1503 1501 1504
f 1502 1503 1505
f 1502 1505 1506
f 1502 1506 1496
f 1504 1667 1508
f 1504 1508 1507
f 1504 1507 1505
f 1504 1505 1503
f 1505 1507 1509
f 1505 1509 1510
f 1505 1510 1539
f 1505 1539 1506
f 1508 1512 1511
f 1508 1511 1509
f 1508 1509 1507
f 1509 1511 1513
f 1509 1513 1514
f 1509 1514 1538
f 1509 1538 1510
f 1512 1516 1515
f 1512 1515 1513
f 1512 1513 1511
f 1513 1515 1517
f 1513 1517 1518
f 1513 1518 1536
f 1513 1536 1514
f 1516 1521 1519
f 1516 1519 1517
f 1516 1517 1515
f 1517 1519 1520
f 1517 1520 1531
f 1517 1531 1532
f 1517 1532 1518
f 1521 1522 1524
f 1521 1524 1520
f 1521 1520 1519
f 1666 1619 1615
f 1666 1615 1611
f 1666 1611 1604
f 1666 1604 1603
f 1666 1603 1602
f 1666 1602 1600
f 1666 1600 1601
f 1666 1601 1586
f 1666 1586 1585
f 1666 1585 1583
f 1666 1583 1581
f 1666 1581 1580
f 1666 1580 1559
f 1666 1559 1558
f 1666 1558 1556
f 1666 1556 1551
f 1666 1551 1548
f 1666 1548 1523
f 1666 1523 1522
f 1666 1522 1521
f 1666 1521 1516
f 1666 1516 1512
f 1666 1512 1508
f 1666 1508 1667
f 1522 1523 1526
f 1522 1526 1525
f 1522 1525 1524
f 1520 1524 1525
f 1520 1525 1527
f 1520 1527 1529
f 1520 1529 1531
f 1525 1526 1546
f 1525 1546 1545
f 1525 1545 1528
f 1525 1528 1527
f 1529 1527 1528
f 1529 1528 1540
f 1529 1540 1530
f 1532 1531 1529
f 1532 1529 1530
f 1532 1530 1533
f 1536 1518 1532
f 1536 1532 1533
f 1536 1533 1534
f 1538 1514 1536
f 1538 1536 1534
f 1538 1534 1535
f 1539 1510 1538
f 1539 1538 1535
f 1539 1535 1537
f 1496 1506 1539
f 1496 1539 1537
f 1496 1537 1494
f 1528 1545 1543
f 1528 1543 1541
f 1528 1541 1540
f 1543 1544 1757
f 1543 1757 1542
f 1543 1542 1541
f 1546 1547 1549
f 1546 1549 1544
f 1546 1544 1543
f 1546 1543 1545
f 1523 1548 1547
f 1523 1547 1546
f 1523 1546 1526
f 1548 1551 1550
f 1548 1550 1549
f 1548 1549 1547
f 1549 1550 1552
f 1549 1552 1553
f 1549 1553 1757
f 1549 1757 1544
f 1556 1554 1552
f 1556 1552 1550
f 1556 1550 1551
f 1554 1557 1553
f 1554 1553 1552
f 1555 1554 1556
f 1555 1556 1558
f 1555 1558 1560
f 1555 1560 1562
f 1555 473 1557
f 1555 1557 1554
f 1578 1561 1560
f 1578 1560 1558
f 1578 1558 1559
f 1565 1563 1562
f 1565 1562 1560
f 1565 1560 1561
f 1562 1563 473
f 1562 473 1555
f 1567 1564 1563
f 1567 1563 1565
f 1566 1565 1561
f 1566 1561 1578
f 1566 1578 1577
f 1565 1566 1570
f 1565 1570 1568
f 1565 1568 1567
f 1709 1712 1728
f 1709 1728 1729
f 1709 1729 1730
f 1709 1730 1731
f 1709 1731 1735
f 1709 1735 1737
f 1709 1737 1739
f 1709 1739 1742
f 1709 1742 1743
f 1709 1743 1744
f 1709 1744 1564
f 1709 1564 1567
f 1709 1567 1568
f 1709 1568 1569
f 1709 1569 1678
f 1709 1678 1679
f 1709 1679 1680
f 1709 1680 1692
f 1709 1692 1711
f 1709 1711 1710
f 1709 1710 1708
f 1570 1571 1572
f 1570 1572 1569
f 1570 1569 1568
f 1571 1570 1566
f 1571 1566 1577
f 1571 1577 1575
f 1571 1575 1573
f 1675 1572 1571
f 1675 1571 1573
f 1675 1573 1574
f 1675 1574 1674
f 1574 1573 1575
f 1574 1575 1576
f 1574 1576 1579
f 1575 1577 1578
f 1575 1578 1559
f 1575 1559 1580
f 1575 1580 1576
f 1581 1582 1665
f 1581 1665 1651
f 1581 1651 1650
f 1581 1650 1649
f 1581 1649 1643
f 1581 1643 1639
f 1581 1639 1633
f 1581 1633 1632
f 1581 1632 1630
f 1581 1630 1631
f 1581 1631 1666
f 1581 1666 1667
f 1581 1667 1504
f 1581 1504 1501
f 1581 1501 1703
f 1581 1703 1702
f 1581 1702 1697
f 1581 1697 1756
f 1581 1756 1687
f 1581 1687 1671
f 1581 1671 1670
f 1581 1670 1579
f 1581 1579 1576
f 1581 1576 1580
f 1582 1581 1583
f 1582 1583 1584
f 1582 1584 1663
f 1582 1663 1662
f 1582 1662 1661
f 1583 1585 1587
f 1583 1587 1588
f 1583 1588 1584
f 1585 1586 1590
f 1585 1590 1589
f 1585 1589 1587
f 1588 1587 1589
f 1588 1589 1591
f 1588 1591 1592
f 1589 1590 1669
f 1589 1669 1594
f 1589 1594 1593
f 1589 1593 1591
f 1594 1599 1597
f 1594 1597 1595
f 1594 1595 1593
f 1597 1598 1596
f 1597 1596 1595
f 1600 1602 1598
f 1600 1598 1597
f 1600 1597 1599
f 1601 1600 1599
f 1601 1599 1594
f 1601 1594 1669
f 1602 1603 1605
f 1602 1605 1606
f 1602 1606 1598
f 1603 1604 1609
f 1603 1609 1607
f 1603 1607 1605
f 1606 1605 1607
f 1606 1607 1608
f 1606 1608 1668
f 1607 1609 1610
f 1607 1610 1612
f 1607 1612 1613
f 1607 1613 1608
f 1604 1611 1610
f 1604 1610 1609
f 1611 1615 1614
f 1611 1614 1612
f 1611 1612 1610
f 1612 1614 1616
f 1612 1616 1617
f 1612 1617 1613
f 1615 1619 1618
f 1615 1618 1616
f 1615 1616 1614
f 1616 1618 1620
f 1616 1620 1622
f 1616 1622 1617
f 1619 1666 1631
f 1619 1631 1627
f 1619 1627 1621
f 1619 1621 1620
f 1619 1620 1618
f 1620 1621 1623
f 1620 1623 1622
f 1621 1627 1626
f 1621 1626 1624
f 1621 1624 1623
f 1626 1628 1629
f 1626 1629 1625
f 1626 1625 1624
f 1631 1630 1628
f 1631 1628 1626
f 1631 1626 1627
f 1630 1632 1634
f 1630 1634 1629
f 1630 1629 1628
f 1632 1633 1635
f 1632 1635 1634
f 1629 1634 1635
f 1629 1635 1636
f 1629 1636 1637
f 1629 1637 1625
f 1633 1639 1638
f 1633 1638 1636
f 1633 1636 1635
f 1636 1638 1640
f 1636 1640 1641
f 1636 1641 1637
f 1639 1643 1642
f 1639 1642 1640
f 1639 1640 1638
f 1640 1642 1644
f 1640 1644 1641
f 1647 1645 1642
f 1647 1642 1643
f 1647 1643 1649
f 1646 1644 1642
f 1646 1642 1645
f 1645 1647 1648
f 1645 1648 1657
f 1645 1657 1646
f 1649 1650 1652
f 1649 1652 1648
f 1649 1648 1647
f 1650 1651 1653
f 1650 1653 1652
f 1648 1652 1653
f 1648 1653 1654
f 1648 1654 1656
f 1648 1656 1657
f 1651 1665 1655
f 1651 1655 1654
f 1651 1654 1653
f 1654 1655 1660
f 1654 1660 1658
f 1654 1658 1656
f 1660 1661 1662
f 1660 1662 1659
f 1660 1659 1658
f 1665 1582 1661
f 1665 1661 1660
f 1665 1660 1655
f 1662 1663 1664
f 1662 1664 1659
f 1663 1584 1588
f 1663 1588 1592
f 1663 1592 1664
f 1598 1606 1668
f 1598 1668 1596
f 1586 1601 1669
f 1586 1669 1590
f 1672 1674 1574
f 1672 1574 1579
f 1672 1579 1670
f 1686 1673 1672
f 1686 1672 1670
f 1686 1670 1671
f 1677 1676 1675
f 1677 1675 1674
f 1677 1674 1672
f 1677 1672 1673
f 1572 1675 1676
f 1572 1676 1678
f 1572 1678 1569
f 1676 1677 1681
f 1676 1681 1679
f 1676 1679 1678
f 1681 1682 1683
f 1681 1683 1680
f 1681 1680 1679
f 1682 1681 1677
f 1682 1677 1673
f 1682 1673 1686
f 1682 1686 1684
f 1690 1683 1682
f 1690 1682 1684
f 1690 1684 1685
f 1690 1685 1688
f 1685 1684 1686
f 1685 1686 1671
f 1685 1671 1687
f 1689 1688 1685
f 1689 1685 1687
f 1689 1687 1756
f 1693 1691 1690
f 1693 1690 1688
f 1693 1688 1689
f 1693 1689 1695
f 1683 1690 1691
f 1683 1691 1692
f 1683 1692 1680
f 1691 1693 1694
f 1691 1694 1711
f 1691 1711 1692
f 1699 1694 1693
f 1699 1693 1695
f 1699 1695 1696
f 1699 1696 1698
f 1696 1695 1689
f 1696 1689 1756
f 1696 1756 1697
f 1697 1702 1700
f 1697 1700 1698
f 1697 1698 1696
f 1698 1700 1701
f 1698 1701 1707
f 1698 1707 1699
f 1704 1705 1701
f 1704 1701 1700
f 1704 1700 1702
f 1704 1702 1703
f 1499 1497 1706
f 1499 1706 1705
f 1499 1705 1704
f 1705 1706 1707
f 1705 1707 1701
f 1699 1707 1708
f 1699 1708 1710
f 1694 1699 1710
f 1694 1710 1711
f 1714 1712 1709
f 1714 1709 1713
f 1713 1715 1717
f 1713 1717 1714
f 1715 1716 1718
f 1715 1718 1717
f 1728 1712 1714
f 1728 1714 1717
f 1728 1717 1718
f 1728 1718 1719
f 1728 1719 1720
f 1728 1720 1724
f 1728 1724 1725
f 1728 1725 1726
f 1719 1718 1716
f 1719 1716 1721
f 1720 1719 1721
f 1720 1721 1722
f 1722 1723 1724
f 1722 1724 1720
f 1723 438 1725
f 1723 1725 1724
f 1726 1727 1729
f 1726 1729 1728
f 1727 1732 1730
f 1727 1730 1729
f 1732 1733 1731
f 1732 1731 1730
f 1733 1734 1735
f 1733 1735 1731
f 1734 1736 1737
f 1734 1737 1735
f 1736 1738 1739
f 1736 1739 1737
f 1738 1740 1742
f 1738 1742 1739
f 1740 1741 1743
f 1740 1743 1742
f 1741 468 1754
f 1741 1754 1753
f 1741 1753 1751
f 1741 1751 1749
f 1741 1749 1747
f 1741 1747 1745
f 1741 1745 1744
f 1741 1744 1743
f 1746 1564 1744
f 1746 1744 1745
f 1745 1747 1748
f 1745 1748 1746
f 1747 1749 1750
f 1747 1750 1748
f 1752 1750 1749
f 1752 1749 1751
f 1755 1752 1751
f 1755 1751 1753
f 469 1755 1753
f 469 1753 1754
f 1757 1553 1758
f 1757 1758 1542
f 1762 1759 1758
f 1762 1758 1760
f 1763 1762 1760
f 1763 1760 1761
f 1775 1759 1762
f 1775 1762 1763
f 1775 1763 1764
f 1775 1764 1765
f 1775 1765 1770
f 1775 1770 1771
f 1775 1771 1772
f 1775 1772 1773
f 1761 1766 1764
f 1761 1764 1763
f 1765 1764 1766
f 1765 1766 1767
f 1770 1765 1767
f 1770 1767 1768
f 1771 1770 1768
f 1771 1768 1769
f 1769 475 1772
f 1769 1772 1771
f 1776 1775 1773
f 1776 1773 1774
f 1777 1776 1774
f 1777 1774 1779
f 1778 1777 1779
f 1778 1779 1780
f 1783 1778 1780
f 1783 1780 1781
f 1784 1783 1781
f 1784 1781 1782
f 1785 1784 1782
f 1785 1782 1787
f 1786 1785 1787
f 1786 1787 1788
f 1790 1786 1788
f 1790 1788 1789
f 1476 1791 1793
f 1476 1793 1795
f 1476 1795 1473
f 1791 1792 1799
f 1791 1799 1794
f 1791 1794 1793
f 1798 1797 1796
f 1798 1796 1795
f 1798 1795 1793
f 1798 1793 1794
f 1802 508 1798
f 1802 1798 1794
f 1802 1794 1799
f 1802 1799 1800
f 1792 1804 1801
f 1792 1801 1800
f 1792 1800 1799
f 1810 504 1802
f 1810 1802 1800
f 1810 1800 1801
f 1810 1801 1803
f 1804 1805 1807
f 1804 1807 1803
f 1804 1803 1801
f 1805 1806 485
f 1805 485 1808
f 1805 1808 1807
f 1809 500 1810
f 1809 1810 1803
f 1809 1803 1807
f 1809 1807 1808
f 1817 1816 1815
f 1817 1815 1813
f 1817 1813 1812
f 1817 1812 1814
f 1817 1814 623
f 1817 623 1818
f 1815 1816 667
f 1816 1817 1819
f 1816 1819 667
f 1821 1820 1819
f 1821 1819 1817
f 1821 1817 1818
f 1821 1818 1823
f 1821 661 665
f 1821 665 1820
f 659 661 1821
f 659 1821 1822
f 659 1822 1824
f 659 1824 1825
f 1821 1823 1822
f 659 1825 1826
f 1832 1830 1829
f 1832 1829 1827
f 1832 1827 1828
f 1830 1833 263
f 1830 263 256
f 1830 256 1829
f 1832 600 1831
f 1832 1831 1830
f 1830 1831 1834
f 1830 1834 1833
f 1831 596 1839
f 1831 1839 266
f 1831 266 1834
f 606 1832 1828
f 606 1828 630
f 606 630 627
f 527 1838 1837
f 527 1837 1836
f 527 1836 1835
f 580 602 1836
f 580 1836 1837
f 594 598 602
f 594 602 580
f 1841 1843 1844
f 1841 1844 1846
f 1841 1846 1847
f 1841 1847 1842
f 1845 1844 1843
f 1845 1843 546
f 1845 546 542
f 1844 1845 1848
f 1844 1848 1849
f 1844 1849 472
f 1844 472 1846
f 1850 1848 1845
f 1850 1845 542
f 1850 542 538
f 1848 1850 1851
f 1848 1851 1852
f 1848 1852 477
f 1848 477 1849
f 490 1851 1850
f 490 1850 538
f 490 538 495
f 149 1875 223
f 149 223 1876
f 149 1876 1878
f 149 1878 1879
f 149 1879 1883
f 1878 1876 1877
f 1878 1877 128
f 1878 128 1880
f 1879 1878 1880
f 1879 1880 1881
f 1884 1883 1879
f 1884 1879 1881
f 1884 1881 1882
f 1884 1882 141
f 221 1885 148
f 221 148 1889
f 221 1889 1887
f 1886 221 1887
f 1886 1887 1888
f 151 158 1888
f 151 1888 1887
f 151 1887 1889
f 1891 218 1886
f 1891 1886 1888
f 1891 1888 1890
f 158 162 1892
f 158 1892 1890
f 158 1890 1888
f 1894 1891 1890
f 1894 1890 1892
f 1894 1892 1893
f 1894 1893 173
f 1894 173 175
f 1894 175 1896
f 1894 1895 218
f 1894 218 1891
f 1895 1894 1896
f 1895 1896 1897
f 1895 1897 1898
f 114 130 126
f 114 126 116
f 3434 3483 1902
f 3434 1902 1901
f 3434 1901 1904
f 3434 1904 1905
f 1902 1987 1915
f 1902 1915 1914
f 1902 1914 1903
f 1902 1903 1901
f 1910 1908 1906
f 1910 1906 1904
f 1910 1904 1901
f 1910 1901 1903
f 1906 1907 3478
f 1906 3478 3479
f 1906 3479 1905
f 1906 1905 1904
f 1907 1906 1908
f 1907 1908 1909
f 1907 1909 2114
f 1907 2114 3476
f 1908 1910 1911
f 1908 1911 1913
f 1908 1913 2109
f 1908 2109 1909
f 1903 1914 1911
f 1903 1911 1910
f 1912 1911 1914
f 1912 1914 1916
f 4547 1913 1911
f 4547 1911 1912
f 1916 1914 1915
f 1916 1915 1917
f 1917 1919 1918
f 1917 1918 1916
f 1921 1912 1916
f 1921 1916 1918
f 1919 4576 4581
f 1919 4581 4636
f 1919 4636 1920
f 1919 1920 1918
f 1918 1920 1923
f 1918 1923 1921
f 1912 1921 1922
f 1912 1922 2108
f 1912 2108 4547
f 1921 1923 1924
f 1921 1924 4381
f 1921 4381 4377
f 1921 4377 4380
f 1921 4380 2104
f 1921 2104 1922
f 1925 1923 1920
f 1925 1920 4600
f 1925 4600 1926
f 1928 4392 4391
f 1928 4391 4390
f 1928 4390 4389
f 1928 4389 4388
f 1928 4388 4387
f 1928 4387 4386
f 1928 4386 4385
f 1928 4385 4384
f 1928 4384 4371
f 1928 4371 4370
f 1928 4370 4372
f 1928 4372 4373
f 1928 4373 4379
f 1928 4379 4378
f 1928 4378 1924
f 1928 1924 1923
f 1928 1923 1925
f 1928 1925 1927
f 1926 1931 1929
f 1926 1929 1927
f 1926 1927 1925
f 1927 1929 1930
f 1927 1930 4368
f 1927 4368 4367
f 1927 4367 4366
f 1927 4366 4365
f 1927 4365 4364
f 1927 4364 4363
f 1927 4363 4362
f 1927 4362 4360
f 1927 4360 4359
f 1927 4359 4357
f 1927 4357 4356
f 1927 4356 4355
f 1927 4355 4354
f 1927 4354 4353
f 1927 4353 4352
f 1927 4352 4351
f 1927 4351 4350
f 1927 4350 4349
f 1927 4349 1928
f 1930 1929 1932
f 1930 1932 1934
f 1930 1934 4412
f 1930 4412 4393
f 1930 4393 4342
f 1930 4342 4341
f 1930 4341 4343
f 1930 4343 4344
f 1930 4344 4345
f 1929 1931 1935
f 1929 1935 1932
f 4502 1934 1932
f 4502 1932 1933
f 4502 1933 4503
f 4502 4503 4501
f 1933 1932 1935
f 1933 1935 1936
f 1936 1935 1937
f 1936 1937 1938
f 1936 1938 4097
f 4624 1939 1937
f 4624 1937 1935
f 4624 1935 1931
f 4624 1931 4623
f 1937 1940 1943
f 1937 1943 1945
f 1937 1945 1946
f 1937 1946 4033
f 1937 4033 4034
f 1937 4034 4035
f 1937 4035 4036
f 1937 4036 4044
f 1937 4044 3986
f 1937 3986 4094
f 1937 4094 4095
f 1937 4095 1938
f 1937 1939 4625
f 1937 4625 4626
f 1937 4626 4627
f 1937 4627 4629
f 1937 4629 4630
f 1937 4630 4632
f 1937 4632 4633
f 1937 4633 1942
f 1937 1942 1940
f 1962 4637 1941
f 1962 1941 1940
f 1962 1940 1942
f 1944 1943 1940
f 1944 1940 1941
f 1944 1947 1945
f 1944 1945 1943
f 1947 1948 1946
f 1947 1946 1945
f 1952 1949 1947
f 1952 1947 1944
f 1949 1950 1948
f 1949 1948 1947
f 1951 4045 1950
f 1951 1950 1949
f 1954 1951 1949
f 1954 1949 1952
f 1952 1944 1941
f 1952 1941 4637
f 1952 4637 1953
f 1954 1952 1953
f 1954 1953 1956
f 1955 1954 1956
f 1955 1956 1957
f 1955 4050 1951
f 1955 1951 1954
f 1962 1960 1958
f 1962 1958 1957
f 1962 1957 1956
f 1962 1956 1953
f 1962 1953 4637
f 4053 1955 1957
f 4053 1957 1958
f 4053 1958 1959
f 1960 1961 4057
f 1960 4057 4056
f 1960 4056 1959
f 1960 1959 1958
f 1960 1963 1965
f 1960 1965 1961
f 1963 1960 1962
f 1963 1962 1964
f 1966 1963 1964
f 1966 1964 1967
f 1963 1966 1968
f 1963 1968 4574
f 1963 4574 4575
f 1963 4575 1965
f 1969 1966 1967
f 1969 1967 1970
f 1966 1969 1972
f 1966 1972 1968
f 1971 1969 1970
f 1971 1970 4631
f 1969 1971 1975
f 1969 1975 1973
f 1969 1973 1972
f 1974 4573 2002
f 1974 2002 4574
f 1974 4574 1968
f 1974 1968 1972
f 1974 1972 1973
f 1973 1975 1976
f 1973 1976 1978
f 1973 1978 1974
f 1971 4635 1977
f 1971 1977 1976
f 1971 1976 1975
f 1979 1978 1976
f 1979 1976 1977
f 1982 4573 1974
f 1982 1974 1978
f 1982 1978 1979
f 1982 1979 1981
f 1980 1979 1977
f 1980 1977 4587
f 1980 4587 4586
f 1980 4586 4578
f 1980 4578 4577
f 1983 1981 1979
f 1983 1979 1980
f 1983 1980 4576
f 1983 4576 1919
f 1985 1982 1981
f 1985 1981 1983
f 1985 1983 1984
f 1919 1917 1986
f 1919 1986 1984
f 1919 1984 1983
f 1985 1984 1986
f 1985 1986 1987
f 1985 1987 1988
f 1917 1915 1987
f 1917 1987 1986
f 1990 1989 1988
f 1990 1988 1987
f 1990 1987 1902
f 1990 1902 3483
f 1985 1988 1989
f 1985 1989 1991
f 1985 1991 1994
f 1985 1994 1996
f 1990 4560 1992
f 1990 1992 1991
f 1990 1991 1989
f 2037 2035 2036
f 2037 2036 4561
f 2037 4561 4562
f 2037 4562 4563
f 2037 4563 4564
f 2037 4564 4565
f 2037 4565 4566
f 2037 4566 4567
f 2037 4567 4568
f 2037 4568 4569
f 2037 4569 1993
f 2037 1993 1991
f 2037 1991 1992
f 1994 1991 1993
f 1994 1993 4571
f 1994 4571 1995
f 1995 4572 1998
f 1995 1998 1997
f 1995 1997 1996
f 1995 1996 1994
f 1982 1985 1996
f 1982 1996 1997
f 1982 1997 1999
f 1998 2003 2000
f 1998 2000 1999
f 1998 1999 1997
f 1982 1999 2000
f 1982 2000 2002
f 1982 2002 4573
f 4059 2001 2000
f 4059 2000 2003
f 4059 2003 2004
f 4575 4574 2002
f 4575 2002 2000
f 4575 2000 2001
f 2014 2013 2011
f 2014 2011 2009
f 2014 2009 2007
f 2014 2007 2005
f 2014 2005 2003
f 2014 2003 1998
f 2014 1998 4572
f 2006 4082 4081
f 2006 4081 2004
f 2006 2004 2003
f 2006 2003 2005
f 4557 4553 4551
f 4557 4551 2006
f 4557 2006 2005
f 4557 2005 2007
f 4557 2007 2008
f 4557 2008 4558
f 2009 2010 4559
f 2009 4559 2008
f 2009 2008 2007
f 2012 2072 2071
f 2012 2071 2010
f 2012 2010 2009
f 2012 2009 2011
f 2015 2012 2011
f 2015 2011 2013
f 2018 2016 2015
f 2018 2015 2013
f 2018 2013 2014
f 2018 2014 2019
f 2017 2079 2076
f 2017 2076 2074
f 2017 2074 2073
f 2017 2073 2072
f 2017 2072 2012
f 2017 2012 2015
f 2017 2015 2016
f 2025 4546 2017
f 2025 2017 2016
f 2025 2016 2018
f 2025 2018 2020
f 2025 2020 2022
f 2025 2022 2024
f 2020 2018 2019
f 2020 2019 2021
f 2022 2020 2021
f 2022 2021 2023
f 2026 2024 2022
f 2026 2022 2023
f 2026 2023 4570
f 2026 4570 2027
f 2024 2026 2028
f 2024 2028 2029
f 2024 2029 2025
f 2027 2031 2028
f 2027 2028 2026
f 2120 4533 4534
f 2120 4534 4535
f 2120 4535 4536
f 2120 4536 4537
f 2120 4537 4538
f 2120 4538 4539
f 2120 4539 4540
f 2120 4540 4541
f 2120 4541 4542
f 2120 4542 2029
f 2120 2029 2028
f 2120 2028 2030
f 2120 2030 4529
f 2030 2028 2031
f 2030 2031 2032
f 2033 2032 2031
f 2033 2031 1993
f 2033 1993 4569
f 2033 4569 4568
f 2033 4568 4567
f 2033 4567 4566
f 2033 4566 4565
f 2033 4565 4564
f 2033 4564 4563
f 2033 4563 4562
f 2033 4562 4561
f 2033 4561 2036
f 2033 2036 2035
f 4571 1993 2031
f 4571 2031 2027
f 4571 2027 4570
f 4528 4529 2030
f 4528 2030 2032
f 4528 2032 2033
f 4528 2033 2034
f 2035 2037 2038
f 2035 2038 2039
f 2035 2039 4518
f 2035 4518 4519
f 2035 4519 4520
f 2035 4520 4521
f 2035 4521 4526
f 2035 4526 4527
f 2035 4527 2034
f 2035 2034 2033
f 1992 4560 2041
f 1992 2041 2040
f 1992 2040 2038
f 1992 2038 2037
f 2044 2046 2039
f 2044 2039 2038
f 2044 2038 2040
f 2044 2040 2042
f 2041 3431 3430
f 2041 3430 2043
f 2041 2043 2042
f 2041 2042 2040
f 2140 4506 4507
f 2140 4507 4508
f 2140 4508 4512
f 2140 4512 2045
f 2140 2045 2044
f 2140 2044 2042
f 2140 2042 2043
f 2140 2043 3484
f 2129 2128 2127
f 2129 2127 2048
f 2129 2048 2047
f 2129 2047 2046
f 2129 2046 2044
f 2129 2044 2045
f 2039 2046 2047
f 2039 2047 2049
f 2039 2049 2051
f 2048 2050 2049
f 2048 2049 2047
f 2050 2126 2053
f 2050 2053 2052
f 2050 2052 2051
f 2050 2051 2049
f 2039 2051 2052
f 2039 2052 2054
f 2039 2054 2055
f 2039 2055 4517
f 2039 4517 4518
f 2053 4530 2058
f 2053 2058 2056
f 2053 2056 2054
f 2053 2054 2052
f 2054 2056 2057
f 2054 2057 4532
f 2054 4532 2055
f 2061 2063 2057
f 2061 2057 2056
f 2061 2056 2059
f 4555 2060 2059
f 4555 2059 2056
f 4555 2056 2058
f 4555 2058 2067
f 4559 2062 2061
f 4559 2061 2059
f 4559 2059 2060
f 4559 2060 4558
f 4559 4558 2008
f 2068 2066 2064
f 2068 2064 2063
f 2068 2063 2061
f 2068 2061 2062
f 2064 2065 2057
f 2064 2057 2063
f 2067 2058 2065
f 2067 2065 2064
f 2067 2064 2066
f 2070 4556 4555
f 2070 4555 2067
f 2070 2067 2066
f 2070 2066 2068
f 2070 2068 2069
f 2071 2069 2068
f 2071 2068 2062
f 2071 2062 4559
f 2071 4559 2010
f 2073 2070 2069
f 2073 2069 2071
f 2073 2071 2072
f 4556 2070 2073
f 4556 2073 2074
f 4556 2074 2075
f 4556 2075 4550
f 4556 4550 4552
f 4556 4552 4554
f 2074 2076 2077
f 2074 2077 4088
f 2074 4088 4087
f 2074 4087 2075
f 2077 2076 2078
f 2077 2078 4458
f 2077 4458 4457
f 2077 4457 4456
f 2077 4456 4455
f 2077 4455 4454
f 2077 4454 4453
f 2077 4453 4452
f 2077 4452 4450
f 2077 4450 4449
f 2077 4449 4448
f 2080 2082 2084
f 2080 2084 2085
f 2080 2085 4465
f 2080 4465 4464
f 2080 4464 4463
f 2080 4463 4462
f 2080 4462 4461
f 2080 4461 4460
f 2080 4460 4459
f 2080 4459 4431
f 2080 4431 4430
f 2080 4430 4433
f 2080 4433 4434
f 2080 4434 4436
f 2080 4436 4437
f 2080 4437 4442
f 2080 4442 4443
f 2080 4443 4444
f 2080 4444 4445
f 2080 4445 4449
f 2080 4449 4451
f 2080 4451 4452
f 2080 4452 4453
f 2080 4453 4454
f 2080 4454 4455
f 2080 4455 4456
f 2080 4456 4457
f 2080 4457 4458
f 2080 4458 2078
f 2080 2078 2076
f 2080 2076 2079
f 4544 2081 2080
f 4544 2080 2079
f 4544 2079 2017
f 4544 2017 4546
f 4544 4546 4545
f 2082 2080 2081
f 2082 2081 2106
f 2082 2106 2083
f 4548 4549 2088
f 4548 2088 2087
f 4548 2087 2084
f 4548 2084 2082
f 4548 2082 2083
f 4430 4432 4459
f 4430 4459 4460
f 4430 4460 4461
f 4430 4461 4462
f 4430 4462 4463
f 4430 4463 4464
f 4430 4464 4465
f 4430 4465 2085
f 4430 2085 2084
f 4430 2084 2086
f 4430 2086 4426
f 4430 4426 4428
f 2086 2084 2087
f 2086 2087 2089
f 2086 2089 2090
f 2086 2090 4319
f 2093 2091 2089
f 2093 2089 2087
f 2093 2087 2088
f 2093 2088 4549
f 2093 4549 4548
f 2093 4548 2094
f 2090 2089 2091
f 2090 2091 2092
f 2090 2092 4314
f 2090 4314 4316
f 2091 2093 2095
f 2091 2095 2096
f 2091 2096 2092
f 2094 2099 2097
f 2094 2097 2095
f 2094 2095 2093
f 2095 2097 2098
f 2095 2098 4327
f 2095 4327 2096
f 2098 2097 2099
f 2098 2099 2100
f 2102 2100 2099
f 2102 2099 2094
f 2102 2094 4548
f 2102 4548 2083
f 4372 4370 4369
f 4372 4369 2098
f 4372 2098 2100
f 4372 2100 2101
f 4372 2101 4375
f 4372 4375 4374
f 2104 4380 4382
f 2104 4382 4383
f 2104 4383 2101
f 2104 2101 2100
f 2104 2100 2102
f 2104 2102 2103
f 2105 2103 2102
f 2105 2102 2083
f 2105 2083 2106
f 2103 2105 2107
f 2103 2107 2108
f 2103 2108 1922
f 2103 1922 2104
f 2110 2109 2107
f 2110 2107 2105
f 2110 2105 2106
f 2107 2109 1913
f 2107 1913 4547
f 2107 4547 2108
f 2114 1909 2109
f 2114 2109 2110
f 2114 2110 2111
f 2114 2111 2113
f 2081 4544 2112
f 2081 2112 2111
f 2081 2111 2110
f 2081 2110 2106
f 2111 2112 2118
f 2111 2118 2116
f 2111 2116 2113
f 3475 3476 2114
f 3475 2114 2113
f 3475 2113 2115
f 2116 2117 4513
f 2116 4513 2115
f 2116 2115 2113
f 2119 2121 2122
f 2119 2122 2123
f 2119 2123 2117
f 2119 2117 2116
f 2119 2116 2118
f 2118 2112 4543
f 2118 4543 2029
f 2118 2029 4542
f 2118 4542 4541
f 2118 4541 4540
f 2118 4540 4539
f 2118 4539 4538
f 2118 4538 4537
f 2118 4537 4536
f 2118 4536 4535
f 2118 4535 4534
f 2118 4534 4533
f 2118 4533 2120
f 2118 2120 2119
f 4529 4528 4525
f 4529 4525 4524
f 4529 4524 4523
f 4529 4523 4522
f 4529 4522 4514
f 4529 4514 2125
f 4529 2125 2124
f 4529 2124 2122
f 4529 2122 2121
f 4529 2121 2119
f 4529 2119 2120
f 2130 2123 2122
f 2130 2122 2124
f 2130 2124 2127
f 2130 2127 2128
f 2125 4515 4516
f 2125 4516 4530
f 2125 4530 2053
f 2125 2053 2126
f 2125 2126 2124
f 2126 2050 2048
f 2126 2048 2127
f 2126 2127 2124
f 2133 2131 2130
f 2133 2130 2128
f 2133 2128 2129
f 2133 2129 4511
f 2133 4511 4510
f 2133 4510 4509
f 2133 4509 2136
f 2133 2136 2135
f 2123 2130 2131
f 2123 2131 2132
f 2123 2132 4513
f 2123 4513 2117
f 2131 2133 2134
f 2131 2134 3467
f 2131 3467 3471
f 2131 3471 2132
f 3480 2134 2133
f 3480 2133 2135
f 3480 2135 2137
f 3480 2137 2138
f 3480 2138 3113
f 3480 3113 3112
f 3480 3112 3114
f 3480 3114 3116
f 3480 3116 3117
f 2137 2135 2136
f 2137 2136 4506
f 2137 4506 2140
f 2137 2140 2139
f 2138 2137 2139
f 2138 2139 2141
f 3119 3118 3115
f 3119 3115 2143
f 3119 2143 2142
f 3119 2142 2141
f 3119 2141 2139
f 3119 2139 2140
f 3119 2140 3484
f 3119 3484 3427
f 3119 3427 3120
f 2145 3113 2138
f 2145 2138 2141
f 2145 2141 2142
f 2145 2142 2144
f 2146 2144 2142
f 2146 2142 2143
f 2146 2143 3110
f 2146 3110 3109
f 2146 3109 3108
f 2146 3108 2149
f 2146 2149 2148
f 2157 3105 2145
f 2157 2145 2144
f 2157 2144 2146
f 2157 2146 2147
f 2154 2155 2147
f 2154 2147 2146
f 2154 2146 2148
f 2154 2148 2150
f 2154 2150 2152
f 2150 2148 2149
f 2150 2149 2151
f 2151 3099 3098
f 2151 3098 2168
f 2151 2168 2162
f 2151 2162 2153
f 2151 2153 2152
f 2151 2152 2150
f 2152 2153 2154
f 2155 2154 2153
f 2155 2153 2160
f 2155 2160 2158
f 2155 2158 2156
f 2156 2157 2147
f 2156 2147 2155
f 2159 3103 3104
f 2159 3104 3105
f 2159 3105 2157
f 2159 2157 2156
f 2159 2156 2158
f 2158 2160 2159
f 2161 2160 2153
f 2161 2153 2162
f 3103 2159 2160
f 3103 2160 2161
f 3103 2161 2163
f 3103 2163 2164
f 3103 2164 3100
f 3103 3100 3101
f 2165 2163 2161
f 2165 2161 2162
f 2165 2162 2168
f 2165 2168 2167
f 2163 2165 2166
f 2163 2166 3095
f 2163 3095 3096
f 2163 3096 2164
f 2173 2166 2165
f 2173 2165 2167
f 2173 2167 2169
f 2173 2169 2171
f 3098 3097 2170
f 3098 2170 2169
f 3098 2169 2167
f 3098 2167 2168
f 2170 2182 2180
f 2170 2180 2178
f 2170 2178 2177
f 2170 2177 2172
f 2170 2172 2171
f 2170 2171 2169
f 2174 2173 2171
f 2174 2171 2172
f 2166 2173 2174
f 2166 2174 2175
f 2166 2175 2176
f 2166 2176 2310
f 2166 2310 3093
f 2166 3093 3095
f 2175 2174 2172
f 2175 2172 2177
f 4093 2176 2175
f 4093 2175 2177
f 4093 2177 2178
f 4093 2178 2179
f 4082 4083 4084
f 4082 4084 4090
f 4082 4090 4092
f 4082 4092 2179
f 4082 2179 2178
f 4082 2178 2180
f 4082 2180 2181
f 4082 2181 4080
f 4082 4080 4061
f 4082 4061 4081
f 2181 2180 2183
f 2181 2183 2184
f 2181 2184 4070
f 2181 4070 4075
f 2180 2182 3094
f 2180 3094 3089
f 2180 3089 3088
f 2180 3088 3086
f 2180 3086 3085
f 2180 3085 3084
f 2180 3084 3078
f 2180 3078 3077
f 2180 3077 3072
f 2180 3072 3071
f 2180 3071 3073
f 2180 3073 3075
f 2180 3075 2186
f 2180 2186 2185
f 2180 2185 2183
f 2187 2188 2184
f 2187 2184 2183
f 2187 2183 2185
f 2320 2189 2187
f 2320 2187 2185
f 2320 2185 2186
f 2320 2186 2316
f 2320 2316 2317
f 2320 2317 2318
f 2187 2190 2193
f 2187 2193 2188
f 2189 2191 2190
f 2189 2190 2187
f 2191 2322 2324
f 2191 2324 2192
f 2191 2192 2190
f 2190 2192 2194
f 2190 2194 2193
f 2188 2193 2195
f 2188 2195 2198
f 2188 2198 2199
f 2193 2194 2196
f 2193 2196 2195
f 2197 2195 2196
f 2197 2196 2483
f 2197 2483 2235
f 2197 2235 2233
f 2197 2233 2229
f 2197 2229 2228
f 2197 2228 2227
f 2197 2227 2226
f 2197 2226 2221
f 2197 2221 2220
f 2197 2220 2219
f 2197 2219 2218
f 2197 2218 2215
f 2197 2215 2213
f 2197 2213 2209
f 2197 2209 2208
f 2197 2208 2205
f 2197 2205 2204
f 2198 2195 2197
f 2198 2197 2200
f 2199 2198 2200
f 2199 2200 2201
f 2201 2200 2202
f 2201 2202 2203
f 2201 2203 3936
f 2200 2197 2204
f 2200 2204 2202
f 2203 2202 2204
f 2203 2204 2205
f 2203 2205 2207
f 2203 2207 2257
f 2203 2257 2256
f 2203 2256 2254
f 2203 2254 2255
f 2203 2255 2262
f 2203 2262 2264
f 2207 2205 2206
f 2207 2206 2260
f 2210 2206 2205
f 2210 2205 2208
f 2211 2210 2208
f 2211 2208 2209
f 2295 2206 2210
f 2295 2210 2211
f 2295 2211 2212
f 2295 2212 2214
f 2295 2214 2216
f 2295 2216 2217
f 2295 2217 2222
f 2295 2222 2223
f 2295 2223 2224
f 2295 2224 2225
f 2295 2225 2230
f 2295 2230 2231
f 2295 2231 2232
f 2295 2232 2234
f 2295 2234 2236
f 2295 2236 2300
f 2295 2300 2299
f 2295 2299 2298
f 2212 2211 2209
f 2212 2209 2213
f 2214 2212 2213
f 2214 2213 2215
f 2216 2214 2215
f 2216 2215 2218
f 2217 2216 2218
f 2217 2218 2219
f 2222 2217 2219
f 2222 2219 2220
f 2223 2222 2220
f 2223 2220 2221
f 2224 2223 2221
f 2224 2221 2226
f 2225 2224 2226
f 2225 2226 2227
f 2230 2225 2227
f 2230 2227 2228
f 2231 2230 2228
f 2231 2228 2229
f 2232 2231 2229
f 2232 2229 2233
f 2233 2235 2234
f 2233 2234 2232
f 2237 2234 2235
f 2237 2235 2239
f 2456 2455 2454
f 2456 2454 2451
f 2456 2451 2236
f 2456 2236 2234
f 2456 2234 2237
f 2456 2237 2238
f 2456 2238 2242
f 2456 2242 2245
f 2456 2245 2246
f 2456 2246 2247
f 2456 2247 2249
f 2456 2249 2251
f 2456 2251 2252
f 2238 2237 2239
f 2238 2239 2240
f 2254 2253 2250
f 2254 2250 2248
f 2254 2248 2244
f 2254 2244 2243
f 2254 2243 2241
f 2254 2241 2240
f 2254 2240 2239
f 2254 2239 2235
f 2254 2235 2483
f 2254 2483 2482
f 2254 2482 2484
f 2254 2484 2261
f 2254 2261 2255
f 2242 2238 2240
f 2242 2240 2241
f 2245 2242 2241
f 2245 2241 2243
f 2246 2245 2243
f 2246 2243 2244
f 2247 2246 2244
f 2247 2244 2248
f 2249 2247 2248
f 2249 2248 2250
f 2251 2249 2250
f 2251 2250 2253
f 2258 2252 2251
f 2258 2251 2253
f 2258 2253 2254
f 2258 2254 2256
f 2259 2258 2256
f 2259 2256 2257
f 2290 2291 2456
f 2290 2456 2252
f 2290 2252 2258
f 2290 2258 2259
f 2290 2259 2260
f 2290 2260 2206
f 2290 2206 2295
f 2290 2295 2294
f 2290 2294 2292
f 2260 2259 2257
f 2260 2257 2207
f 2461 2460 2263
f 2461 2263 2262
f 2461 2262 2255
f 2461 2255 2261
f 2265 2264 2262
f 2265 2262 2263
f 2265 2263 3869
f 2265 3869 3870
f 2265 3870 2266
f 2264 2265 2267
f 2264 2267 2269
f 2264 2269 3935
f 2264 3935 3933
f 2264 3933 3936
f 2264 3936 2203
f 2266 2286 2285
f 2266 2285 2271
f 2266 2271 2270
f 2266 2270 2267
f 2266 2267 2265
f 2268 2267 2270
f 2268 2270 2272
f 2269 2267 2268
f 2269 2268 3938
f 2271 2281 2275
f 2271 2275 2273
f 2271 2273 2270
f 2272 2270 2273
f 2272 2273 2276
f 2276 2273 2274
f 2276 2274 2277
f 2275 4505 2274
f 2275 2274 2273
f 2272 2276 2278
f 2272 2278 2280
f 2272 2280 2282
f 2276 2277 2279
f 2276 2279 2278
f 2279 4505 2275
f 2279 2275 2278
f 2280 2278 2275
f 2280 2275 2281
f 2281 2271 2282
f 2281 2282 2280
f 2283 2282 2271
f 2283 2271 2285
f 2289 2268 2272
f 2289 2272 2282
f 2289 2282 2283
f 2289 2283 2284
f 2289 2284 2287
f 2284 2283 2285
f 2284 2285 2286
f 2288 2287 2284
f 2288 2284 2286
f 2288 2286 2266
f 2288 2266 3870
f 2287 2288 3868
f 2287 3868 2459
f 2287 2459 2291
f 2287 2291 2290
f 2287 2290 2289
f 2292 2293 3934
f 2292 3934 3937
f 2292 3937 3938
f 2292 3938 2268
f 2292 2268 2289
f 2292 2289 2290
f 2293 2292 2294
f 2293 2294 2296
f 2293 2296 2297
f 2294 2295 2298
f 2294 2298 2296
f 2297 2296 2298
f 2297 2298 2299
f 2297 2299 2301
f 2299 2300 2303
f 2299 2303 2302
f 2301 2299 2302
f 2301 2302 2305
f 2302 2303 2398
f 2302 2398 2304
f 2305 2302 2304
f 2305 2304 2306
f 2307 2308 3882
f 2307 3882 3886
f 2307 3886 2301
f 2307 2301 2305
f 2311 2309 2307
f 2311 2307 2305
f 2311 2305 2306
f 3873 2308 2307
f 3873 2307 2309
f 3873 2309 2310
f 3873 2310 3872
f 2309 2311 2312
f 2309 2312 2313
f 2309 2313 3074
f 2309 3074 3069
f 2309 3069 3080
f 2309 3080 3079
f 2309 3079 3081
f 2309 3081 3082
f 2309 3082 3083
f 2309 3083 3087
f 2309 3087 3090
f 2309 3090 3091
f 2309 3091 3092
f 2309 3092 3093
f 2309 3093 2310
f 2374 2315 2314
f 2374 2314 2312
f 2374 2312 2311
f 2374 2311 2306
f 2374 2306 2376
f 2374 2376 2375
f 2316 2186 2312
f 2316 2312 2314
f 2313 2312 2186
f 2313 2186 3075
f 2314 2315 2317
f 2314 2317 2316
f 2315 2374 2373
f 2315 2373 2319
f 2315 2319 2318
f 2315 2318 2317
f 2321 2320 2318
f 2321 2318 2319
f 2321 2319 2370
f 2321 2370 2369
f 2321 2369 2366
f 2321 2366 2367
f 2320 2322 2191
f 2320 2191 2189
f 2321 2323 2322
f 2321 2322 2320
f 2323 2326 2324
f 2323 2324 2322
f 2324 2326 2328
f 2324 2328 2325
f 2192 2324 2325
f 2192 2325 2526
f 2192 2526 2525
f 3006 2327 2326
f 3006 2326 2323
f 2326 2327 2331
f 2326 2331 2329
f 2326 2329 2328
f 2330 2528 2527
f 2330 2527 2526
f 2330 2526 2325
f 2330 2325 2328
f 2330 2328 2329
f 2330 2329 2331
f 2330 2331 2332
f 2330 2332 2334
f 2330 2334 2335
f 2327 2333 2332
f 2327 2332 2331
f 2333 2338 2336
f 2333 2336 2334
f 2333 2334 2332
f 3597 3604 2335
f 3597 2335 2334
f 3597 2334 2336
f 3597 2336 2337
f 2338 2339 3624
f 2338 3624 2337
f 2338 2337 2336
f 2342 3513 2339
f 2342 2339 2338
f 2342 2338 2340
f 2340 2338 2333
f 2340 2333 2341
f 2343 2340 2341
f 2343 2341 2344
f 2345 2342 2340
f 2345 2340 2343
f 2343 2344 2952
f 2343 2952 2951
f 2343 2951 2347
f 2343 2347 2346
f 2345 2343 2346
f 2345 2346 2348
f 2345 2348 2349
f 2345 2349 3645
f 2345 3645 3644
f 2345 3644 3643
f 2345 3643 3642
f 2345 3642 3639
f 2345 3639 3638
f 2345 3638 3640
f 2345 3640 3641
f 2345 3641 3635
f 2345 3635 3634
f 2345 3634 3633
f 2345 3633 3632
f 2345 3632 3631
f 2345 3631 3630
f 2345 3630 3629
f 2345 3629 3628
f 2345 3628 3627
f 2345 3627 3626
f 2350 2348 2346
f 2350 2346 2347
f 2350 2347 3002
f 2350 3002 3001
f 2350 3001 3000
f 2350 3000 2999
f 2350 2999 2996
f 2350 2996 2994
f 2350 2994 2992
f 2350 2992 2990
f 2350 2990 2357
f 2350 2357 2356
f 2350 2356 2354
f 2350 2354 2353
f 2350 2351 3625
f 2350 3625 3510
f 2350 3510 3626
f 2350 3626 3627
f 2350 3627 3628
f 2350 3628 3629
f 2350 3629 3630
f 2350 3630 3631
f 2350 3631 3632
f 2350 3632 3633
f 2350 3633 3634
f 2350 3634 3636
f 2350 3636 3637
f 2350 3637 3638
f 2350 3638 3639
f 2350 3639 3642
f 2350 3642 3643
f 2350 3643 3644
f 2350 3644 3645
f 2350 3645 2349
f 2350 2349 2348
f 3488 3648 3647
f 3488 3647 2351
f 3488 2351 2350
f 3488 2350 2352
f 3488 2352 3012
f 3488 3012 3013
f 3488 3013 3014
f 3488 3014 3016
f 3488 3016 3018
f 3488 3018 3019
f 2350 2353 2352
f 2355 3009 3008
f 2355 3008 3010
f 2355 3010 3012
f 2355 3012 2352
f 2355 2352 2353
f 2355 2353 2354
f 2359 2988 2355
f 2359 2355 2354
f 2359 2354 2356
f 2359 2356 2358
f 2357 2985 2984
f 2357 2984 2983
f 2357 2983 2361
f 2357 2361 2360
f 2357 2360 2358
f 2357 2358 2356
f 2363 2980 2359
f 2363 2359 2358
f 2363 2358 2360
f 2363 2360 2362
f 2364 2362 2360
f 2364 2360 2361
f 2364 2361 2975
f 2364 2975 2365
f 2362 2364 2366
f 2362 2366 2368
f 2362 2368 3005
f 2362 3005 2363
f 2365 2367 2366
f 2365 2366 2364
f 2371 2368 2366
f 2371 2366 2369
f 2372 2371 2369
f 2372 2369 2370
f 2978 3004 2368
f 2978 2368 2371
f 2978 2371 2372
f 2978 2372 2373
f 2978 2373 2374
f 2978 2374 2375
f 2978 2375 2377
f 2373 2372 2370
f 2373 2370 2319
f 2376 2380 2378
f 2376 2378 2375
f 2375 2378 2381
f 2375 2381 2377
f 2304 2398 2379
f 2304 2379 2378
f 2304 2378 2380
f 2378 2379 2382
f 2378 2382 2381
f 2377 2381 2383
f 2377 2383 2384
f 2381 2382 2386
f 2381 2386 2383
f 2384 2383 2385
f 2384 2385 2945
f 2383 2386 2387
f 2383 2387 2385
f 2388 2389 2387
f 2388 2387 2386
f 2392 2390 2388
f 2392 2388 2386
f 2392 2386 2382
f 2912 2911 2389
f 2912 2389 2388
f 2912 2388 2390
f 2912 2390 2391
f 2390 2392 2393
f 2390 2393 2394
f 2390 2394 2395
f 2390 2395 2917
f 2390 2917 2391
f 2393 2392 2382
f 2393 2382 2379
f 2396 2394 2393
f 2396 2393 2379
f 2396 2379 2398
f 2401 2395 2394
f 2401 2394 2396
f 2401 2396 2397
f 2401 2397 2400
f 2399 2397 2396
f 2399 2396 2398
f 2399 2398 2303
f 2397 2399 3871
f 2397 3871 2402
f 2397 2402 2400
f 2403 2405 2406
f 2403 2406 3867
f 2403 3867 3866
f 2403 3866 3861
f 2403 3861 3860
f 2403 3860 3858
f 2403 3858 3856
f 2403 3856 2545
f 2403 2545 2544
f 2403 2544 2546
f 2403 2546 2553
f 2403 2553 2401
f 2403 2401 2400
f 2419 2418 2415
f 2419 2415 2413
f 2419 2413 2404
f 2419 2404 2403
f 2419 2403 2400
f 2419 2400 2402
f 2405 2403 2404
f 2405 2404 2411
f 2405 2411 2409
f 2405 2409 2407
f 2406 2405 2407
f 2406 2407 2408
f 2410 2529 2530
f 2410 2530 2532
f 2410 2532 2542
f 2410 2542 2543
f 2410 2543 3857
f 2410 3857 3859
f 2410 3859 3862
f 2410 3862 3863
f 2410 3863 3864
f 2410 3864 3865
f 2410 3865 2408
f 2410 2408 2407
f 2410 2407 2409
f 2501 2410 2409
f 2501 2409 2411
f 2501 2411 2412
f 2501 2412 2414
f 2501 2414 2416
f 2501 2416 2417
f 2404 2413 2412
f 2404 2412 2411
f 2413 2415 2414
f 2413 2414 2412
f 2415 2418 2416
f 2415 2416 2414
f 2418 2419 2420
f 2418 2420 2421
f 2418 2421 2417
f 2418 2417 2416
f 2425 2422 2420
f 2425 2420 2419
f 2425 2419 2402
f 2420 2422 2423
f 2420 2423 2421
f 2478 2423 2422
f 2478 2422 2424
f 2450 2452 2453
f 2450 2453 2466
f 2450 2466 2467
f 2450 2467 2468
f 2450 2468 2469
f 2450 2469 2474
f 2450 2474 2475
f 2450 2475 2476
f 2450 2476 2424
f 2450 2424 2422
f 2450 2422 2425
f 2450 2425 2426
f 2450 2426 2427
f 2450 2427 2448
f 2450 2448 2447
f 2450 2447 2446
f 2450 2446 2445
f 2450 2445 2444
f 2450 2444 2443
f 2450 2443 2442
f 2450 2442 2441
f 2450 2441 2440
f 2450 2440 2439
f 2450 2439 2438
f 2450 2438 2437
f 2450 2437 2436
f 2450 2436 2435
f 2450 2435 2434
f 2450 2434 2433
f 2450 2433 2432
f 2450 2432 2431
f 2450 2431 2429
f 2450 2429 2430
f 3871 2449 2430
f 3871 2430 2429
f 3871 2429 2428
f 3871 2428 2426
f 3871 2426 2425
f 3871 2425 2402
f 2429 2431 2432
f 2429 2432 2433
f 2429 2433 2434
f 2429 2434 2435
f 2429 2435 2436
f 2429 2436 2437
f 2429 2437 2438
f 2429 2438 2439
f 2429 2439 2440
f 2429 2440 2441
f 2429 2441 2442
f 2429 2442 2443
f 2429 2443 2444
f 2429 2444 2445
f 2429 2445 2446
f 2429 2446 2447
f 2429 2447 2448
f 2429 2448 2427
f 2429 2427 2426
f 2429 2426 2428
f 2236 2451 2450
f 2236 2450 2430
f 2236 2430 2449
f 2236 2449 2300
f 2454 2452 2450
f 2454 2450 2451
f 2457 2453 2452
f 2457 2452 2454
f 2457 2454 2455
f 2455 2456 2291
f 2455 2291 2459
f 2455 2459 2458
f 2455 2458 2457
f 2460 2461 2462
f 2460 2462 2453
f 2460 2453 2457
f 2460 2457 2458
f 2458 2459 2263
f 2458 2263 2460
f 2261 2484 2485
f 2261 2485 2486
f 2261 2486 2487
f 2261 2487 2488
f 2261 2488 2489
f 2261 2489 2490
f 2261 2490 2491
f 2261 2491 2492
f 2261 2492 2493
f 2261 2493 2494
f 2261 2494 2495
f 2261 2495 2496
f 2261 2496 2479
f 2261 2479 2463
f 2261 2463 2462
f 2261 2462 2461
f 2481 2497 2523
f 2481 2523 2522
f 2481 2522 2521
f 2481 2521 2520
f 2481 2520 2519
f 2481 2519 2518
f 2481 2518 2517
f 2481 2517 2516
f 2481 2516 2515
f 2481 2515 2514
f 2481 2514 2513
f 2481 2513 2512
f 2481 2512 2511
f 2481 2511 2510
f 2481 2510 2509
f 2481 2509 2508
f 2481 2508 2507
f 2481 2507 2506
f 2481 2506 2505
f 2481 2505 2503
f 2481 2503 2502
f 2481 2502 2423
f 2481 2423 2478
f 2481 2478 2477
f 2481 2477 2473
f 2481 2473 2472
f 2481 2472 2471
f 2481 2471 2470
f 2481 2470 2465
f 2481 2465 2464
f 2481 2464 2462
f 2481 2462 2463
f 2481 2463 2480
f 2466 2453 2462
f 2466 2462 2464
f 2467 2466 2464
f 2467 2464 2465
f 2468 2467 2465
f 2468 2465 2470
f 2469 2468 2470
f 2469 2470 2471
f 2474 2469 2471
f 2474 2471 2472
f 2475 2474 2472
f 2475 2472 2473
f 2476 2475 2473
f 2476 2473 2477
f 2424 2476 2477
f 2424 2477 2478
f 2482 2480 2463
f 2482 2463 2479
f 2482 2479 2496
f 2482 2496 2495
f 2482 2495 2494
f 2482 2494 2493
f 2482 2493 2492
f 2482 2492 2491
f 2482 2491 2490
f 2482 2490 2489
f 2482 2489 2488
f 2482 2488 2487
f 2482 2487 2486
f 2482 2486 2485
f 2482 2485 2484
f 2196 2498 2481
f 2196 2481 2480
f 2196 2480 2482
f 2196 2482 2483
f 2501 2502 2503
f 2501 2503 2504
f 2501 2504 2497
f 2501 2497 2481
f 2501 2481 2498
f 2501 2498 2499
f 2196 2194 2500
f 2196 2500 2499
f 2196 2499 2498
f 2410 2501 2499
f 2410 2499 2500
f 2410 2500 2524
f 2501 2417 2421
f 2501 2421 2423
f 2501 2423 2502
f 2503 2505 2506
f 2503 2506 2507
f 2503 2507 2508
f 2503 2508 2509
f 2503 2509 2510
f 2503 2510 2511
f 2503 2511 2512
f 2503 2512 2513
f 2503 2513 2514
f 2503 2514 2515
f 2503 2515 2516
f 2503 2516 2517
f 2503 2517 2518
f 2503 2518 2519
f 2503 2519 2520
f 2503 2520 2521
f 2503 2521 2522
f 2503 2522 2523
f 2503 2523 2497
f 2503 2497 2504
f 2194 2192 2525
f 2194 2525 2524
f 2194 2524 2500
f 2410 2524 2525
f 2410 2525 2526
f 2410 2526 2527
f 2410 2527 2529
f 2528 3854 2531
f 2528 2531 2530
f 2528 2530 2529
f 2528 2529 2527
f 2741 2535 2534
f 2741 2534 2533
f 2741 2533 2530
f 2741 2530 2531
f 2741 2531 2742
f 2536 2539 2532
f 2536 2532 2530
f 2536 2530 2533
f 2536 2533 2534
f 2537 2536 2534
f 2537 2534 2535
f 2537 2535 2736
f 2536 2537 3811
f 2536 3811 3810
f 2536 3810 2538
f 2539 2536 2538
f 2539 2538 3855
f 2539 3855 2541
f 2539 2541 2540
f 2539 2540 2542
f 2539 2542 2532
f 2547 2544 2542
f 2547 2542 2540
f 2547 2540 2541
f 2543 2542 2544
f 2543 2544 2545
f 2546 2544 2547
f 2546 2547 2548
f 2546 2548 2550
f 2549 2548 2547
f 2549 2547 2541
f 2549 2541 3855
f 2548 2549 3809
f 2548 3809 3808
f 2548 3808 2551
f 2548 2551 2550
f 2552 2553 2546
f 2552 2546 2550
f 2556 2554 2552
f 2556 2552 2550
f 2556 2550 2551
f 2920 2919 2553
f 2920 2553 2552
f 2920 2552 2554
f 2920 2554 2555
f 2554 2556 2557
f 2554 2557 2559
f 2554 2559 2561
f 2554 2561 2555
f 2558 2557 2556
f 2558 2556 2551
f 2558 2551 3804
f 2559 2557 2558
f 2559 2558 3814
f 2559 3814 3815
f 2559 3815 2560
f 3820 2563 2562
f 3820 2562 2561
f 3820 2561 2559
f 3820 2559 2560
f 2561 2562 2564
f 2561 2564 2565
f 2561 2565 2555
f 2564 2562 2563
f 2564 2563 2567
f 2564 2567 2566
f 2568 2921 2565
f 2568 2565 2564
f 2568 2564 2566
f 2571 2569 2566
f 2571 2566 2567
f 2570 2913 2568
f 2570 2568 2566
f 2570 2566 2569
f 2572 2573 2944
f 2572 2944 2570
f 2572 2570 2569
f 2574 2572 2569
f 2574 2569 2571
f 3655 3653 2811
f 3655 2811 2814
f 3655 2814 2815
f 3655 2815 2816
f 3655 2816 2573
f 3655 2573 2572
f 3655 2572 2574
f 3655 2574 2575
f 3655 2575 2577
f 3655 2577 2578
f 2575 2574 2571
f 2575 2571 3821
f 2575 3821 2576
f 2579 2577 2575
f 2579 2575 2576
f 2581 3657 2578
f 2581 2578 2577
f 2581 2577 2580
f 2582 2580 2577
f 2582 2577 2579
f 2582 2579 3824
f 2586 2781 3662
f 2586 3662 3661
f 2586 3661 2795
f 2586 2795 2581
f 2586 2581 2580
f 2586 2580 2583
f 2586 2583 2585
f 2583 2580 2582
f 2583 2582 2584
f 2587 2585 2583
f 2587 2583 2584
f 2587 2584 2588
f 2585 2587 2589
f 2585 2589 2591
f 2585 2591 3694
f 2585 3694 3693
f 2585 3693 3690
f 2585 3690 3688
f 2585 3688 3686
f 2585 3686 3682
f 2585 3682 3681
f 2585 3681 3679
f 2585 3679 3677
f 2585 3677 3675
f 2585 3675 3673
f 2585 3673 3672
f 2585 3672 3671
f 2585 3671 3668
f 2585 3668 3664
f 2585 3664 3663
f 2585 3663 2778
f 2585 2778 2777
f 2585 2777 2586
f 3748 2621 2620
f 3748 2620 2618
f 3748 2618 2616
f 3748 2616 2614
f 3748 2614 2613
f 3748 2613 2612
f 3748 2612 2609
f 3748 2609 2607
f 3748 2607 2603
f 3748 2603 2602
f 3748 2602 2601
f 3748 2601 2600
f 3748 2600 2595
f 3748 2595 2594
f 3748 2594 2592
f 3748 2592 2589
f 3748 2589 2587
f 3748 2587 2588
f 2591 2589 2590
f 2591 2590 3695
f 2593 2590 2589
f 2593 2589 2592
f 2592 2594 2596
f 2592 2596 2593
f 2594 2595 2597
f 2594 2597 2596
f 2768 2772 2590
f 2768 2590 2593
f 2768 2593 2596
f 2768 2596 2597
f 2768 2597 2598
f 2768 2598 2599
f 2768 2599 2604
f 2768 2604 2605
f 2768 2605 2606
f 2768 2606 2608
f 2768 2608 2610
f 2768 2610 2611
f 2768 2611 2615
f 2768 2615 2617
f 2768 2617 2619
f 2768 2619 2622
f 2768 2622 2623
f 2768 2623 2624
f 2600 2598 2597
f 2600 2597 2595
f 2601 2599 2598
f 2601 2598 2600
f 2604 2599 2601
f 2604 2601 2602
f 2602 2603 2605
f 2602 2605 2604
f 2603 2607 2606
f 2603 2606 2605
f 2607 2609 2608
f 2607 2608 2606
f 2609 2612 2610
f 2609 2610 2608
f 2612 2613 2611
f 2612 2611 2610
f 2613 2614 2615
f 2613 2615 2611
f 2614 2616 2617
f 2614 2617 2615
f 2619 2617 2616
f 2619 2616 2618
f 2618 2620 2622
f 2618 2622 2619
f 2621 2623 2622
f 2621 2622 2620
f 3853 2624 2623
f 3853 2623 2625
f 3853 2625 2627
f 2626 2625 2623
f 2626 2623 2621
f 2630 2628 2625
f 2630 2625 2626
f 2630 2626 2633
f 2630 2633 2632
f 2629 2627 2625
f 2629 2625 2628
f 3707 2629 2628
f 3707 2628 2630
f 3707 2630 2631
f 2632 2634 2636
f 2632 2636 2638
f 2632 2638 2640
f 2632 2640 2641
f 2632 2641 2631
f 2632 2631 2630
f 2634 2632 2633
f 2634 2633 3745
f 2634 3745 2635
f 2636 2634 2635
f 2636 2635 2637
f 2639 2638 2636
f 2639 2636 2637
f 2639 2637 2668
f 2638 2639 2667
f 2638 2667 2643
f 2638 2643 2642
f 2638 2642 2640
f 2644 2646 2641
f 2644 2641 2640
f 2644 2640 2642
f 2647 2644 2642
f 2647 2642 2643
f 2647 2643 2649
f 2646 2644 2645
f 2646 2645 3706
f 2644 2647 2650
f 2644 2650 2645
f 2647 2648 2651
f 2647 2651 2650
f 2648 2647 2649
f 2648 2649 2661
f 2645 2650 2651
f 2645 2651 2652
f 2645 2652 3710
f 2651 2653 2654
f 2651 2654 3828
f 2651 3828 2652
f 2648 2655 2653
f 2648 2653 2651
f 2655 2656 2654
f 2655 2654 2653
f 2655 2648 2661
f 2655 2661 2659
f 2655 2659 2657
f 2656 2655 2657
f 2656 2657 2658
f 2660 2662 2680
f 2660 2680 2681
f 2660 2681 2682
f 2660 2682 2658
f 2660 2658 2657
f 2660 2657 2659
f 2667 2665 2663
f 2667 2663 2660
f 2667 2660 2659
f 2667 2659 2661
f 2667 2661 2649
f 2667 2649 2643
f 2662 2660 2663
f 2662 2663 2664
f 2662 2664 2679
f 2663 2665 2666
f 2663 2666 2664
f 2665 2667 2639
f 2665 2639 2668
f 2665 2668 2666
f 2669 2672 2664
f 2669 2664 2666
f 2669 2666 2668
f 2671 2669 2668
f 2671 2668 2637
f 2671 2637 2635
f 2670 2673 2672
f 2670 2672 2669
f 3739 2670 2669
f 3739 2669 2671
f 2673 2675 2674
f 2673 2674 2672
f 2672 2674 2677
f 2672 2677 2679
f 2672 2679 2664
f 2675 3772 2676
f 2675 2676 2674
f 2676 2686 2678
f 2676 2678 2677
f 2676 2677 2674
f 2683 2681 2680
f 2683 2680 2677
f 2683 2677 2678
f 2680 2662 2679
f 2680 2679 2677
f 2681 2683 2684
f 2681 2684 2685
f 2681 2685 3833
f 2681 3833 2682
f 2686 2684 2683
f 2686 2683 2678
f 2687 2690 2685
f 2687 2685 2684
f 2688 2687 2684
f 2688 2684 2686
f 2689 2687 2688
f 2689 2688 3768
f 2693 2692 2690
f 2693 2690 2687
f 2693 2687 2689
f 2693 2689 2706
f 3830 2685 2690
f 3830 2690 2691
f 2694 2691 2690
f 2694 2690 2692
f 2696 2694 2692
f 2696 2692 2693
f 2696 2693 2702
f 2696 2702 2701
f 2696 2701 2699
f 2694 2696 2697
f 2694 2697 2695
f 2694 2695 3829
f 2694 3829 2691
f 2697 2696 2698
f 2697 2698 3852
f 2697 3852 3851
f 2696 2699 2700
f 2696 2700 2721
f 2696 2721 2698
f 2703 2704 2708
f 2703 2708 2700
f 2703 2700 2699
f 2703 2699 2701
f 2705 2703 2701
f 2705 2701 2702
f 2704 2703 2705
f 2704 2705 2706
f 2704 2706 2689
f 2704 2689 3768
f 2704 3768 2707
f 2706 2705 2702
f 2706 2702 2693
f 3775 2709 2708
f 3775 2708 2704
f 3775 2704 2707
f 2716 2718 2700
f 2716 2700 2708
f 2716 2708 2710
f 2716 2710 2712
f 2716 2712 2714
f 2710 2708 2709
f 2710 2709 2711
f 2712 2710 2711
f 2712 2711 2713
f 2715 2714 2712
f 2715 2712 2713
f 2715 2713 3781
f 2714 2715 3782
f 2714 3782 3783
f 2714 3783 3784
f 2714 3784 2726
f 2714 2726 2725
f 2714 2725 2724
f 2714 2724 2717
f 2714 2717 2716
f 2722 2719 2718
f 2722 2718 2716
f 2722 2716 2717
f 2719 2721 2700
f 2719 2700 2718
f 2720 2719 2722
f 2720 2722 2723
f 2719 2720 3852
f 2719 3852 2698
f 2719 2698 2721
f 2727 2723 2722
f 2727 2722 2724
f 2727 2724 2725
f 2722 2717 2724
f 2728 2727 2725
f 2728 2725 2726
f 2728 2726 3787
f 2728 3787 3788
f 2728 3788 3789
f 2728 3789 3790
f 2728 3790 3795
f 2728 3795 3796
f 2728 3796 3797
f 2729 2727 2728
f 2729 2728 2730
f 2731 2723 2727
f 2731 2727 2729
f 2729 2730 2734
f 2729 2734 2732
f 2731 2729 2732
f 2731 2732 2733
f 2731 2733 3849
f 2738 2733 2732
f 2738 2732 2734
f 2738 2734 2735
f 2738 2735 2737
f 2730 2537 2736
f 2730 2736 2735
f 2730 2735 2734
f 2741 2739 2737
f 2741 2737 2735
f 2741 2735 2736
f 2741 2736 2535
f 2738 2737 2739
f 2738 2739 2740
f 2738 2740 3847
f 2738 3847 3846
f 2741 2743 2744
f 2741 2744 2740
f 2741 2740 2739
f 2741 2742 2745
f 2741 2745 2743
f 2749 2744 2743
f 2749 2743 2745
f 2749 2745 2747
f 3854 2746 2745
f 3854 2745 2742
f 3854 2742 2531
f 3601 2748 2747
f 3601 2747 2745
f 3601 2745 2746
f 3601 2746 3602
f 2751 2749 2747
f 2751 2747 2748
f 2751 2748 2752
f 2750 2749 2751
f 2750 2751 2754
f 2749 2750 3847
f 2749 3847 2740
f 2749 2740 2744
f 2751 2752 3599
f 2751 3599 3605
f 2751 3605 2753
f 2754 2751 2753
f 2754 2753 2755
f 2757 2756 2754
f 2757 2754 2755
f 2757 2755 3660
f 2758 2750 2754
f 2758 2754 2756
f 2756 2757 2762
f 2756 2762 2761
f 2756 2761 2759
f 2758 2756 2759
f 2758 2759 2760
f 2758 2760 3842
f 2763 2765 2760
f 2763 2760 2759
f 2763 2759 2761
f 2761 2762 2805
f 2761 2805 2764
f 2761 2764 2763
f 2766 2763 2764
f 2766 2764 2769
f 2766 2767 2765
f 2766 2765 2763
f 2766 2768 3696
f 2766 3696 2767
f 2768 2766 2769
f 2768 2769 2770
f 2768 2770 2772
f 2770 2769 2764
f 2770 2764 2802
f 2770 2802 2801
f 2770 2801 2789
f 2770 2789 2773
f 2770 2773 2771
f 2771 2774 2775
f 2771 2775 3665
f 2771 3665 3666
f 2771 3666 3667
f 2771 3667 3669
f 2771 3669 3670
f 2771 3670 3674
f 2771 3674 3676
f 2771 3676 3678
f 2771 3678 3680
f 2771 3680 3683
f 2771 3683 3684
f 2771 3684 3685
f 2771 3685 3687
f 2771 3687 3689
f 2771 3689 3691
f 2771 3691 3692
f 2771 3692 3695
f 2771 3695 2590
f 2771 2590 2772
f 2771 2772 2770
f 2782 2776 2774
f 2782 2774 2771
f 2782 2771 2773
f 2775 2774 2777
f 2775 2777 2778
f 2779 2777 2774
f 2779 2774 2776
f 2781 2586 2777
f 2781 2777 2779
f 2781 2779 2780
f 2776 2782 2780
f 2776 2780 2779
f 3661 3662 2781
f 3661 2781 2780
f 3661 2780 2783
f 3661 2783 2785
f 3661 2785 2786
f 2783 2780 2782
f 2783 2782 2784
f 2785 2783 2784
f 2785 2784 2787
f 2792 2786 2785
f 2792 2785 2787
f 2792 2787 2788
f 2792 2788 2790
f 2788 2787 2784
f 2788 2784 2782
f 2788 2782 2773
f 2788 2773 2789
f 2800 2791 2790
f 2800 2790 2788
f 2800 2788 2789
f 2800 2789 2801
f 2793 2792 2790
f 2793 2790 2791
f 2786 2792 2793
f 2786 2793 2794
f 2786 2794 2795
f 2786 2795 3661
f 2796 2794 2793
f 2796 2793 2791
f 2796 2791 2800
f 2796 2800 2798
f 2794 2796 2797
f 2794 2797 3658
f 2794 3658 3656
f 2794 3656 3657
f 2794 3657 2581
f 2794 2581 2795
f 2797 2796 2798
f 2797 2798 2799
f 2801 2802 2803
f 2801 2803 3659
f 2801 3659 2799
f 2801 2799 2798
f 2801 2798 2800
f 2764 2805 2804
f 2764 2804 2802
f 2803 2802 2804
f 2803 2804 2807
f 2813 2812 2806
f 2813 2806 2804
f 2813 2804 2805
f 2813 2805 3660
f 2813 3660 2755
f 2813 2755 2753
f 2813 2753 3605
f 2813 3605 2817
f 2809 2807 2804
f 2809 2804 2806
f 3656 2803 2807
f 3656 2807 2808
f 2808 2807 2809
f 2808 2809 2810
f 2808 2810 2811
f 2808 2811 3654
f 2806 2812 2810
f 2806 2810 2809
f 2810 2812 2814
f 2810 2814 2811
f 2813 2815 2814
f 2813 2814 2812
f 2815 2813 2817
f 2815 2817 2816
f 2816 2817 2819
f 2816 2819 2818
f 2923 2924 2925
f 2923 2925 2926
f 2923 2926 2927
f 2923 2927 2928
f 2923 2928 2929
f 2923 2929 2930
f 2923 2930 2931
f 2923 2931 2932
f 2923 2932 2933
f 2923 2933 2934
f 2923 2934 2935
f 2923 2935 2936
f 2923 2936 2937
f 2923 2937 2938
f 2923 2938 2939
f 2923 2939 2940
f 2923 2940 2941
f 2923 2941 2942
f 2923 2942 2922
f 2923 2922 2943
f 2923 2943 2573
f 2923 2573 2816
f 2923 2816 2818
f 2923 2818 2821
f 2923 2821 2822
f 3580 2820 2818
f 3580 2818 2819
f 3580 2819 3579
f 2825 2823 2821
f 2825 2821 2818
f 2825 2818 2820
f 2824 2822 2821
f 2824 2821 2823
f 2823 2825 2826
f 2823 2826 2827
f 2823 2827 2900
f 2823 2900 2824
f 2820 3580 2829
f 2820 2829 2828
f 2820 2828 2826
f 2820 2826 2825
f 2826 2828 2830
f 2826 2830 2832
f 2826 2832 2833
f 2826 2833 2827
f 2829 3576 3575
f 2829 3575 2831
f 2829 2831 2830
f 2829 2830 2828
f 2830 2831 2838
f 2830 2838 2836
f 2830 2836 2834
f 2830 2834 2832
f 2833 2832 2834
f 2833 2834 2835
f 2833 2835 2895
f 2834 2836 2837
f 2834 2837 3652
f 2834 3652 2835
f 2837 2836 2839
f 2837 2839 2840
f 2837 2840 2841
f 2837 2841 2842
f 2837 2842 2843
f 2837 2843 2844
f 2837 2844 2845
f 2837 2845 2846
f 2837 2846 2847
f 2837 2847 2848
f 2837 2848 2849
f 2837 2849 2850
f 2837 2850 2851
f 2837 2851 2852
f 2837 2852 2855
f 2853 2852 2851
f 2853 2851 2850
f 2853 2850 2849
f 2853 2849 2848
f 2853 2848 2847
f 2853 2847 2846
f 2853 2846 2845
f 2853 2845 2844
f 2853 2844 2843
f 2853 2843 2842
f 2853 2842 2841
f 2853 2841 2840
f 2853 2840 2839
f 2853 2839 2836
f 2853 2836 2838
f 2853 2838 3333
f 2853 3333 3331
f 2853 3331 3329
f 2853 3329 3327
f 2853 3327 3326
f 2853 3326 3325
f 2853 3325 3322
f 2853 3322 3318
f 2853 3318 3317
f 2853 3317 3315
f 2853 3315 3313
f 2853 3313 3311
f 2853 3311 3302
f 3219 2854 2852
f 3219 2852 2853
f 3219 2853 3221
f 3219 3221 3220
f 2856 2855 2852
f 2856 2852 2854
f 2856 2854 2857
f 2855 2856 2858
f 2855 2858 2859
f 2855 2859 3652
f 2855 3652 2837
f 2862 2861 2858
f 2862 2858 2856
f 2862 2856 2857
f 3652 2859 2858
f 3652 2858 2860
f 3652 2860 2891
f 3652 2891 2835
f 2863 2865 2867
f 2863 2867 2860
f 2863 2860 2858
f 2863 2858 2861
f 2861 2862 3214
f 2861 3214 2864
f 2861 2864 2863
f 2865 2863 2864
f 2865 2864 3651
f 2865 3651 2866
f 2888 2887 2886
f 2888 2886 2885
f 2888 2885 2884
f 2888 2884 2883
f 2888 2883 2882
f 2888 2882 2880
f 2888 2880 2879
f 2888 2879 2878
f 2888 2878 2877
f 2888 2877 2875
f 2888 2875 2874
f 2888 2874 2873
f 2888 2873 2872
f 2888 2872 2871
f 2888 2871 2870
f 2888 2870 2869
f 2888 2869 2868
f 2888 2868 2867
f 2888 2867 2865
f 2888 2865 2866
f 2888 2866 3007
f 2860 2867 2868
f 2860 2868 2869
f 2860 2869 2870
f 2860 2870 2871
f 2860 2871 2872
f 2860 2872 2873
f 2860 2873 2874
f 2860 2874 2875
f 2860 2875 2876
f 2860 2876 2879
f 2860 2879 2880
f 2860 2880 2881
f 2860 2881 2883
f 2860 2883 2884
f 2860 2884 2885
f 2860 2885 2886
f 2860 2886 2887
f 2860 2887 2889
f 2860 2889 2891
f 2887 2888 2946
f 2887 2946 2890
f 2887 2890 2889
f 2890 2893 2892
f 2890 2892 2889
f 2889 2892 2894
f 2889 2894 2891
f 2893 2898 2896
f 2893 2896 2894
f 2893 2894 2892
f 2891 2894 2895
f 2891 2895 2835
f 2894 2896 2899
f 2894 2899 2895
f 2897 2902 2901
f 2897 2901 2899
f 2897 2899 2896
f 2910 2909 2897
f 2910 2897 2896
f 2910 2896 2898
f 2900 2827 2833
f 2900 2833 2895
f 2900 2895 2899
f 2901 2822 2824
f 2901 2824 2900
f 2901 2900 2899
f 2905 2923 2822
f 2905 2822 2901
f 2905 2901 2902
f 2905 2902 2903
f 2902 2897 2909
f 2902 2909 2906
f 2902 2906 2903
f 2943 2922 2905
f 2943 2905 2903
f 2943 2903 2904
f 2906 2908 2904
f 2906 2904 2903
f 2909 2910 2911
f 2909 2911 2912
f 2909 2912 2907
f 2909 2907 2906
f 2907 2916 2914
f 2907 2914 2908
f 2907 2908 2906
f 2389 2911 2910
f 2389 2910 2898
f 2389 2898 2387
f 2916 2907 2912
f 2916 2912 2391
f 2916 2391 2917
f 2913 2570 2944
f 2913 2944 2904
f 2913 2904 2908
f 2914 2915 2921
f 2914 2921 2568
f 2914 2568 2913
f 2914 2913 2908
f 2915 2914 2916
f 2915 2916 2917
f 2915 2917 2918
f 2395 2401 2553
f 2395 2553 2919
f 2395 2919 2918
f 2395 2918 2917
f 2919 2920 2921
f 2919 2921 2915
f 2919 2915 2918
f 2565 2921 2920
f 2565 2920 2555
f 2922 2942 2941
f 2922 2941 2940
f 2922 2940 2939
f 2922 2939 2938
f 2922 2938 2937
f 2922 2937 2936
f 2922 2936 2935
f 2922 2935 2934
f 2922 2934 2933
f 2922 2933 2932
f 2922 2932 2931
f 2922 2931 2930
f 2922 2930 2929
f 2922 2929 2928
f 2922 2928 2927
f 2922 2927 2926
f 2922 2926 2925
f 2922 2925 2924
f 2922 2924 2923
f 2922 2923 2905
f 2944 2573 2943
f 2944 2943 2904
f 2385 2387 2898
f 2385 2898 2893
f 2945 2385 2893
f 2945 2893 2890
f 2946 2947 2949
f 2946 2949 2950
f 2946 2950 2945
f 2946 2945 2890
f 3009 2355 2988
f 3009 2988 2987
f 3009 2987 2989
f 3009 2989 2991
f 3009 2991 2993
f 3009 2993 2995
f 3009 2995 2997
f 3009 2997 2998
f 3009 2998 3003
f 3009 3003 2948
f 3009 2948 2947
f 3009 2947 2946
f 3009 2946 2888
f 3009 2888 3007
f 3002 2347 2947
f 3002 2947 2948
f 2949 2947 2347
f 2949 2347 2951
f 2955 2950 2949
f 2955 2949 2951
f 2955 2951 2952
f 2955 2952 2953
f 2344 2961 2960
f 2344 2960 2959
f 2344 2959 2954
f 2344 2954 2953
f 2344 2953 2952
f 2956 2955 2953
f 2956 2953 2954
f 2950 2955 2956
f 2950 2956 2957
f 2950 2957 2958
f 2950 2958 2384
f 2950 2384 2945
f 2957 2956 2954
f 2957 2954 2959
f 2964 2958 2957
f 2964 2957 2959
f 2964 2959 2960
f 2964 2960 2962
f 2961 2321 2367
f 2961 2367 2365
f 2961 2365 2975
f 2961 2975 2974
f 2961 2974 2973
f 2961 2973 2972
f 2961 2972 2969
f 2961 2969 2967
f 2961 2967 2963
f 2961 2963 2962
f 2961 2962 2960
f 2965 2964 2962
f 2965 2962 2963
f 2958 2964 2965
f 2958 2965 2966
f 2958 2966 2968
f 2958 2968 2970
f 2958 2970 2971
f 2958 2971 2976
f 2958 2976 2977
f 2958 2977 2978
f 2958 2978 2377
f 2958 2377 2384
f 2966 2965 2963
f 2966 2963 2967
f 2968 2966 2967
f 2968 2967 2969
f 2970 2968 2969
f 2970 2969 2972
f 2971 2970 2972
f 2971 2972 2973
f 2976 2971 2973
f 2976 2973 2974
f 2974 2975 2977
f 2974 2977 2976
f 2981 2979 2977
f 2981 2977 2975
f 2981 2975 2361
f 2981 2361 2983
f 3004 2978 2977
f 3004 2977 2979
f 3004 2979 2980
f 3004 2980 2363
f 3004 2363 3005
f 2988 2359 2980
f 2988 2980 2979
f 2988 2979 2981
f 2988 2981 2982
f 2988 2982 2986
f 2988 2986 2987
f 2982 2981 2983
f 2982 2983 2984
f 2986 2982 2984
f 2986 2984 2985
f 2989 2987 2986
f 2989 2986 2985
f 2989 2985 2357
f 2989 2357 2990
f 2991 2989 2990
f 2991 2990 2992
f 2993 2991 2992
f 2993 2992 2994
f 2995 2993 2994
f 2995 2994 2996
f 2997 2995 2996
f 2997 2996 2999
f 2998 2997 2999
f 2998 2999 3000
f 3003 2998 3000
f 3003 3000 3001
f 2948 3003 3001
f 2948 3001 3002
f 3005 2368 3004
f 2961 3006 2323
f 2961 2323 2321
f 2344 2341 3006
f 2344 3006 2961
f 2341 2333 2327
f 2341 2327 3006
f 3180 3022 3021
f 3180 3021 3020
f 3180 3020 3017
f 3180 3017 3015
f 3180 3015 3011
f 3180 3011 3010
f 3180 3010 3008
f 3180 3008 3007
f 3180 3007 2866
f 3180 2866 3651
f 3180 3651 3211
f 3180 3211 3183
f 3180 3183 3181
f 3180 3181 3128
f 3180 3128 3134
f 3008 3009 3007
f 3010 3011 3013
f 3010 3013 3012
f 3011 3015 3014
f 3011 3014 3013
f 3015 3017 3016
f 3015 3016 3014
f 3017 3020 3018
f 3017 3018 3016
f 3020 3021 3023
f 3020 3023 3019
f 3020 3019 3018
f 3021 3022 3024
f 3021 3024 3023
f 3026 3486 3487
f 3026 3487 3488
f 3026 3488 3019
f 3026 3019 3023
f 3026 3023 3024
f 3026 3024 3025
f 3022 3180 3028
f 3022 3028 3027
f 3022 3027 3025
f 3022 3025 3024
f 3032 3138 3132
f 3032 3132 3131
f 3032 3131 3130
f 3032 3130 3026
f 3032 3026 3025
f 3032 3025 3027
f 3032 3027 3029
f 3032 3029 3031
f 3028 3030 3029
f 3028 3029 3027
f 3030 3139 3034
f 3030 3034 3033
f 3030 3033 3031
f 3030 3031 3029
f 3036 3143 3142
f 3036 3142 3032
f 3036 3032 3031
f 3036 3031 3033
f 3036 3033 3035
f 3034 3154 3153
f 3034 3153 3039
f 3034 3039 3038
f 3034 3038 3037
f 3034 3037 3035
f 3034 3035 3033
f 3036 3035 3037
f 3175 3174 3170
f 3175 3170 3169
f 3175 3169 3168
f 3175 3168 3167
f 3175 3167 3162
f 3175 3162 3161
f 3175 3161 3160
f 3175 3160 3159
f 3175 3159 3156
f 3175 3156 3148
f 3175 3148 3147
f 3175 3147 3146
f 3175 3146 3036
f 3175 3036 3037
f 3175 3037 3038
f 3175 3038 3040
f 3175 3040 3042
f 3175 3042 3044
f 3175 3044 3045
f 3175 3045 3049
f 3175 3049 3051
f 3175 3051 3053
f 3175 3053 3056
f 3175 3056 3057
f 3175 3057 3058
f 3175 3058 3059
f 3175 3059 3063
f 3175 3063 3176
f 3039 3041 3040
f 3039 3040 3038
f 3041 3043 3042
f 3041 3042 3040
f 3043 3046 3044
f 3043 3044 3042
f 3046 3047 3045
f 3046 3045 3044
f 3064 3062 3061
f 3064 3061 3060
f 3064 3060 3055
f 3064 3055 3054
f 3064 3054 3052
f 3064 3052 3050
f 3064 3050 3048
f 3064 3048 3047
f 3064 3047 3046
f 3064 3046 3043
f 3064 3043 3041
f 3064 3041 3039
f 3064 3039 3153
f 3064 3153 3152
f 3064 3152 3150
f 3064 3150 3151
f 3064 3151 3155
f 3064 3155 3157
f 3064 3157 3158
f 3064 3158 3163
f 3064 3163 3164
f 3064 3164 3165
f 3064 3165 3166
f 3064 3166 3171
f 3064 3171 3172
f 3064 3172 3173
f 3064 3173 3065
f 3047 3048 3049
f 3047 3049 3045
f 3048 3050 3051
f 3048 3051 3049
f 3050 3052 3053
f 3050 3053 3051
f 3052 3054 3056
f 3052 3056 3053
f 3054 3055 3057
f 3054 3057 3056
f 3055 3060 3058
f 3055 3058 3057
f 3060 3061 3059
f 3060 3059 3058
f 3061 3062 3063
f 3061 3063 3059
f 3062 3064 3066
f 3062 3066 3067
f 3062 3067 3176
f 3062 3176 3063
f 3069 3068 3066
f 3069 3066 3064
f 3069 3064 3065
f 3069 3065 3178
f 3069 3178 3179
f 3069 3179 3080
f 3066 3068 3070
f 3066 3070 3067
f 3068 3069 3074
f 3068 3074 3073
f 3068 3073 3071
f 3068 3071 3070
f 3072 3076 3177
f 3072 3177 3175
f 3072 3175 3176
f 3072 3176 3067
f 3072 3067 3070
f 3072 3070 3071
f 3074 2313 3075
f 3074 3075 3073
f 3079 3080 3179
f 3079 3179 3076
f 3079 3076 3072
f 3079 3072 3077
f 3081 3079 3077
f 3081 3077 3078
f 3082 3081 3078
f 3082 3078 3084
f 3083 3082 3084
f 3083 3084 3085
f 3087 3083 3085
f 3087 3085 3086
f 3090 3087 3086
f 3090 3086 3088
f 3091 3090 3088
f 3091 3088 3089
f 3092 3091 3089
f 3092 3089 3094
f 3096 3095 3093
f 3096 3093 3092
f 3096 3092 3094
f 3096 3094 2182
f 3096 2182 2170
f 3096 2170 3097
f 3100 2164 3096
f 3100 3096 3097
f 3100 3097 3098
f 3100 3098 3099
f 3099 2151 2149
f 3099 2149 3102
f 3099 3102 3101
f 3099 3101 3100
f 3101 3102 3104
f 3101 3104 3103
f 3104 3102 3106
f 3104 3106 3107
f 3104 3107 3111
f 3104 3111 3112
f 3104 3112 3113
f 3104 3113 2145
f 3104 2145 3105
f 3106 3102 2149
f 3106 2149 3108
f 3107 3106 3108
f 3107 3108 3109
f 3111 3107 3109
f 3111 3109 3110
f 3114 3112 3111
f 3114 3111 3110
f 3114 3110 2143
f 3114 2143 3115
f 3116 3114 3115
f 3116 3115 3118
f 3123 3117 3116
f 3123 3116 3118
f 3123 3118 3119
f 3123 3119 3121
f 3120 3424 3485
f 3120 3485 3486
f 3120 3486 3026
f 3120 3026 3130
f 3120 3130 3129
f 3120 3129 3126
f 3120 3126 3122
f 3120 3122 3121
f 3120 3121 3119
f 3124 3123 3121
f 3124 3121 3122
f 3117 3123 3124
f 3117 3124 3125
f 3117 3125 3127
f 3117 3127 3128
f 3117 3128 3181
f 3117 3181 3182
f 3117 3182 3465
f 3117 3465 3480
f 3125 3124 3122
f 3125 3122 3126
f 3127 3125 3126
f 3127 3126 3129
f 3129 3130 3128
f 3129 3128 3127
f 3133 3134 3128
f 3133 3128 3130
f 3133 3130 3131
f 3135 3133 3131
f 3135 3131 3132
f 3139 3030 3028
f 3139 3028 3180
f 3139 3180 3134
f 3139 3134 3133
f 3139 3133 3135
f 3139 3135 3136
f 3139 3136 3137
f 3136 3135 3132
f 3136 3132 3138
f 3140 3137 3136
f 3140 3136 3138
f 3140 3138 3032
f 3140 3032 3142
f 3154 3034 3139
f 3154 3139 3137
f 3154 3137 3140
f 3154 3140 3141
f 3154 3141 3152
f 3145 3141 3140
f 3145 3140 3142
f 3145 3142 3143
f 3145 3143 3144
f 3036 3146 3144
f 3036 3144 3143
f 3149 3145 3144
f 3149 3144 3146
f 3149 3146 3147
f 3151 3150 3149
f 3151 3149 3147
f 3151 3147 3148
f 3141 3145 3149
f 3141 3149 3150
f 3141 3150 3152
f 3153 3154 3152
f 3155 3151 3148
f 3155 3148 3156
f 3157 3155 3156
f 3157 3156 3159
f 3158 3157 3159
f 3158 3159 3160
f 3163 3158 3160
f 3163 3160 3161
f 3164 3163 3161
f 3164 3161 3162
f 3165 3164 3162
f 3165 3162 3167
f 3166 3165 3167
f 3166 3167 3168
f 3171 3166 3168
f 3171 3168 3169
f 3172 3171 3169
f 3172 3169 3170
f 3173 3172 3170
f 3173 3170 3174
f 3178 3065 3173
f 3178 3173 3174
f 3178 3174 3175
f 3178 3175 3177
f 3179 3178 3177
f 3179 3177 3076
f 3465 3182 3181
f 3465 3181 3184
f 3465 3184 3186
f 3465 3186 3188
f 3465 3188 3190
f 3465 3190 3192
f 3465 3192 3194
f 3465 3194 3195
f 3465 3195 3200
f 3465 3200 3201
f 3465 3201 3202
f 3465 3202 3203
f 3465 3203 3462
f 3465 3462 3463
f 3465 3463 3464
f 3184 3181 3183
f 3184 3183 3185
f 3186 3184 3185
f 3186 3185 3187
f 3188 3186 3187
f 3188 3187 3189
f 3190 3188 3189
f 3190 3189 3191
f 3192 3190 3191
f 3192 3191 3193
f 3194 3192 3193
f 3194 3193 3196
f 3195 3194 3196
f 3195 3196 3197
f 3210 3208 3206
f 3210 3206 3205
f 3210 3205 3204
f 3210 3204 3199
f 3210 3199 3198
f 3210 3198 3197
f 3210 3197 3196
f 3210 3196 3193
f 3210 3193 3191
f 3210 3191 3189
f 3210 3189 3187
f 3210 3187 3185
f 3210 3185 3183
f 3210 3183 3211
f 3200 3195 3197
f 3200 3197 3198
f 3201 3200 3198
f 3201 3198 3199
f 3202 3201 3199
f 3202 3199 3204
f 3203 3202 3204
f 3203 3204 3205
f 3206 3207 3462
f 3206 3462 3203
f 3206 3203 3205
f 3207 3206 3208
f 3207 3208 3209
f 3207 3209 3461
f 3208 3210 3212
f 3208 3212 3213
f 3208 3213 3209
f 3214 3212 3210
f 3214 3210 3211
f 3214 3211 3651
f 3214 3651 2864
f 3212 3214 2862
f 3212 2862 2857
f 3212 2857 3213
f 3215 3216 3458
f 3215 3458 3209
f 3215 3209 3213
f 2854 3219 3217
f 2854 3217 3215
f 2854 3215 3213
f 2854 3213 2857
f 3216 3215 3217
f 3216 3217 3218
f 3216 3218 3481
f 3216 3481 3455
f 3217 3219 3220
f 3217 3220 3222
f 3217 3222 3218
f 3222 3220 3221
f 3222 3221 3308
f 3222 3308 3306
f 3222 3306 3309
f 3222 3309 3290
f 3222 3290 3289
f 3222 3289 3288
f 3222 3288 3282
f 3222 3282 3281
f 3222 3281 3280
f 3222 3280 3279
f 3222 3279 3274
f 3222 3274 3273
f 3222 3273 3272
f 3222 3272 3271
f 3222 3271 3268
f 3222 3268 3264
f 3222 3264 3261
f 3222 3261 3650
f 3222 3650 3224
f 3222 3224 3223
f 3481 3218 3222
f 3481 3222 3223
f 3481 3223 3225
f 3481 3225 3226
f 3481 3226 3400
f 3224 3227 3225
f 3224 3225 3223
f 3227 3228 3226
f 3227 3226 3225
f 3229 3230 3384
f 3229 3384 3379
f 3229 3379 3378
f 3229 3378 3376
f 3229 3376 3374
f 3229 3374 3373
f 3229 3373 3228
f 3229 3228 3227
f 3232 3231 3229
f 3232 3229 3227
f 3232 3227 3224
f 3231 3233 3230
f 3231 3230 3229
f 3235 3233 3231
f 3235 3231 3232
f 3235 3232 3236
f 3246 3234 3233
f 3246 3233 3235
f 3246 3235 3237
f 3246 3237 3238
f 3246 3238 3245
f 3233 3234 3383
f 3233 3383 3230
f 3236 3239 3237
f 3236 3237 3235
f 3239 3240 3238
f 3239 3238 3237
f 3242 3241 3240
f 3242 3240 3239
f 3242 3239 3236
f 3242 3236 3232
f 3242 3232 3224
f 3242 3224 3650
f 3240 3241 3243
f 3240 3243 3245
f 3240 3245 3238
f 3241 3242 3259
f 3241 3259 3258
f 3241 3258 3251
f 3241 3251 3249
f 3241 3249 3244
f 3241 3244 3243
f 3247 3246 3245
f 3247 3245 3243
f 3247 3243 3244
f 3386 3385 3234
f 3386 3234 3246
f 3386 3246 3247
f 3386 3247 3248
f 3386 3248 3250
f 3386 3250 3252
f 3386 3252 3253
f 3248 3247 3244
f 3248 3244 3249
f 3250 3248 3249
f 3250 3249 3251
f 3252 3250 3251
f 3252 3251 3258
f 3252 3258 3256
f 3252 3256 3254
f 3254 3255 3266
f 3254 3266 3286
f 3254 3286 3298
f 3254 3298 3297
f 3254 3297 3295
f 3254 3295 3296
f 3254 3296 3299
f 3254 3299 3301
f 3254 3301 3302
f 3254 3302 3253
f 3254 3253 3252
f 3257 3260 3262
f 3257 3262 3255
f 3257 3255 3254
f 3257 3254 3256
f 3259 3257 3256
f 3259 3256 3258
f 3260 3257 3259
f 3260 3259 3242
f 3260 3242 3650
f 3260 3650 3261
f 3263 3262 3260
f 3263 3260 3261
f 3263 3261 3264
f 3262 3263 3265
f 3262 3265 3266
f 3262 3266 3255
f 3267 3265 3263
f 3267 3263 3264
f 3267 3264 3268
f 3265 3267 3269
f 3265 3269 3270
f 3265 3270 3275
f 3265 3275 3276
f 3265 3276 3277
f 3265 3277 3278
f 3265 3278 3283
f 3265 3283 3284
f 3265 3284 3285
f 3265 3285 3286
f 3265 3286 3266
f 3269 3267 3268
f 3269 3268 3271
f 3270 3269 3271
f 3270 3271 3272
f 3275 3270 3272
f 3275 3272 3273
f 3276 3275 3273
f 3276 3273 3274
f 3277 3276 3274
f 3277 3274 3279
f 3278 3277 3279
f 3278 3279 3280
f 3283 3278 3280
f 3283 3280 3281
f 3284 3283 3281
f 3284 3281 3282
f 3285 3284 3282
f 3285 3282 3288
f 3285 3287 3298
f 3285 3298 3286
f 3291 3293 3294
f 3291 3294 3287
f 3291 3287 3285
f 3291 3285 3288
f 3291 3288 3289
f 3310 3300 3292
f 3310 3292 3291
f 3310 3291 3289
f 3310 3289 3290
f 3293 3291 3292
f 3293 3292 3296
f 3293 3296 3295
f 3294 3293 3295
f 3294 3295 3297
f 3287 3294 3297
f 3287 3297 3298
f 3292 3300 3299
f 3292 3299 3296
f 3300 3310 3304
f 3300 3304 3303
f 3300 3303 3301
f 3300 3301 3299
f 3303 3305 3307
f 3303 3307 2853
f 3303 2853 3302
f 3303 3302 3301
f 3305 3303 3304
f 3305 3304 3309
f 3305 3309 3306
f 3307 3305 3306
f 3307 3306 3308
f 3221 2853 3307
f 3221 3307 3308
f 3304 3310 3290
f 3304 3290 3309
f 3312 3253 3302
f 3312 3302 3311
f 3311 3313 3314
f 3311 3314 3312
f 3313 3315 3316
f 3313 3316 3314
f 3315 3317 3319
f 3315 3319 3316
f 3317 3318 3320
f 3317 3320 3319
f 3253 3312 3314
f 3253 3314 3316
f 3253 3316 3319
f 3253 3319 3320
f 3253 3320 3321
f 3253 3321 3323
f 3253 3323 3324
f 3253 3324 3328
f 3253 3328 3330
f 3253 3330 3332
f 3253 3332 3334
f 3253 3334 3527
f 3253 3527 3528
f 3253 3528 3531
f 3253 3531 3532
f 3253 3532 3533
f 3253 3533 3534
f 3253 3534 3535
f 3253 3535 3536
f 3253 3536 3537
f 3253 3537 3538
f 3253 3538 3539
f 3253 3539 3540
f 3253 3540 3541
f 3253 3541 3542
f 3253 3542 3543
f 3253 3543 3387
f 3253 3387 3386
f 3318 3322 3321
f 3318 3321 3320
f 3322 3325 3323
f 3322 3323 3321
f 3325 3326 3324
f 3325 3324 3323
f 3326 3327 3328
f 3326 3328 3324
f 3327 3329 3330
f 3327 3330 3328
f 3329 3331 3332
f 3329 3332 3330
f 3331 3333 3334
f 3331 3334 3332
f 3337 3334 3333
f 3337 3333 3335
f 3355 3353 3352
f 3355 3352 3351
f 3355 3351 3348
f 3355 3348 3346
f 3355 3346 3344
f 3355 3344 3342
f 3355 3342 3340
f 3355 3340 3336
f 3355 3336 3335
f 3355 3335 3333
f 3355 3333 2838
f 3355 2838 3356
f 3335 3336 3338
f 3335 3338 3337
f 3359 3527 3334
f 3359 3334 3337
f 3359 3337 3338
f 3359 3338 3339
f 3359 3339 3341
f 3359 3341 3343
f 3359 3343 3345
f 3359 3345 3347
f 3359 3347 3349
f 3359 3349 3350
f 3359 3350 3354
f 3359 3354 3358
f 3336 3340 3339
f 3336 3339 3338
f 3340 3342 3341
f 3340 3341 3339
f 3342 3344 3343
f 3342 3343 3341
f 3344 3346 3345
f 3344 3345 3343
f 3346 3348 3347
f 3346 3347 3345
f 3348 3351 3349
f 3348 3349 3347
f 3351 3352 3350
f 3351 3350 3349
f 3352 3353 3354
f 3352 3354 3350
f 3353 3355 3358
f 3353 3358 3354
f 3356 3574 3581
f 3356 3581 3582
f 3356 3582 3585
f 3356 3585 3357
f 3356 3357 3355
f 3357 3360 3358
f 3357 3358 3355
f 3358 3360 3361
f 3358 3361 3584
f 3358 3584 3583
f 3358 3583 3572
f 3358 3572 3359
f 3390 3392 3394
f 3390 3394 3361
f 3390 3361 3360
f 3390 3360 3362
f 3390 3362 3363
f 3390 3363 3368
f 3390 3368 3369
f 3390 3369 3370
f 3390 3370 3371
f 3362 3360 3357
f 3362 3357 3364
f 3364 3365 3363
f 3364 3363 3362
f 3373 3372 3367
f 3373 3367 3366
f 3373 3366 3365
f 3373 3365 3364
f 3373 3364 3357
f 3373 3357 3585
f 3373 3585 3396
f 3373 3396 3228
f 3365 3366 3368
f 3365 3368 3363
f 3366 3367 3369
f 3366 3369 3368
f 3367 3372 3370
f 3367 3370 3369
f 3372 3373 3374
f 3372 3374 3375
f 3372 3375 3371
f 3372 3371 3370
f 3374 3376 3377
f 3374 3377 3375
f 3376 3378 3380
f 3376 3380 3377
f 3378 3379 3381
f 3378 3381 3380
f 3390 3371 3375
f 3390 3375 3377
f 3390 3377 3380
f 3390 3380 3381
f 3390 3381 3382
f 3390 3382 3383
f 3390 3383 3385
f 3390 3385 3386
f 3390 3386 3388
f 3379 3384 3382
f 3379 3382 3381
f 3384 3230 3383
f 3384 3383 3382
f 3383 3234 3385
f 3389 3388 3386
f 3389 3386 3387
f 3389 3387 3501
f 3389 3501 3500
f 3391 3390 3388
f 3391 3388 3389
f 3391 3389 3649
f 3390 3391 3404
f 3390 3404 3393
f 3390 3393 3392
f 3398 3397 3395
f 3398 3395 3394
f 3398 3394 3392
f 3398 3392 3393
f 3395 3396 3585
f 3395 3585 3361
f 3395 3361 3394
f 3396 3395 3397
f 3396 3397 3226
f 3396 3226 3228
f 3397 3398 3399
f 3397 3399 3400
f 3397 3400 3226
f 3401 3399 3398
f 3401 3398 3393
f 3401 3393 3404
f 3401 3404 3403
f 3399 3401 3402
f 3399 3402 3457
f 3399 3457 3400
f 3403 3405 3406
f 3403 3406 3402
f 3403 3402 3401
f 3407 3405 3403
f 3407 3403 3404
f 3407 3404 3391
f 3407 3391 3649
f 3407 3649 3410
f 3407 3410 3409
f 3407 3408 3406
f 3407 3406 3405
f 3407 3409 3411
f 3407 3411 3413
f 3407 3413 3408
f 3411 3409 3410
f 3411 3410 3499
f 3411 3499 3498
f 3411 3498 3412
f 3412 3416 3415
f 3412 3415 3413
f 3412 3413 3411
f 3443 3449 3406
f 3443 3406 3408
f 3443 3408 3413
f 3443 3413 3414
f 3443 3414 3482
f 3419 3414 3413
f 3419 3413 3415
f 3419 3415 3417
f 3493 3494 3418
f 3493 3418 3417
f 3493 3417 3415
f 3493 3415 3416
f 3419 3417 3418
f 3419 3418 3422
f 3419 3422 3421
f 3419 3420 3439
f 3419 3439 3482
f 3419 3482 3414
f 3420 3419 3421
f 3420 3421 3423
f 3420 3423 3425
f 3423 3421 3422
f 3423 3422 3486
f 3423 3486 3485
f 3423 3485 3424
f 3426 3425 3423
f 3426 3423 3424
f 3426 3424 3120
f 3426 3120 3427
f 3429 3420 3425
f 3429 3425 3426
f 3429 3426 3428
f 3430 3428 3426
f 3430 3426 3427
f 3430 3427 3484
f 3430 3484 2043
f 3432 3429 3428
f 3432 3428 3430
f 3432 3430 3431
f 1990 3432 3431
f 1990 3431 2041
f 1990 2041 4560
f 3429 3432 3433
f 3429 3433 3435
f 3429 3435 3437
f 3432 1990 3483
f 3432 3483 3434
f 3432 3434 3433
f 3435 3433 3434
f 3435 3434 1905
f 3435 1905 3479
f 3435 3479 3436
f 3438 3437 3435
f 3438 3435 3436
f 3438 3436 3441
f 3438 3441 3440
f 3420 3429 3437
f 3420 3437 3438
f 3420 3438 3439
f 3482 3439 3438
f 3482 3438 3440
f 3482 3440 3442
f 3482 3442 3443
f 3477 3445 3444
f 3477 3444 3442
f 3477 3442 3440
f 3477 3440 3441
f 3444 3446 3448
f 3444 3448 3449
f 3444 3449 3443
f 3444 3443 3442
f 3446 3444 3445
f 3446 3445 3472
f 3446 3472 3450
f 3446 3450 3447
f 3447 3451 3453
f 3447 3453 3454
f 3447 3454 3457
f 3447 3457 3402
f 3447 3402 3448
f 3447 3448 3446
f 3448 3402 3406
f 3448 3406 3449
f 3451 3447 3450
f 3451 3450 3468
f 3451 3468 3452
f 3459 3456 3454
f 3459 3454 3453
f 3459 3453 3451
f 3459 3451 3452
f 3455 3454 3456
f 3455 3456 3458
f 3455 3458 3216
f 3457 3454 3455
f 3457 3455 3481
f 3457 3481 3400
f 3458 3456 3459
f 3458 3459 3460
f 3458 3460 3461
f 3458 3461 3209
f 3463 3462 3460
f 3463 3460 3459
f 3463 3459 3452
f 3460 3462 3207
f 3460 3207 3461
f 3466 3464 3463
f 3466 3463 3452
f 3466 3452 3468
f 2134 3480 3465
f 2134 3465 3464
f 2134 3464 3466
f 2134 3466 3467
f 3471 3467 3466
f 3471 3466 3468
f 3471 3468 3469
f 3450 3472 3470
f 3450 3470 3469
f 3450 3469 3468
f 3470 3473 3475
f 3470 3475 2115
f 3470 2115 3469
f 4513 2132 3471
f 4513 3471 3469
f 4513 3469 2115
f 3445 3477 3474
f 3445 3474 3473
f 3445 3473 3470
f 3445 3470 3472
f 3474 3478 1907
f 3474 1907 3476
f 3474 3476 3475
f 3474 3475 3473
f 3478 3474 3477
f 3478 3477 3441
f 3478 3441 3436
f 3478 3436 3479
f 3487 3486 3422
f 3487 3422 3490
f 3487 3490 3489
f 3648 3488 3487
f 3648 3487 3489
f 3648 3489 3491
f 3648 3491 3492
f 3494 3493 3491
f 3494 3491 3489
f 3494 3489 3490
f 3493 3495 3496
f 3493 3496 3492
f 3493 3492 3491
f 3495 3493 3416
f 3495 3416 3412
f 3495 3412 3498
f 3495 3497 3503
f 3495 3503 3504
f 3495 3504 3496
f 3497 3495 3498
f 3497 3498 3499
f 3497 3499 3500
f 3497 3500 3501
f 3410 3649 3389
f 3410 3389 3500
f 3410 3500 3499
f 3497 3501 3387
f 3497 3387 3544
f 3497 3544 3502
f 3497 3502 3507
f 3497 3507 3505
f 3497 3505 3503
f 3506 3646 3504
f 3506 3504 3503
f 3506 3503 3505
f 3505 3507 3509
f 3505 3509 3510
f 3505 3510 3625
f 3505 3625 3506
f 3512 3511 3509
f 3512 3509 3507
f 3512 3507 3508
f 3512 3508 3570
f 3512 3570 3569
f 3512 3569 3568
f 3512 3568 3567
f 3512 3567 3566
f 3512 3566 3565
f 3512 3565 3564
f 3512 3564 3563
f 3512 3563 3562
f 3512 3562 3561
f 3512 3561 3560
f 3512 3560 3559
f 3512 3559 3558
f 3512 3558 3557
f 3512 3557 3556
f 3512 3556 3555
f 3512 3555 3554
f 3512 3554 3553
f 3512 3553 3552
f 3512 3552 3551
f 3512 3551 3550
f 3512 3550 3549
f 3512 3549 3548
f 3512 3548 3547
f 3512 3547 3546
f 3512 3546 3545
f 3530 3545 3546
f 3530 3546 3547
f 3530 3547 3548
f 3530 3548 3549
f 3530 3549 3550
f 3530 3550 3551
f 3530 3551 3552
f 3530 3552 3553
f 3530 3553 3554
f 3530 3554 3555
f 3530 3555 3556
f 3530 3556 3557
f 3530 3557 3558
f 3530 3558 3559
f 3530 3559 3560
f 3530 3560 3561
f 3530 3561 3562
f 3530 3562 3563
f 3530 3563 3564
f 3530 3564 3565
f 3530 3565 3566
f 3530 3566 3567
f 3530 3567 3568
f 3530 3568 3569
f 3530 3569 3570
f 3530 3570 3508
f 3530 3508 3507
f 3530 3507 3502
f 3530 3502 3544
f 3511 2345 3626
f 3511 3626 3510
f 3511 3510 3509
f 3511 3513 2342
f 3511 2342 2345
f 3512 3514 3513
f 3512 3513 3511
f 3514 3515 2339
f 3514 2339 3513
f 3514 3512 3529
f 3514 3529 3517
f 3514 3517 3516
f 3515 3514 3516
f 3515 3516 3518
f 3515 3518 3519
f 3518 3516 3517
f 3518 3517 3524
f 3518 3524 3522
f 3518 3522 3520
f 3588 3519 3518
f 3588 3518 3520
f 3588 3520 3521
f 3588 3521 3586
f 3521 3520 3522
f 3521 3522 3523
f 3521 3523 3577
f 3521 3577 3578
f 3522 3524 3525
f 3522 3525 3526
f 3522 3526 3523
f 3517 3529 3528
f 3517 3528 3527
f 3517 3527 3525
f 3517 3525 3524
f 3525 3527 3359
f 3525 3359 3572
f 3525 3572 3571
f 3525 3571 3526
f 3512 3545 3530
f 3512 3530 3528
f 3512 3528 3529
f 3544 3387 3543
f 3544 3543 3542
f 3544 3542 3541
f 3544 3541 3540
f 3544 3540 3539
f 3544 3539 3538
f 3544 3538 3537
f 3544 3537 3536
f 3544 3536 3535
f 3544 3535 3534
f 3544 3534 3533
f 3544 3533 3532
f 3544 3532 3531
f 3544 3531 3528
f 3544 3528 3530
f 3573 3575 3576
f 3573 3576 3577
f 3573 3577 3523
f 3573 3523 3526
f 3573 3526 3571
f 3571 3572 3574
f 3571 3574 3573
f 3575 3573 3574
f 3575 3574 3356
f 3575 3356 2838
f 3575 2838 2831
f 3576 2829 3580
f 3576 3580 3579
f 3576 3579 3578
f 3576 3578 3577
f 3578 3579 2819
f 3578 2819 3587
f 3578 3587 3586
f 3578 3586 3521
f 3581 3574 3572
f 3581 3572 3583
f 3582 3581 3583
f 3582 3583 3584
f 3584 3361 3585
f 3584 3585 3582
f 3586 3587 3589
f 3586 3589 3588
f 2339 3515 3519
f 2339 3519 3588
f 2339 3588 3589
f 2339 3589 3590
f 2339 3590 3624
f 3589 3587 2819
f 3589 2819 2817
f 3589 2817 3605
f 3589 3605 3600
f 3589 3600 3595
f 3589 3595 3606
f 3589 3606 3607
f 3589 3607 3608
f 3589 3608 3609
f 3589 3609 3610
f 3589 3610 3611
f 3589 3611 3612
f 3589 3612 3613
f 3589 3613 3614
f 3589 3614 3615
f 3589 3615 3616
f 3589 3616 3617
f 3589 3617 3618
f 3589 3618 3619
f 3589 3619 3620
f 3589 3620 3621
f 3589 3621 3622
f 3589 3622 3623
f 3589 3623 3592
f 3589 3592 3591
f 3596 3590 3589
f 3596 3589 3591
f 3596 3591 3593
f 3596 3593 3594
f 3591 3592 3623
f 3591 3623 3622
f 3591 3622 3621
f 3591 3621 3620
f 3591 3620 3619
f 3591 3619 3618
f 3591 3618 3617
f 3591 3617 3616
f 3591 3616 3615
f 3591 3615 3614
f 3591 3614 3613
f 3591 3613 3612
f 3591 3612 3611
f 3591 3611 3610
f 3591 3610 3609
f 3591 3609 3608
f 3591 3608 3607
f 3591 3607 3606
f 3591 3606 3595
f 3591 3595 3594
f 3591 3594 3593
f 3598 3596 3594
f 3598 3594 3595
f 3598 3595 3600
f 3596 3598 3601
f 3596 3601 3597
f 3596 3597 2337
f 3596 2337 3624
f 3596 3624 3590
f 3601 3598 3599
f 3601 3599 2752
f 3601 2752 2748
f 3598 3600 3605
f 3598 3605 3599
f 3597 3601 3602
f 3597 3602 3603
f 3597 3603 3604
f 3854 2528 3603
f 3854 3603 3602
f 3854 3602 2746
f 2528 2330 2335
f 2528 2335 3604
f 2528 3604 3603
f 2351 3647 3646
f 2351 3646 3506
f 2351 3506 3625
f 3646 3647 3648
f 3646 3648 3492
f 3646 3492 3496
f 3646 3496 3504
f 3494 3490 3422
f 3494 3422 3418
f 3654 2811 3653
f 3653 3655 2808
f 3653 2808 3654
f 2808 3655 2578
f 2808 2578 3657
f 2808 3657 3656
f 3659 2803 3656
f 3659 3656 3658
f 3658 2797 2799
f 3658 2799 3659
f 2757 3660 2805
f 2757 2805 2762
f 2778 3663 3665
f 2778 3665 2775
f 3663 3664 3666
f 3663 3666 3665
f 3664 3668 3667
f 3664 3667 3666
f 3668 3671 3669
f 3668 3669 3667
f 3671 3672 3670
f 3671 3670 3669
f 3672 3673 3674
f 3672 3674 3670
f 3673 3675 3676
f 3673 3676 3674
f 3675 3677 3678
f 3675 3678 3676
f 3677 3679 3680
f 3677 3680 3678
f 3683 3680 3679
f 3683 3679 3681
f 3681 3682 3684
f 3681 3684 3683
f 3682 3686 3685
f 3682 3685 3684
f 3686 3688 3687
f 3686 3687 3685
f 3688 3690 3689
f 3688 3689 3687
f 3690 3693 3691
f 3690 3691 3689
f 3693 3694 3692
f 3693 3692 3691
f 3694 2591 3695
f 3694 3695 3692
f 3696 2768 2624
f 3696 2624 3853
f 3696 3853 3697
f 2767 3696 3698
f 2767 3698 3699
f 3696 3697 3702
f 3696 3702 3700
f 3696 3700 3698
f 3727 3825 3834
f 3727 3834 3835
f 3727 3835 3836
f 3727 3836 3839
f 3727 3839 3841
f 3727 3841 3844
f 3727 3844 3699
f 3727 3699 3698
f 3727 3698 3700
f 3727 3700 3701
f 3727 3701 3709
f 3727 3709 3711
f 3727 3711 3713
f 3727 3713 3715
f 3727 3715 3717
f 3727 3717 3718
f 3727 3718 3722
f 3727 3722 3725
f 3727 3725 3726
f 3703 3701 3700
f 3703 3700 3702
f 3702 3697 3853
f 3702 3853 2627
f 3702 2627 3703
f 3704 3705 3708
f 3704 3708 3709
f 3704 3709 3701
f 3704 3701 3703
f 2629 3704 3703
f 2629 3703 2627
f 2629 3707 3705
f 2629 3705 3704
f 3705 3706 2645
f 3705 2645 3710
f 3705 3710 3708
f 3707 2646 3706
f 3707 3706 3705
f 3709 3708 3710
f 3709 3710 2652
f 3709 2652 3828
f 3709 3828 3826
f 3709 3826 3727
f 3709 3727 3726
f 3709 3726 3728
f 3709 3728 3729
f 3709 3729 3733
f 3709 3733 3735
f 3709 3735 3712
f 3709 3712 3711
f 3736 3737 3714
f 3736 3714 3713
f 3736 3713 3711
f 3736 3711 3712
f 3714 3716 3715
f 3714 3715 3713
f 3716 3719 3717
f 3716 3717 3715
f 3719 3720 3718
f 3719 3718 3717
f 3724 3723 3721
f 3724 3721 3720
f 3724 3720 3719
f 3724 3719 3716
f 3724 3716 3714
f 3724 3714 3737
f 3724 3737 3738
f 3724 3738 3740
f 3724 3740 3741
f 3724 3741 3750
f 3724 3750 3753
f 3724 3753 3754
f 3724 3754 3755
f 3724 3755 3758
f 3724 3758 3760
f 3724 3760 3763
f 3724 3763 3764
f 3724 3764 3770
f 3724 3770 3771
f 3720 3721 3722
f 3720 3722 3718
f 3721 3723 3725
f 3721 3725 3722
f 3723 3724 3730
f 3723 3730 3728
f 3723 3728 3726
f 3723 3726 3725
f 3730 3731 3729
f 3730 3729 3728
f 3737 3736 3734
f 3737 3734 3732
f 3737 3732 3731
f 3737 3731 3730
f 3737 3730 3724
f 3737 3724 3771
f 3737 3771 3772
f 3737 3772 2675
f 3737 2675 2673
f 3737 2673 2670
f 3737 2670 3739
f 3737 3739 3738
f 3731 3732 3733
f 3731 3733 3729
f 3735 3733 3732
f 3735 3732 3734
f 3734 3736 3712
f 3734 3712 3735
f 3742 3740 3738
f 3742 3738 3739
f 3742 3739 2671
f 3743 3741 3740
f 3743 3740 3742
f 3742 3744 3746
f 3742 3746 3747
f 3742 3747 3743
f 3744 3742 2671
f 3744 2671 2635
f 3744 2635 3745
f 2633 2626 3744
f 2633 3744 3745
f 3744 2626 2621
f 3744 2621 3748
f 3744 3748 3746
f 3747 3746 3748
f 3747 3748 2588
f 3747 2588 3749
f 3750 3741 3743
f 3750 3743 3747
f 3750 3747 3749
f 3753 3750 3749
f 3753 3749 3751
f 3751 3749 2588
f 3751 2588 2584
f 2582 3752 3751
f 2582 3751 2584
f 3752 3754 3753
f 3752 3753 3751
f 3823 3756 3755
f 3823 3755 3754
f 3823 3754 3752
f 3818 3757 3755
f 3818 3755 3756
f 3818 3756 3819
f 3758 3755 3757
f 3758 3757 3759
f 3761 3760 3758
f 3761 3758 3759
f 3762 3760 3761
f 3762 3761 3817
f 3762 3817 3777
f 3763 3760 3762
f 3763 3762 3766
f 3763 3766 3765
f 3764 3763 3765
f 3764 3765 3767
f 3766 3773 3775
f 3766 3775 2707
f 3766 2707 3765
f 3767 3765 2707
f 3767 2707 3768
f 3769 3770 3764
f 3769 3764 3767
f 2688 3769 3767
f 2688 3767 3768
f 3769 2688 2686
f 3769 2686 2676
f 2676 3772 3771
f 2676 3771 3770
f 2676 3770 3769
f 3773 3766 3762
f 3773 3762 3777
f 3773 3777 3776
f 3773 3776 3774
f 2709 3775 3773
f 2709 3773 3774
f 2709 3774 2711
f 3776 2713 2711
f 3776 2711 3774
f 3780 3778 3776
f 3780 3776 3777
f 3778 3781 2713
f 3778 2713 3776
f 3813 3779 3778
f 3813 3778 3780
f 3783 3782 3781
f 3783 3781 3778
f 3783 3778 3779
f 3782 2715 3781
f 3801 3800 3794
f 3801 3794 3793
f 3801 3793 3792
f 3801 3792 3791
f 3801 3791 3786
f 3801 3786 3785
f 3801 3785 3784
f 3801 3784 3783
f 3801 3783 3779
f 3801 3779 3803
f 3784 3785 3787
f 3784 3787 2726
f 3785 3786 3788
f 3785 3788 3787
f 3786 3791 3789
f 3786 3789 3788
f 3791 3792 3790
f 3791 3790 3789
f 3792 3793 3795
f 3792 3795 3790
f 3793 3794 3796
f 3793 3796 3795
f 3794 3800 3798
f 3794 3798 3797
f 3794 3797 3796
f 2728 3797 3798
f 2728 3798 3799
f 2728 3799 3812
f 3800 3801 3802
f 3800 3802 3799
f 3800 3799 3798
f 3805 3802 3801
f 3805 3801 3803
f 3808 3806 3805
f 3808 3805 3803
f 3808 3803 3804
f 3808 3804 2551
f 3804 3803 3779
f 3804 3779 3813
f 3802 3805 3806
f 3802 3806 3807
f 3802 3807 3812
f 3802 3812 3799
f 3806 3808 3809
f 3806 3809 3810
f 3806 3810 3811
f 3806 3811 3807
f 3809 2549 3855
f 3809 3855 2538
f 3809 2538 3810
f 2537 2730 2728
f 2537 2728 3812
f 2537 3812 3807
f 2537 3807 3811
f 3814 2558 3804
f 3814 3804 3813
f 3816 3815 3814
f 3816 3814 3813
f 3816 3813 3780
f 3815 3816 3817
f 3815 3817 3761
f 3815 3761 3759
f 3815 3759 2560
f 3817 3816 3780
f 3817 3780 3777
f 3757 3818 3820
f 3757 3820 2560
f 3757 2560 3759
f 2563 3820 3818
f 2563 3818 3819
f 2563 3819 2567
f 3821 2571 2567
f 3821 2567 3819
f 3756 3823 3822
f 3756 3822 3821
f 3756 3821 3819
f 3822 3824 2579
f 3822 2579 2576
f 3822 2576 3821
f 3824 3822 3823
f 3824 3823 3752
f 3824 3752 2582
f 3829 3825 3727
f 3829 3727 3826
f 3829 3826 3827
f 2654 3831 3827
f 2654 3827 3826
f 2654 3826 3828
f 3827 3830 2691
f 3827 2691 3829
f 3831 3832 3830
f 3831 3830 3827
f 2656 3832 3831
f 2656 3831 2654
f 3832 3833 2685
f 3832 2685 3830
f 3832 2656 2658
f 3832 2658 2682
f 3832 2682 3833
f 2695 3834 3825
f 2695 3825 3829
f 2695 2697 3835
f 2695 3835 3834
f 2697 3851 3838
f 2697 3838 3836
f 2697 3836 3835
f 3840 3839 3836
f 3840 3836 3837
f 3840 3837 3848
f 3850 3837 3836
f 3850 3836 3838
f 3840 3843 3841
f 3840 3841 3839
f 2758 3842 3841
f 2758 3841 3843
f 2758 3843 3845
f 2765 3844 3841
f 2765 3841 3842
f 2765 3842 2760
f 2767 3699 3844
f 2767 3844 2765
f 3840 2738 3846
f 3840 3846 3845
f 3840 3845 3843
f 2750 2758 3845
f 2750 3845 3846
f 2750 3846 3847
f 2738 3840 3848
f 2738 3848 3849
f 2738 3849 2733
f 3850 2731 3849
f 3850 3849 3848
f 3850 3848 3837
f 2720 3850 3838
f 2720 3838 3851
f 2720 3851 3852
f 3850 2720 2723
f 3850 2723 2731
f 2646 3707 2631
f 2646 2631 2641
f 2545 3856 3857
f 2545 3857 2543
f 3856 3858 3859
f 3856 3859 3857
f 3858 3860 3862
f 3858 3862 3859
f 3860 3861 3863
f 3860 3863 3862
f 3861 3866 3864
f 3861 3864 3863
f 3866 3867 3865
f 3866 3865 3864
f 3867 2406 2408
f 3867 2408 3865
f 3869 2263 2459
f 3869 2459 3868
f 3868 2288 3870
f 3868 3870 3869
f 2449 3871 2399
f 2449 2399 2303
f 2449 2303 2300
f 2306 2304 2380
f 2306 2380 2376
f 4088 3875 3874
f 4088 3874 3872
f 4088 3872 2310
f 4088 2310 2176
f 4088 2176 4093
f 4088 4093 4091
f 4088 4091 4089
f 4088 4089 4086
f 4088 4086 4085
f 4088 4085 4087
f 3874 3876 3877
f 3874 3877 3873
f 3874 3873 3872
f 3876 3874 3875
f 3876 3875 4427
f 3876 4427 3879
f 3876 3879 3878
f 3877 3876 3878
f 3877 3878 3880
f 3881 3880 3878
f 3881 3878 3879
f 3881 3879 4234
f 3881 4234 4233
f 3881 4233 3884
f 3881 3884 3883
f 3880 3881 3882
f 3880 3882 2308
f 3880 2308 3873
f 3880 3873 3877
f 3883 3885 3886
f 3883 3886 3882
f 3883 3882 3881
f 3888 3887 3885
f 3888 3885 3883
f 3888 3883 3884
f 3888 3884 4229
f 3888 4229 4228
f 3888 4228 4230
f 3888 4230 3889
f 3886 3885 3887
f 3886 3887 2297
f 3886 2297 2301
f 3887 3888 3890
f 3887 3890 3894
f 3887 3894 3897
f 3887 3897 3901
f 3887 3901 3908
f 3887 3908 3910
f 3887 3910 3915
f 3887 3915 3916
f 3887 3916 3917
f 3887 3917 3919
f 3887 3919 3920
f 3887 3920 3925
f 3887 3925 3926
f 3887 3926 3927
f 3887 3927 3928
f 3887 3928 3932
f 3887 3932 3934
f 3887 3934 2293
f 3887 2293 2297
f 3889 4208 4207
f 3889 4207 3893
f 3889 3893 3890
f 3889 3890 3888
f 3891 3890 3892
f 3891 3892 4504
f 3891 4504 3943
f 3892 3890 3893
f 3892 3893 4171
f 3894 3891 3939
f 3894 3939 3895
f 3894 3895 3898
f 3894 3898 3896
f 3897 3894 3896
f 3897 3896 3900
f 2201 3936 3933
f 2201 3933 3931
f 2201 3931 3930
f 2201 3930 3929
f 2201 3929 3924
f 2201 3924 3923
f 2201 3923 3922
f 2201 3922 3921
f 2201 3921 3918
f 2201 3918 3914
f 2201 3914 3913
f 2201 3913 3912
f 2201 3912 3911
f 2201 3911 3906
f 2201 3906 3907
f 2201 3907 3909
f 2201 3909 3902
f 2201 3902 3903
f 2201 3903 3904
f 2201 3904 3905
f 2201 3905 3899
f 2201 3899 3900
f 2201 3900 3896
f 2201 3896 3898
f 2201 3898 3895
f 2201 3895 3939
f 2201 3939 3940
f 2201 3940 4074
f 3897 3900 3899
f 3901 3897 3899
f 3901 3899 3905
f 3901 3903 3902
f 3901 3902 3909
f 3901 3904 3903
f 3901 3905 3904
f 3901 3907 3906
f 3908 3901 3906
f 3908 3906 3911
f 3901 3909 3907
f 3910 3908 3911
f 3910 3911 3912
f 3915 3910 3912
f 3915 3912 3913
f 3916 3915 3913
f 3916 3913 3914
f 3917 3916 3914
f 3917 3914 3918
f 3919 3917 3918
f 3919 3918 3921
f 3920 3919 3921
f 3920 3921 3922
f 3925 3920 3922
f 3925 3922 3923
f 3926 3925 3923
f 3926 3923 3924
f 3927 3926 3924
f 3927 3924 3929
f 3928 3927 3929
f 3928 3929 3930
f 3932 3928 3930
f 3932 3930 3931
f 3931 3933 3934
f 3931 3934 3932
f 3937 3934 3933
f 3937 3933 3935
f 3938 3937 3935
f 3938 3935 2269
f 3941 3942 3982
f 3941 3982 3940
f 3941 3940 3939
f 3943 3941 3939
f 3943 3939 3891
f 3941 3944 3942
f 3945 3944 3941
f 3945 3941 3943
f 3947 3946 3944
f 3947 3944 3945
f 3946 3948 3982
f 3946 3982 3942
f 3946 3942 3944
f 3949 3946 3947
f 4505 1936 4097
f 4505 4097 4096
f 4505 4096 3984
f 4505 3984 3983
f 4505 3983 3948
f 4505 3948 3946
f 4505 3946 3949
f 4505 3949 3950
f 4505 3950 3951
f 4505 3951 3954
f 4505 3954 3955
f 4505 3955 3957
f 4505 3957 3958
f 4505 3958 3959
f 4505 3959 3960
f 4505 3960 3961
f 4505 3961 3966
f 4505 3966 3967
f 4505 3967 3968
f 4505 3968 3969
f 4505 3969 3974
f 4505 3974 3975
f 4505 3975 3976
f 4505 3976 3978
f 4505 3978 3980
f 4505 3980 2274
f 3947 3950 3949
f 3952 3953 3951
f 3952 3951 3950
f 3953 3955 3954
f 3953 3954 3951
f 3953 3957 3955
f 3953 3956 3959
f 3953 3959 3958
f 2277 3981 3979
f 2277 3979 3977
f 2277 3977 3973
f 2277 3973 3972
f 2277 3972 3971
f 2277 3971 3970
f 2277 3970 3965
f 2277 3965 3964
f 2277 3964 3963
f 2277 3963 3962
f 2277 3962 3956
f 2277 3956 3953
f 2277 3953 3947
f 2277 3947 4098
f 2277 4098 4100
f 2277 4100 4101
f 2277 4101 4499
f 2277 4499 4500
f 2277 4500 1933
f 2277 1933 2279
f 3953 3958 3957
f 3956 3962 3960
f 3956 3960 3959
f 3962 3963 3961
f 3962 3961 3960
f 3963 3964 3966
f 3963 3966 3961
f 3964 3965 3967
f 3964 3967 3966
f 3965 3970 3968
f 3965 3968 3967
f 3970 3971 3969
f 3970 3969 3968
f 3971 3972 3974
f 3971 3974 3969
f 3972 3973 3975
f 3972 3975 3974
f 3973 3977 3976
f 3973 3976 3975
f 3977 3979 3978
f 3977 3978 3976
f 3979 3981 3980
f 3979 3980 3978
f 3981 2277 2274
f 3981 2274 3980
f 3982 3948 3983
f 3982 3983 3985
f 3982 3985 3987
f 3982 3987 3988
f 3982 3988 3989
f 3982 3989 3990
f 3982 3990 3991
f 3982 3991 3992
f 3982 3992 3993
f 3982 3993 3994
f 3982 3994 3996
f 3982 3996 3997
f 3982 3997 3998
f 3982 3998 3999
f 3982 3999 4001
f 3982 4001 4002
f 3982 4002 4003
f 3982 4003 4004
f 3982 4004 4005
f 3982 4005 4006
f 3982 4006 4007
f 3982 4007 4008
f 3982 4008 4009
f 3982 4009 4010
f 3982 4010 4011
f 3982 4011 4012
f 3982 4012 4013
f 4094 3986 3985
f 4094 3985 3983
f 4094 3983 3984
f 3986 4044 4039
f 3986 4039 4041
f 3986 4041 4042
f 3986 4042 4043
f 3986 4043 4014
f 3986 4014 4013
f 3986 4013 4012
f 3986 4012 4011
f 3986 4011 4010
f 3986 4010 4009
f 3986 4009 4008
f 3986 4008 4007
f 3986 4007 4006
f 3986 4006 4005
f 3986 4005 4004
f 3986 4004 4003
f 3986 4003 4002
f 3986 4002 4000
f 3986 4000 3999
f 3986 3999 3998
f 3986 3998 3997
f 3986 3997 3995
f 3986 3995 3994
f 3986 3994 3993
f 3986 3993 3992
f 3986 3992 3991
f 3986 3991 3990
f 3986 3990 3989
f 3986 3989 3988
f 3986 3988 3987
f 3986 3987 3985
f 4018 4016 4015
f 4018 4015 4013
f 4018 4013 4014
f 4013 4015 3940
f 4013 3940 3982
f 4073 4074 3940
f 4073 3940 4015
f 4073 4015 4016
f 4073 4016 4017
f 4018 4020 4021
f 4018 4021 4079
f 4018 4079 4017
f 4018 4017 4016
f 4019 4018 4014
f 4019 4014 4043
f 4020 4018 4019
f 4020 4019 4022
f 4021 4020 4022
f 4021 4022 4023
f 4023 4022 4024
f 4023 4024 4027
f 4022 4019 4026
f 4022 4026 4024
f 4024 4026 4040
f 4024 4040 4025
f 4027 4024 4025
f 4027 4025 4029
f 4028 4027 4029
f 4028 4029 4031
f 4046 4023 4027
f 4046 4027 4028
f 4029 4025 4037
f 4029 4037 4030
f 4031 4029 4030
f 4031 4030 4032
f 1950 4031 4032
f 1950 4032 1948
f 4045 4028 4031
f 4045 4031 1950
f 1948 4032 4033
f 1948 4033 1946
f 4032 4030 4034
f 4032 4034 4033
f 4030 4037 4035
f 4030 4035 4034
f 4037 4038 4036
f 4037 4036 4035
f 4025 4040 4038
f 4025 4038 4037
f 4038 4039 4044
f 4038 4044 4036
f 4038 4040 4041
f 4038 4041 4039
f 4040 4026 4042
f 4040 4042 4041
f 4026 4019 4043
f 4026 4043 4042
f 4048 4046 4028
f 4048 4028 4045
f 4047 4021 4023
f 4047 4023 4046
f 4049 4047 4046
f 4049 4046 4048
f 4051 4049 4048
f 4051 4048 4050
f 4050 4048 4045
f 4050 4045 1951
f 4053 4051 4050
f 4053 4050 1955
f 4049 4051 4052
f 4049 4052 4076
f 4049 4076 4077
f 4051 4053 4054
f 4051 4054 4055
f 4051 4055 4052
f 4053 1959 4056
f 4053 4056 4054
f 4055 4054 4056
f 4055 4056 4057
f 4055 4057 4058
f 4055 4058 4060
f 4055 4060 4062
f 4057 1961 1965
f 4057 1965 4575
f 4057 4575 2001
f 4057 2001 4059
f 4057 4059 4058
f 4060 4058 4059
f 4060 4059 2004
f 4060 2004 4081
f 4060 4081 4061
f 4063 4062 4060
f 4063 4060 4061
f 4063 4061 4080
f 4063 4080 4064
f 4068 4076 4052
f 4068 4052 4055
f 4068 4055 4062
f 4068 4062 4063
f 4068 4063 4065
f 4068 4065 4067
f 4065 4063 4064
f 4065 4064 4066
f 4066 4075 4070
f 4066 4070 4069
f 4066 4069 4067
f 4066 4067 4065
f 4067 4069 4071
f 4067 4071 4068
f 2188 2199 4072
f 2188 4072 4071
f 2188 4071 4069
f 2188 4069 4070
f 2188 4070 2184
f 4017 4079 4078
f 4017 4078 4077
f 4017 4077 4076
f 4017 4076 4068
f 4017 4068 4071
f 4017 4071 4072
f 4017 4072 4073
f 2199 2201 4074
f 2199 4074 4073
f 2199 4073 4072
f 2181 4075 4066
f 2181 4066 4064
f 2181 4064 4080
f 4047 4049 4077
f 4047 4077 4078
f 4021 4047 4078
f 4021 4078 4079
f 4550 2075 4087
f 4550 4087 4085
f 4550 4085 4083
f 4550 4083 4082
f 4550 4082 2006
f 4550 2006 4551
f 4085 4086 4084
f 4085 4084 4083
f 3875 4088 2077
f 3875 2077 4448
f 3875 4448 4447
f 3875 4447 4446
f 3875 4446 4441
f 3875 4441 4440
f 3875 4440 4439
f 3875 4439 4438
f 3875 4438 4435
f 3875 4435 4429
f 3875 4429 4428
f 3875 4428 4426
f 3875 4426 4425
f 3875 4425 4427
f 4086 4089 4090
f 4086 4090 4084
f 4089 4091 4092
f 4089 4092 4090
f 4091 4093 2179
f 4091 2179 4092
f 4095 4094 3984
f 4095 3984 4096
f 1938 4095 4096
f 1938 4096 4097
f 3945 4504 3892
f 3945 3892 4174
f 3945 4174 4175
f 3945 4175 4115
f 3945 4115 4114
f 3945 4114 4112
f 3945 4112 4110
f 3945 4110 4109
f 3945 4109 4099
f 3945 4099 4098
f 3945 4098 3947
f 4104 4102 4100
f 4104 4100 4098
f 4104 4098 4099
f 4101 4100 4102
f 4101 4102 4103
f 4101 4103 4496
f 4106 4103 4102
f 4106 4102 4104
f 4106 4104 4105
f 4099 4109 4107
f 4099 4107 4105
f 4099 4105 4104
f 4468 4106 4105
f 4468 4105 4107
f 4468 4107 4108
f 4468 4108 4495
f 4468 4495 4494
f 4468 4494 4493
f 4468 4493 4492
f 4468 4492 4491
f 4468 4491 4490
f 4468 4490 4488
f 4468 4488 4487
f 4468 4487 4486
f 4468 4486 4485
f 4468 4485 4484
f 4468 4484 4482
f 4468 4482 4481
f 4468 4481 4480
f 4468 4480 4479
f 4468 4479 4472
f 4468 4472 4471
f 4109 4110 4111
f 4109 4111 4478
f 4109 4478 4477
f 4109 4477 4476
f 4109 4476 4475
f 4109 4475 4474
f 4109 4474 4473
f 4109 4473 4471
f 4109 4471 4472
f 4109 4472 4479
f 4109 4479 4480
f 4109 4480 4481
f 4109 4481 4483
f 4109 4483 4484
f 4109 4484 4485
f 4109 4485 4486
f 4109 4486 4487
f 4109 4487 4488
f 4109 4488 4489
f 4109 4489 4491
f 4109 4491 4492
f 4109 4492 4493
f 4109 4493 4494
f 4109 4494 4495
f 4109 4495 4108
f 4109 4108 4107
f 4110 4112 4113
f 4110 4113 4470
f 4110 4470 4111
f 4112 4114 4116
f 4112 4116 4118
f 4112 4118 4120
f 4112 4120 4122
f 4112 4122 4113
f 4114 4115 4178
f 4114 4178 4179
f 4114 4179 4181
f 4114 4181 4182
f 4114 4182 4117
f 4114 4117 4116
f 4118 4116 4117
f 4118 4117 4187
f 4118 4187 4189
f 4118 4189 4119
f 4120 4118 4119
f 4120 4119 4121
f 4122 4120 4121
f 4122 4121 4125
f 4122 4125 4123
f 4470 4113 4122
f 4470 4122 4123
f 4470 4123 4124
f 4470 4124 4469
f 4126 4124 4123
f 4126 4123 4125
f 4129 4126 4125
f 4129 4125 4127
f 4127 4125 4121
f 4127 4121 4119
f 4130 4129 4127
f 4130 4127 4128
f 4128 4127 4119
f 4128 4119 4189
f 4133 4131 4129
f 4133 4129 4130
f 4131 4132 4126
f 4131 4126 4129
f 4139 4291 4292
f 4139 4292 4293
f 4139 4293 4294
f 4139 4294 4295
f 4139 4295 4296
f 4139 4296 4264
f 4139 4264 4262
f 4139 4262 1934
f 4139 1934 4498
f 4139 4498 4497
f 4139 4497 4496
f 4139 4496 4103
f 4139 4103 4106
f 4139 4106 4468
f 4139 4468 4467
f 4139 4467 4466
f 4139 4466 4132
f 4139 4132 4131
f 4139 4131 4133
f 4139 4133 4134
f 4139 4134 4136
f 4139 4136 4138
f 4134 4133 4130
f 4134 4130 4135
f 4136 4134 4135
f 4136 4135 4193
f 4136 4193 4194
f 4136 4194 4195
f 4136 4195 4196
f 4136 4196 4201
f 4136 4201 4137
f 4138 4136 4137
f 4138 4137 4141
f 4138 4141 4140
f 4142 4285 4286
f 4142 4286 4287
f 4142 4287 4289
f 4142 4289 4139
f 4142 4139 4138
f 4142 4138 4140
f 4144 4143 4140
f 4144 4140 4141
f 4143 4142 4140
f 4285 4142 4143
f 4285 4143 4144
f 4285 4144 4145
f 4285 4145 4146
f 4285 4146 4284
f 4147 4145 4144
f 4147 4144 4141
f 4147 4141 4137
f 4145 4147 4148
f 4145 4148 4149
f 4145 4149 4146
f 4150 4148 4147
f 4150 4147 4137
f 4150 4137 4201
f 4150 4201 4200
f 4150 4200 4151
f 4148 4150 4152
f 4148 4152 4153
f 4148 4153 4155
f 4148 4155 4157
f 4148 4157 4158
f 4148 4158 4204
f 4148 4204 4203
f 4148 4203 4205
f 4148 4205 4149
f 4152 4150 4151
f 4153 4152 4151
f 4153 4151 4202
f 4153 4202 4154
f 4155 4153 4154
f 4155 4154 4156
f 4157 4155 4156
f 4157 4156 4159
f 4158 4157 4159
f 4158 4159 4160
f 4160 4159 4156
f 4160 4156 4154
f 4160 4154 4202
f 4160 4202 4163
f 4160 4163 4162
f 4204 4158 4160
f 4204 4160 4161
f 4165 4166 4161
f 4165 4161 4160
f 4165 4160 4162
f 4162 4163 4177
f 4162 4177 4164
f 4167 4165 4162
f 4167 4162 4164
f 4203 4166 4165
f 4203 4165 4167
f 4203 4167 4168
f 4203 4168 4169
f 4203 4169 4171
f 4203 4171 3893
f 4203 3893 4207
f 4203 4207 4205
f 4168 4167 4164
f 4169 4168 4164
f 4169 4164 4177
f 4169 4177 4176
f 4169 4176 4173
f 4169 4173 4172
f 4169 4172 4170
f 4170 4171 4169
f 4174 3892 4171
f 4174 4171 4170
f 4174 4170 4172
f 4175 4174 4172
f 4175 4172 4173
f 4115 4175 4173
f 4115 4173 4176
f 4115 4176 4178
f 4179 4178 4176
f 4179 4176 4177
f 4179 4177 4180
f 4181 4179 4180
f 4181 4180 4184
f 4181 4184 4183
f 4182 4181 4183
f 4182 4183 4186
f 4198 4185 4183
f 4198 4183 4184
f 4185 4188 4186
f 4185 4186 4183
f 4117 4182 4186
f 4117 4186 4187
f 4188 4189 4187
f 4188 4187 4186
f 4190 4128 4189
f 4190 4189 4188
f 4191 4190 4188
f 4191 4188 4185
f 4135 4130 4128
f 4135 4128 4190
f 4193 4135 4190
f 4193 4190 4191
f 4197 4192 4191
f 4197 4191 4185
f 4197 4185 4198
f 4194 4193 4191
f 4194 4191 4192
f 4195 4194 4192
f 4195 4192 4197
f 4196 4195 4197
f 4196 4197 4199
f 4151 4200 4199
f 4151 4199 4197
f 4151 4197 4198
f 4151 4198 4202
f 4201 4196 4199
f 4201 4199 4200
f 4202 4198 4184
f 4202 4184 4163
f 4163 4184 4180
f 4163 4180 4177
f 4166 4203 4204
f 4166 4204 4161
f 4210 4149 4205
f 4210 4205 4206
f 4207 4208 4206
f 4207 4206 4205
f 4208 3889 4230
f 4208 4230 4209
f 4208 4209 4206
f 4212 4210 4206
f 4212 4206 4209
f 4214 4211 4210
f 4214 4210 4212
f 4211 4146 4149
f 4211 4149 4210
f 4213 4212 4209
f 4213 4209 4226
f 4216 4214 4212
f 4216 4212 4213
f 4215 4283 4211
f 4215 4211 4214
f 4217 4215 4214
f 4217 4214 4216
f 4219 4217 4216
f 4219 4216 4218
f 4218 4216 4213
f 4218 4213 4221
f 4299 4219 4218
f 4299 4218 4220
f 4220 4218 4221
f 4220 4221 4222
f 4222 4221 4223
f 4222 4223 4225
f 4221 4213 4226
f 4221 4226 4223
f 4223 4226 4227
f 4223 4227 4224
f 4225 4223 4224
f 4225 4224 4232
f 4230 4228 4227
f 4230 4227 4226
f 4230 4226 4209
f 4228 4229 4224
f 4228 4224 4227
f 4229 3884 4233
f 4229 4233 4232
f 4229 4232 4224
f 4233 4234 4235
f 4233 4235 4231
f 4233 4231 4225
f 4233 4225 4232
f 4242 4222 4225
f 4242 4225 4231
f 3879 4427 4425
f 3879 4425 4237
f 3879 4237 4236
f 3879 4236 4235
f 3879 4235 4234
f 4235 4236 4238
f 4235 4238 4231
f 4239 4238 4236
f 4239 4236 4237
f 4239 4237 4320
f 4239 4320 4317
f 4239 4317 4240
f 4238 4239 4241
f 4238 4241 4242
f 4238 4242 4231
f 4243 4241 4239
f 4243 4239 4240
f 4243 4240 4244
f 4241 4243 4245
f 4241 4245 4246
f 4241 4246 4242
f 4247 4245 4243
f 4247 4243 4244
f 4247 4244 4248
f 4245 4247 4249
f 4245 4249 4250
f 4245 4250 4246
f 4251 4249 4247
f 4251 4247 4248
f 4251 4248 4252
f 4249 4251 4253
f 4249 4253 4254
f 4249 4254 4250
f 4255 4253 4251
f 4255 4251 4252
f 4255 4252 4256
f 4253 4255 4257
f 4253 4257 4258
f 4253 4258 4254
f 4259 4257 4255
f 4259 4255 4256
f 4259 4256 4260
f 4257 4259 4261
f 4257 4261 4263
f 4257 4263 4258
f 4300 4262 4261
f 4300 4261 4259
f 4300 4259 4260
f 4261 4262 4264
f 4261 4264 4263
f 4264 4296 4266
f 4264 4266 4265
f 4264 4265 4263
f 4263 4265 4267
f 4263 4267 4258
f 4266 4269 4268
f 4266 4268 4265
f 4265 4268 4270
f 4265 4270 4267
f 4269 4272 4271
f 4269 4271 4268
f 4268 4271 4273
f 4268 4273 4270
f 4272 4275 4274
f 4272 4274 4271
f 4271 4274 4277
f 4271 4277 4273
f 4293 4292 4276
f 4293 4276 4274
f 4293 4274 4275
f 4274 4276 4278
f 4274 4278 4277
f 4277 4278 4281
f 4277 4281 4279
f 4273 4277 4279
f 4273 4279 4280
f 4280 4279 4215
f 4280 4215 4217
f 4279 4281 4283
f 4279 4283 4215
f 4278 4288 4282
f 4278 4282 4281
f 4281 4282 4284
f 4281 4284 4283
f 4283 4284 4146
f 4283 4146 4211
f 4286 4285 4284
f 4286 4284 4282
f 4287 4286 4282
f 4287 4282 4288
f 4289 4287 4288
f 4289 4288 4290
f 4291 4139 4289
f 4291 4289 4290
f 4292 4291 4290
f 4292 4290 4276
f 4276 4290 4288
f 4276 4288 4278
f 4294 4293 4275
f 4294 4275 4272
f 4295 4294 4272
f 4295 4272 4269
f 4296 4295 4269
f 4296 4269 4266
f 4270 4273 4280
f 4270 4280 4297
f 4297 4280 4217
f 4297 4217 4219
f 4298 4297 4219
f 4298 4219 4299
f 4267 4270 4297
f 4267 4297 4298
f 4258 4267 4298
f 4258 4298 4254
f 4254 4298 4299
f 4254 4299 4250
f 4250 4299 4220
f 4250 4220 4246
f 4262 4300 4301
f 4262 4301 4302
f 4262 4302 4423
f 4262 4423 4414
f 4262 4414 4413
f 4262 4413 4411
f 4262 4411 4410
f 4262 4410 4412
f 4262 4412 1934
f 4301 4300 4260
f 4301 4260 4303
f 4302 4301 4303
f 4302 4303 4304
f 4304 4303 4305
f 4304 4305 4306
f 4303 4260 4256
f 4303 4256 4305
f 4305 4256 4252
f 4305 4252 4307
f 4306 4305 4307
f 4306 4307 4308
f 4307 4252 4248
f 4307 4248 4309
f 4308 4307 4309
f 4308 4309 4310
f 4310 4309 4311
f 4310 4311 4312
f 4309 4248 4244
f 4309 4244 4311
f 4312 4311 4313
f 4312 4313 4314
f 4311 4244 4240
f 4311 4240 4313
f 4313 4240 4317
f 4313 4317 4315
f 4314 4313 4315
f 4314 4315 4316
f 4318 4319 2090
f 4318 2090 4316
f 4318 4316 4315
f 4320 4318 4315
f 4320 4315 4317
f 4425 4426 2086
f 4425 2086 4319
f 4425 4319 4318
f 4425 4318 4320
f 4425 4320 4237
f 4321 4312 4314
f 4321 4314 2092
f 4322 4310 4312
f 4322 4312 4321
f 4324 4322 4321
f 4324 4321 4323
f 4323 4321 2092
f 4323 2092 2096
f 4325 4326 4324
f 4325 4324 4323
f 4327 4325 4323
f 4327 4323 2096
f 4328 4326 4325
f 4328 4325 4327
f 4328 4327 2098
f 4328 2098 4369
f 4328 4369 4348
f 4328 4348 4331
f 4328 4331 4330
f 4326 4328 4329
f 4326 4329 4419
f 4326 4419 4324
f 4330 4332 4334
f 4330 4334 4336
f 4330 4336 4337
f 4330 4337 4424
f 4330 4424 4398
f 4330 4398 4397
f 4330 4397 4399
f 4330 4399 4400
f 4330 4400 4402
f 4330 4402 4404
f 4330 4404 4406
f 4330 4406 4407
f 4330 4407 4411
f 4330 4411 4413
f 4330 4413 4415
f 4330 4415 4417
f 4330 4417 4329
f 4330 4329 4328
f 4332 4330 4331
f 4332 4331 4346
f 4332 4346 4333
f 4334 4332 4333
f 4334 4333 4335
f 4336 4334 4335
f 4336 4335 4338
f 4337 4336 4338
f 4337 4338 4339
f 4339 4338 4335
f 4339 4335 4343
f 4339 4343 4341
f 4424 4337 4339
f 4424 4339 4340
f 4394 4395 4340
f 4394 4340 4339
f 4394 4339 4341
f 4394 4341 4342
f 4335 4333 4344
f 4335 4344 4343
f 4333 4346 4345
f 4333 4345 4344
f 4349 4350 4351
f 4349 4351 4352
f 4349 4352 4353
f 4349 4353 4354
f 4349 4354 4355
f 4349 4355 4356
f 4349 4356 4358
f 4349 4358 4359
f 4349 4359 4360
f 4349 4360 4361
f 4349 4361 4363
f 4349 4363 4364
f 4349 4364 4365
f 4349 4365 4366
f 4349 4366 4367
f 4349 4367 4368
f 4349 4368 1930
f 4349 1930 4345
f 4349 4345 4346
f 4349 4346 4347
f 4331 4348 4347
f 4331 4347 4346
f 4348 4369 4370
f 4348 4370 4371
f 4348 4371 4384
f 4348 4384 4385
f 4348 4385 4386
f 4348 4386 4387
f 4348 4387 4388
f 4348 4388 4389
f 4348 4389 4390
f 4348 4390 4391
f 4348 4391 4392
f 4348 4392 1928
f 4348 1928 4349
f 4348 4349 4347
f 4376 4373 4372
f 4376 4372 4374
f 4376 4374 4375
f 4376 4375 2101
f 4376 2101 4383
f 4376 4383 4382
f 4376 4382 4380
f 4376 4380 4377
f 4376 4378 4379
f 4376 4379 4373
f 4376 4377 4381
f 4376 4381 1924
f 4376 1924 4378
f 4403 4401 4396
f 4403 4396 4394
f 4403 4394 4342
f 4403 4342 4393
f 4397 4398 4395
f 4397 4395 4394
f 4399 4397 4394
f 4399 4394 4396
f 4400 4399 4396
f 4400 4396 4401
f 4402 4400 4401
f 4402 4401 4403
f 4404 4402 4403
f 4404 4403 4405
f 4406 4404 4405
f 4406 4405 4408
f 4407 4406 4408
f 4407 4408 4409
f 4412 4410 4409
f 4412 4409 4408
f 4412 4408 4405
f 4412 4405 4403
f 4412 4403 4393
f 4410 4411 4407
f 4410 4407 4409
f 4415 4413 4414
f 4415 4414 4416
f 4417 4415 4416
f 4417 4416 4418
f 4329 4417 4418
f 4329 4418 4419
f 4416 4422 4420
f 4416 4420 4418
f 4418 4420 4421
f 4418 4421 4419
f 4420 4306 4308
f 4420 4308 4421
f 4422 4304 4306
f 4422 4306 4420
f 4414 4423 4422
f 4414 4422 4416
f 4423 4302 4304
f 4423 4304 4422
f 4419 4421 4322
f 4419 4322 4324
f 4421 4308 4310
f 4421 4310 4322
f 4398 4424 4340
f 4398 4340 4395
f 4246 4220 4222
f 4246 4222 4242
f 4433 4430 4428
f 4433 4428 4429
f 4434 4433 4429
f 4434 4429 4435
f 4436 4434 4435
f 4436 4435 4438
f 4437 4436 4438
f 4437 4438 4439
f 4442 4437 4439
f 4442 4439 4440
f 4443 4442 4440
f 4443 4440 4441
f 4444 4443 4441
f 4444 4441 4446
f 4445 4444 4446
f 4445 4446 4447
f 4449 4445 4447
f 4449 4447 4448
f 4132 4466 4124
f 4132 4124 4126
f 4466 4467 4469
f 4466 4469 4124
f 4467 4468 4471
f 4467 4471 4473
f 4467 4473 4474
f 4467 4474 4475
f 4467 4475 4476
f 4467 4476 4477
f 4467 4477 4478
f 4467 4478 4111
f 4467 4111 4470
f 4467 4470 4469
f 4499 4101 4496
f 4499 4496 4497
f 4500 4499 4497
f 4500 4497 4498
f 4502 4501 4500
f 4502 4500 4498
f 4502 4498 1934
f 4504 3945 3943
f 2279 1933 1936
f 2279 1936 4505
f 2136 4509 4507
f 2136 4507 4506
f 4509 4510 4508
f 4509 4508 4507
f 4510 4511 4512
f 4510 4512 4508
f 4511 2129 2045
f 4511 2045 4512
f 4515 2125 4514
f 4515 4514 4519
f 4515 4519 4518
f 4515 4518 4517
f 4531 4516 4515
f 4531 4515 4517
f 4531 4517 2055
f 4531 2055 4532
f 4514 4522 4520
f 4514 4520 4519
f 4522 4523 4521
f 4522 4521 4520
f 4523 4524 4526
f 4523 4526 4521
f 4524 4525 4527
f 4524 4527 4526
f 4525 4528 2034
f 4525 2034 4527
f 4516 4531 2065
f 4516 2065 2058
f 4516 2058 4530
f 4532 2057 2065
f 4532 2065 4531
f 4543 2112 4544
f 4543 4544 4545
f 4546 2025 2029
f 4546 2029 4543
f 4546 4543 4545
f 4552 4550 4551
f 4552 4551 4553
f 4553 4557 2060
f 4553 2060 4555
f 4553 4555 4554
f 4553 4554 4552
f 4554 4555 4556
f 4558 2060 4557
f 4570 2023 2021
f 4570 2021 2019
f 4570 2019 2014
f 4570 2014 4572
f 4570 4572 1995
f 4570 1995 4571
f 4579 4581 4576
f 4579 4576 1980
f 4579 1980 4577
f 4582 4579 4577
f 4582 4577 4578
f 4579 4582 4583
f 4579 4583 4580
f 4579 4580 4636
f 4579 4636 4581
f 4582 4578 4586
f 4582 4586 4584
f 4582 4584 4585
f 4582 4585 4583
f 4600 1920 4636
f 4600 4636 4580
f 4600 4580 4583
f 4600 4583 4585
f 4600 4585 4584
f 4600 4584 4586
f 4600 4586 4587
f 4600 4587 4588
f 4600 4588 4590
f 4600 4590 4591
f 4600 4591 4592
f 4600 4592 4593
f 4600 4593 4594
f 4600 4594 4595
f 4600 4595 4596
f 4600 4596 4597
f 4600 4597 4598
f 4600 4598 4599
f 4589 4588 4587
f 4589 4587 1977
f 4589 1977 4635
f 4589 4635 4634
f 4589 4602 4601
f 4589 4601 4599
f 4589 4599 4598
f 4589 4598 4597
f 4589 4597 4596
f 4589 4596 4595
f 4589 4595 4594
f 4589 4594 4593
f 4589 4593 4592
f 4589 4592 4591
f 4589 4591 4590
f 4589 4590 4588
f 4599 4601 4603
f 4599 4603 4604
f 4599 4604 4605
f 4599 4605 4606
f 4599 4606 4607
f 4599 4607 4609
f 4599 4609 4610
f 4599 4610 4611
f 4599 4611 4612
f 4599 4612 4613
f 4599 4613 4614
f 4599 4614 4615
f 4599 4615 4616
f 4599 4616 4617
f 4599 4617 4618
f 4599 4618 4619
f 4599 4619 4620
f 4599 4620 4621
f 4599 4621 4622
f 4599 4622 4623
f 4599 4623 1931
f 4599 1931 1926
f 4599 1926 4600
f 4602 4624 4623
f 4602 4623 4622
f 4602 4622 4621
f 4602 4621 4620
f 4602 4620 4619
f 4602 4619 4618
f 4602 4618 4617
f 4602 4617 4616
f 4602 4616 4615
f 4602 4615 4614
f 4602 4614 4613
f 4602 4613 4612
f 4602 4612 4611
f 4602 4611 4608
f 4602 4608 4607
f 4602 4607 4606
f 4602 4606 4605
f 4602 4605 4604
f 4602 4604 4603
f 4602 4603 4601
f 4624 4602 4625
f 4624 4625 1939
f 4602 4589 4626
f 4602 4626 4625
f 4589 4634 4628
f 4589 4628 4627
f 4589 4627 4626
f 4631 4629 4627
f 4631 4627 4628
f 4631 1970 4630
f 4631 4630 4629
f 1971 4631 4628
f 1971 4628 4634
f 1971 4634 4635
f 1970 1967 4632
f 1970 4632 4630
f 1967 1964 4633
f 1967 4633 4632
f 1964 1962 1942
f 1964 1942 4633
