# baked from RL_hip.dae
v 0.08999997 0.00310795995 -0.0536099602
v 0.08999997 0.0180859462 -0.0505629714
v 0.08999997 -0.0121219739 -0.0523139791
v 0.07899999 0.00310795995 -0.0536099602
v 0.07049995 0.00310795995 -0.0536099602
v 0.07899999 -0.0121219739 -0.0523139791
v 0.07899999 0.0180859462 -0.0505629714
v 0.07049995 0.0180859462 -0.0505629714
v 0.07899999 0.0315979667 -0.0434190024
v 0.07899999 0.0425509775 -0.0327579932
v 0.08999997 0.0315979667 -0.0434190024
v 0.07049995 0.0315979667 -0.0434190024
v 0.06849998 0.0310099668 -0.0426110023
v 0.07049995 0.0425509775 -0.0327579932
v 0.07049995 0.0500559785 -0.0194429738
v 0.06849998 0.0417589476 -0.0321480032
v 0.06849998 0.0491239986 -0.0190809937
v 0.06849998 0.0525099597 -0.00446898096
v 0.07049995 0.0535069697 -0.00455296404
v 0.06849998 0.0516420008 0.0105069761
v 0.07049995 0.0526219608 0.010705936
v 0.06849998 0.0465899719 0.0246299465
v 0.07049995 0.0474739619 0.0250979564
v 0.06849998 0.0377639528 0.0367579371
v 0.07049995 0.0384799828 0.0374559671
v 0.06849998 0.0258779535 0.045908978
v 0.06849998 0.0118959539 0.0513399791
v 0.07049995 0.0263689735 0.046779988
v 0.07899999 0.0263689735 0.046779988
v 0.07049995 0.0121219739 0.0523139791
v 0.07049995 -0.00310795995 0.0536099602
v 0.07899999 0.0121219739 0.0523139791
v 0.07899999 -0.00310795995 0.0536099602
v 0.08999997 0.0121219739 0.0523139791
v 0.08999997 0.0263689735 0.046779988
v 0.08999997 -0.00310795995 0.0536099602
v 0.08999997 -0.0180859462 0.0505629714
v 0.08999997 -0.0315979667 0.0434190024
v 0.07899999 -0.0180859462 0.0505629714
v 0.07049995 -0.0180859462 0.0505629714
v 0.07899999 -0.0315979667 0.0434190024
v 0.07049995 -0.0315979667 0.0434190024
v 0.07899999 -0.0425509775 0.0327579932
v 0.07899999 -0.0500559785 0.0194429738
v 0.07049995 -0.0425509775 0.0327579932
v 0.08999997 -0.0425509775 0.0327579932
v 0.08999997 -0.0500559785 0.0194429738
v 0.08999997 -0.0535069697 0.00455296404
v 0.08999997 -0.0526219608 -0.010705936
v 0.07899999 -0.0535069697 0.00455296404
v 0.07899999 -0.0526219608 -0.010705936
v 0.07049995 -0.0535069697 0.00455296404
v 0.06849998 -0.0525099597 0.00446898096
v 0.07049995 -0.0526219608 -0.010705936
v 0.07049995 -0.0500559785 0.0194429738
v 0.06849998 -0.0491239986 0.0190809937
v 0.06849998 -0.0417589476 0.0321480032
v 0.06849998 -0.0310099668 0.0426110023
v 0.06849998 -0.0177489463 0.0496209813
v 0.06849998 -0.00304996503 0.0526119402
v 0.07049995 -0.0474739619 -0.0250979564
v 0.06849998 -0.0516420008 -0.0105069761
v 0.06849998 -0.0465899719 -0.0246299465
v 0.06849998 -0.0377639528 -0.0367589471
v 0.06849998 -0.0258779535 -0.045908978
v 0.07049995 -0.0384799828 -0.0374559671
v 0.07899999 -0.0384799828 -0.0374559671
v 0.07049995 -0.0263689735 -0.046779988
v 0.07049995 -0.0121219739 -0.0523139791
v 0.07899999 -0.0263689735 -0.046779988
v 0.08999997 -0.0263689735 -0.046779988
v 0.08999997 -0.0384799828 -0.0374559671
v 0.08999997 -0.0474739619 -0.0250979564
v 0.07899999 -0.0474739619 -0.0250979564
v 0.06849998 -0.0118959539 -0.0513399791
v 0.06849998 0.00304996503 -0.0526119402
v 0.06849998 0.0177489463 -0.0496209813
v 0.08999997 0.0384799828 0.0374559671
v 0.07899999 0.0384799828 0.0374559671
v 0.08999997 0.0474739619 0.0250979564
v 0.07899999 0.0474739619 0.0250979564
v 0.08999997 0.0526219608 0.010705936
v 0.08999997 0.0535069697 -0.00455296404
v 0.07899999 0.0526219608 0.010705936
v 0.07899999 0.0535069697 -0.00455296404
v 0.07899999 0.0500559785 -0.0194429738
v 0.08999997 0.0500559785 -0.0194429738
v 0.08999997 0.0425509775 -0.0327579932
v 0.06849998 -0.0513169708 -0.0110799561
v 0.06849998 -0.0519099807 -0.00990795608
v 0.06849998 -0.0464629518 -0.0244429665
v 0.06799995 -0.0518059708 -0.0111859961
v 0.05762898 -0.0518059708 -0.0111859961
v 0.06799995 -0.0522849508 -0.0102389961
v 0.06799995 -0.0469049819 -0.0246759565
v 0.05762898 -0.0469049819 -0.0246759565
v 0.06799995 -0.0385649827 -0.0363559671
v 0.06849998 -0.0382009727 -0.0360129371
v 0.06799995 -0.0385649827 -0.0363559671
v 0.05762898 -0.0385649827 -0.0363559671
v 0.06799995 -0.0273969734 -0.0453699779
v 0.06849998 -0.0271379934 -0.044941958
v 0.06799995 -0.0273959634 -0.0453699779
v 0.06799995 -0.0142189839 -0.0510569789
v 0.06549996 -0.0273959634 -0.0453699779
v 0.06549996 -0.0279999934 -0.0449999479
v 0.06549996 -0.0271430034 -0.045521968
v 0.05744498 -0.0269569734 -0.045657988
v 0.06549996 -0.0262749735 -0.046028968
v 0.06549996 -0.0248059635 -0.0468369681
v 0.05658799 -0.0257759635 -0.0464739681
v 0.05713397 -0.0264070035 -0.046026998
v 0.05589199 -0.0251759835 -0.0469219581
v 0.05580896 -0.0252040035 -0.0468159881
v 0.05437296 -0.0242059836 -0.0476949782
v 0.05430299 -0.0242480036 -0.0475889982
v 0.05385094 -0.0239419936 -0.0479189682
v 0.05268198 -0.0234599737 -0.0483569482
v 0.05242794 -0.0233739637 -0.0484399682
v 0.05262696 -0.0235139736 -0.0482469682
v 0.053451 -0.0238359536 -0.0479469782
v 0.051907 -0.0232949837 -0.0484729982
v 0.05190998 -0.0232949835 -0.0468869782
v 0.05080598 -0.0230720037 -0.0487479483
v 0.05080598 -0.0230720037 -0.0487479483
v 0.05026096 -0.0230000037 -0.0488659683
v 0.03196895 -0.0196369841 -0.0545519485
v 0.05029499 -0.0229269837 -0.0489819583
v 0.05026096 -0.0230000036 -0.0472679683
v 0.05104595 -0.0231099736 -0.0470999383
v 0.05025899 -0.0228899736 -0.0471929883
v 0.03019899 -0.0192199941 -0.0536679585
v 0.03019899 -0.0192199942 -0.0552569585
v 0.02350795 -0.0175409943 -0.0565109787
v 0.02349799 -0.0174489643 -0.0564349787
v 0.01950895 -0.0164789544 -0.0581499888
v 0.01949799 -0.0164149944 -0.0580759588
v 0.01541399 -0.0153619645 -0.0594909688
v 0.01119196 -0.0141919845 -0.0599009889
v 0.01540696 -0.0153279945 -0.0594289788
v 0.01811397 -0.0160499844 -0.0585799788
v 0.01394599 -0.0149349545 -0.0597749889
v 0.02826398 -0.0150769941 -0.0539169889
v 0.01138097 -0.0142389545 -0.0599219689
v 0.02791595 -0.014283954 -0.0529479889
v 0.011186 -0.0141859645 -0.0598699989
v 0.01099997 -0.0139999944 -0.0587999789
v 0.01099997 -0.0139999942 -0.0549839689
v 0.02748495 -0.0139999939 -0.0517499989
v 0.04511696 -0.0139999935 -0.0467679489
v 0.04537194 -0.0143039836 -0.0480589789
v 0.06349998 -0.0139999934 -0.0451349589
v 0.06349998 -0.0139999917 -0.0225679789
v 0.06449997 -0.0142679834 -0.0451359689
v 0.06347495 -0.0143289535 -0.0464999589
v 0.06347495 -0.0143359835 -0.0465149789
v 0.06345498 -0.0152599836 -0.0475789888
v 0.06448596 -0.0145669535 -0.0463959489
v 0.06522798 -0.0152169435 -0.0460589489
v 0.06447398 -0.0154109536 -0.0473769888
v 0.06450098 -0.0142679834 -0.0451359689
v 0.06523197 -0.0149989734 -0.0451359689
v 0.06523197 -0.0149999834 -0.0451359689
v 0.06549996 -0.0159999734 -0.0451359688
v 0.06523197 -0.0149999817 -0.0225679789
v 0.06549996 -0.0159999717 -0.0225679788
v 0.06523197 -0.01499998 1.13246699e-09
v 0.06449997 -0.0142679817 -0.0225679789
v 0.06449997 -0.01426798 1.07720253e-09
v 0.06349998 -0.01399999 1.05696985e-09
v 0.06449997 -0.0142679783 0.0225679811
v 0.06523197 -0.0149999783 0.0225679811
v 0.06449997 -0.0142679766 0.0451359711
v 0.06349998 -0.0139999883 0.0225679811
v 0.06349998 -0.0139999866 0.0451349611
v 0.06347495 -0.0143289465 0.0464999611
v 0.04511696 -0.0139999865 0.0467679511
v 0.02748495 -0.0139999861 0.0517500011
v 0.04537194 -0.0143039764 0.0480589811
v 0.04557496 -0.0151579863 0.0490919911
v 0.02791595 -0.014283946 0.0529479911
v 0.02826398 -0.0150769859 0.0539169911
v 0.01138097 -0.0142389455 0.0599219711
v 0.01394599 -0.0149349455 0.0597749911
v 0.011186 -0.0141859555 0.0598709511
v 0.01099997 -0.0139999856 0.0587999811
v 0.01119196 -0.0141919755 0.0599009911
v 0.01541399 -0.0153619555 0.0594909712
v 0.01119196 -0.0141919754 0.0613479611
v 0.01211297 -0.0144479753 0.0621079811
v 0.01105594 -0.0140559554 0.0613359811
v 0.01085299 -0.0138529454 0.061023951
v 0.01184594 -0.0142689853 0.0620829411
v 0.01171696 4.72435584e-09 0.06257599
v 0.01208698 -0.0143339553 0.0622220011
v 0.01324599 -0.0146429453 0.0625379611
v 0.01299196 4.76549993e-09 0.06312096
v 0.01339095 -0.0146809753 0.0625439811
v 0.01405894 -0.0148579353 0.0624769911
v 0.01336097 -0.0147939853 0.0624150011
v 0.01461797 -0.0151419553 0.0621419511
v 0.01470398 -0.0150279853 0.0622599711
v 0.03019899 -0.0192199858 0.0552569615
v 0.03019899 -0.0192199859 0.0536679615
v 0.03196895 -0.0196369759 0.0545519515
v 0.05026096 -0.0229999963 0.0488659717
v 0.03203397 -0.0195519859 0.0546689615
v 0.03923296 -0.0211109461 0.0520429616
v 0.05029499 -0.0229269763 0.0489819617
v 0.03943699 -0.0104569658 0.0551859708
v 0.05240696 -0.011432936 0.0526309609
v 0.03949195 4.23875334e-09 0.05614399
v 0.01445996 -0.00752794225 0.0628609606
v 0.01437997 4.75878137e-09 0.06303197
v 0.01445996 0.00752795175 0.0628609594
v 0.03943699 0.0104569742 0.0551859692
v 0.01470398 0.0150279947 0.0622599689
v 0.01461797 0.0151419647 0.0621419489
v 0.01462996 0.0150089847 0.0622939389
v 0.03203397 0.0195519941 0.0546689585
v 0.03196895 0.0196369841 0.0545519485
v 0.03923296 0.0211109539 0.0520429584
v 0.05029499 0.0229269837 0.0489819583
v 0.05026096 0.0230000037 0.0488659683
v 0.05084198 0.0230000037 0.0488639383
v 0.05223995 0.0230000037 0.0486659983
v 0.05084198 0.0230000037 0.0488639383
v 0.05080598 0.0230729537 0.0487479483
v 0.05080598 0.0230729537 0.0487479483
v 0.05381298 0.0240010036 0.0477999982
v 0.05405896 0.0241219936 0.0476959882
v 0.05381798 0.0240019535 0.0462149882
v 0.05104595 0.0231099736 0.0470999383
v 0.05422896 0.0242069935 0.0460349882
v 0.05426096 0.0240869535 0.0459669782
v 0.05669397 0.0259999634 0.044592968
v 0.05669397 0.0259999635 0.046215948
v 0.05684697 0.0259999634 0.044448968
v 0.05567497 0.0249549734 0.0452499881
v 0.06351697 0.0259999633 0.044345968
v 0.06353497 0.0246700034 0.0451169581
v 0.06403595 0.0259999633 0.044260968
v 0.06450796 0.0259999633 0.044026968
v 0.065234 0.0259999633 0.043167938
v 0.06451195 0.0228849635 0.0456999483
v 0.06352198 0.0230000035 0.0459499883
v 0.06451296 0.0228839535 0.0456999483
v 0.06446897 0.0178989736 0.0477339586
v 0.06523495 0.0225780034 0.0450369683
v 0.06522399 0.0176589436 0.0470399787
v 0.06523597 0.0225780034 0.0450369683
v 0.06549996 0.0221619633 0.0441339583
v 0.06549996 0.0173269535 0.0460809387
v 0.06549996 0.0259999632 0.041989978
v 0.06549996 0.0259999635 0.046183998
v 0.056804 0.0259999635 0.046312978
v 0.06549996 0.0247329435 0.0468749981
v 0.06549996 0.0273959634 0.0453699779
v 0.06549996 0.0385649827 0.0363559671
v 0.06799995 0.0273959634 0.0453699779
v 0.06799995 0.0273969734 0.0453699779
v 0.06799995 0.0142189839 0.0510569789
v 0.06799995 0.0142179739 0.0510569789
v 0.06849998 0.0140849938 0.0505749489
v 0.06849998 3.96363522e-09 0.05249994
v 0.06849998 0.0271379934 0.044941958
v 0.06849998 0.0382009727 0.0360129371
v 0.06849998 0.0464629518 0.0244429665
v 0.06799995 0.0385649827 0.0363559671
v 0.06799995 0.0469049819 0.0246759565
v 0.06799995 0.0385649827 0.0363559671
v 0.06799995 0.0518059708 0.0111859961
v 0.06549996 0.0469049819 0.0246759565
v 0.06549996 0.0518059708 0.0111859961
v 0.06549996 0.05280297 -3.98651335e-09
v 0.06799995 0.05280494 -3.98666208e-09
v 0.06549996 0.0518059692 -0.0111860039
v 0.06799995 0.0518059692 -0.0111860039
v 0.06549996 0.0469049781 -0.0246749535
v 0.06799995 0.0469049781 -0.0246759635
v 0.06549996 0.0385649773 -0.0363549529
v 0.06799995 0.0385649773 -0.0363559729
v 0.06549996 0.0273969666 -0.0453699821
v 0.06549996 0.0259999565 -0.046184002
v 0.06799995 0.0273969666 -0.0453699821
v 0.06849998 0.0271379866 -0.044941962
v 0.06799995 0.0142199861 -0.0510569811
v 0.06549996 0.0142199861 -0.0510559611
v 0.06799995 0.0142189761 -0.0510569811
v 0.06799995 -4.00138644e-09 -0.05299997
v 0.06849998 0.0140849862 -0.0505749511
v 0.06849998 -3.96363522e-09 -0.05249994
v 0.06849998 -0.0140849938 -0.0505749489
v 0.06799995 -0.0142179739 -0.0510569789
v 0.06549996 -4.00138644e-09 -0.05299997
v 0.03949195 -4.23875334e-09 -0.05614399
v 0.06549996 0.0117989661 -0.0516699509
v 0.06549996 -0.0117989739 -0.0516699491
v 0.06549996 -0.0142179739 -0.0510569789
v 0.05240696 -0.011432944 -0.0526309591
v 0.03943699 -0.0104569742 -0.0551859692
v 0.05223995 -0.0230000037 -0.0486659983
v 0.06549996 -0.0230000036 -0.0477489783
v 0.05084198 -0.0230000037 -0.0488639383
v 0.05084198 -0.0230000037 -0.0488639383
v 0.05084198 -0.0230000037 -0.0488639383
v 0.05084198 -0.0230000037 -0.0488639383
v 0.05084198 -0.0230000037 -0.0488639383
v 0.05084198 -0.0230000037 -0.0488639383
v 0.05084198 -0.0230000037 -0.0488639383
v 0.05084198 -0.0230000037 -0.0488639383
v 0.05084198 -0.0230000037 -0.0488639383
v 0.05084198 -0.0230000037 -0.0488639383
v 0.05084198 -0.0230000037 -0.0488639383
v 0.050843 -0.0230000037 -0.0488639383
v 0.050843 -0.0230000037 -0.0488639383
v 0.05084395 -0.0230000037 -0.0488639383
v 0.05084598 -0.0230009537 -0.0488629883
v 0.05085098 -0.0230009537 -0.0488619783
v 0.05085897 -0.0230029837 -0.0488599483
v 0.05087596 -0.0230049437 -0.0488569683
v 0.05090999 -0.0230099537 -0.0488489783
v 0.050978 -0.0230209837 -0.0488339583
v 0.05111294 -0.0230439937 -0.0488029683
v 0.05138099 -0.0230959637 -0.0487379983
v 0.05164694 -0.0231549737 -0.0486699883
v 0.05190998 -0.0232219637 -0.0485969682
v 0.05217099 -0.0232949837 -0.0485199582
v 0.03923296 -0.0211109539 -0.0520429584
v 0.01445996 -0.00752795175 -0.0628609594
v 0.01437997 -4.75878137e-09 -0.06303197
v 0.01470398 -0.0150279947 -0.0622599689
v 0.01461797 -0.0151419647 -0.0621419489
v 0.01462996 -0.0150089847 -0.0622939389
v 0.03203397 -0.0195519941 -0.0546689585
v 0.01458698 -0.0149979547 -0.0623119389
v 0.01458597 -0.0149969447 -0.0623119389
v 0.01458597 -0.0149969447 -0.0623119389
v 0.01458597 -0.0149969447 -0.0623119389
v 0.01458597 -0.0149969447 -0.0623119389
v 0.01458597 -0.0149969447 -0.0623119389
v 0.01458597 -0.0149969447 -0.0623119389
v 0.01458698 -0.0149969447 -0.0623119389
v 0.01458698 -0.0149969447 -0.0623119389
v 0.01458698 -0.0149969447 -0.0623119389
v 0.01458698 -0.0149969447 -0.0623119389
v 0.01458698 -0.0149969447 -0.0623119389
v 0.01458698 -0.0149969447 -0.0623119389
v 0.01458597 -0.0149969447 -0.0623119389
v 0.01458597 -0.0149969447 -0.0623119389
v 0.01458299 -0.0149969447 -0.0623129589
v 0.01457297 -0.0149939647 -0.0623169489
v 0.01437598 -0.0149419947 -0.0623909789
v 0.01405894 -0.0148579447 -0.0624769889
v 0.01339095 -0.0146809847 -0.0625439789
v 0.01336097 -0.0147939947 -0.0624149989
v 0.01324599 -0.0146429547 -0.0625379589
v 0.01299196 -4.76549993e-09 -0.06312096
v 0.01208698 -0.0143339647 -0.0622219989
v 0.01211297 -0.0144479847 -0.0621079789
v 0.01184594 -0.0142689947 -0.0620829389
v 0.01105594 -0.0140559646 -0.0613359789
v 0.01171696 -4.72435584e-09 -0.06257599
v 0.01184594 0.0142689853 -0.0620829411
v 0.01082295 -4.64440431e-09 -0.061517
v 0.01085299 0.0138529454 -0.061022991
v 0.01049995 -4.54225339e-09 -0.06016397
v 0.01085299 -0.0138529546 -0.061022989
v 0.01059299 -0.0135929546 -0.060371989
v 0.01049995 -0.0134999745 -0.059636949
v 0.01049995 -0.0134999742 -0.054983969
v 0.01049995 -4.15117427e-09 -0.05498397
v 0.01071798 -0.0134999741 -0.053859939
v 0.01079398 -0.0134999741 -0.053688999
v 0.01071798 -4.06631236e-09 -0.05385994
v 0.01134198 -3.99383514e-09 -0.05289995
v 0.01071798 0.0134999659 -0.053859941
v 0.01079398 0.0134999659 -0.053689001
v 0.01049995 0.0134999658 -0.054983971
v 0.01099997 0.0139999858 -0.0549839711
v 0.01049995 0.0134999655 -0.059636951
v 0.01059299 0.0135929454 -0.060371991
v 0.01124495 0.0139999859 -0.0539049511
v 0.01099997 0.0139999856 -0.0587999811
v 0.02748495 0.0139999861 -0.0517500011
v 0.011186 0.0141859555 -0.0598700011
v 0.01119196 0.0141919755 -0.0599009911
v 0.01138097 0.0142389455 -0.0599219711
v 0.02791595 0.014283946 -0.0529479911
v 0.01394599 0.0149349455 -0.0597749911
v 0.02826398 0.0150769859 -0.0539169911
v 0.01540696 0.0153279855 -0.0594289812
v 0.01541399 0.0153619555 -0.0594909712
v 0.01811397 0.0160499756 -0.0585799812
v 0.01949799 0.0164149856 -0.0580759612
v 0.02846598 0.0162319459 -0.0544790012
v 0.04568499 0.0163879863 -0.0496499512
v 0.02848297 0.0175359759 -0.0545279913
v 0.02398097 0.0174589658 -0.0562409713
v 0.04317396 0.0177099662 -0.0501569513
v 0.04318195 0.0218279863 -0.0489949516
v 0.04567998 0.0177379763 -0.0496219913
v 0.06344795 0.0179809864 -0.0479699914
v 0.06344598 0.0165829564 -0.0481059513
v 0.06446897 0.0178989664 -0.0477339614
v 0.06352198 0.0229999965 -0.0459499917
v 0.06353497 0.0246699966 -0.0451169619
v 0.06451195 0.0228849565 -0.0456999517
v 0.05104798 0.0229999964 -0.0470229917
v 0.05104595 0.0231099664 -0.0470999417
v 0.05025899 0.0228899664 -0.0471929917
v 0.05142098 0.0230669865 -0.0469389517
v 0.05160796 0.0231059665 -0.0468939517
v 0.05169796 0.0231249865 -0.0468719617
v 0.05174499 0.0231359565 -0.0468599717
v 0.05177098 0.0231419765 -0.0468529417
v 0.05177599 0.0231429865 -0.0468519917
v 0.05177599 0.0231439365 -0.0468519917
v 0.05177599 0.0231439365 -0.0468519917
v 0.05177599 0.0231439365 -0.0468519917
v 0.05177599 0.0231439365 -0.0468519917
v 0.05177599 0.0231429865 -0.0468519917
v 0.05177599 0.0231429865 -0.0468519917
v 0.05177599 0.0231429865 -0.0468519917
v 0.05177599 0.0231429865 -0.0468519917
v 0.05177599 0.0231429865 -0.0468519917
v 0.05177599 0.0231429865 -0.0468519917
v 0.051777 0.0231439365 -0.0468509717
v 0.05178099 0.0231449565 -0.0468499617
v 0.05250895 0.0233479665 -0.0466399718
v 0.053855 0.0238849465 -0.0461429918
v 0.05426096 0.0240869465 -0.0459669818
v 0.05422896 0.0242069865 -0.0460349918
v 0.05495798 0.0244789666 -0.0456359918
v 0.05513995 0.0245919766 -0.0455429519
v 0.05523997 0.0246559866 -0.0454909819
v 0.05525296 0.0246649866 -0.0454839419
v 0.05525898 0.0246689866 -0.0454799519
v 0.05526 0.0246689866 -0.0454799519
v 0.05526 0.0246689866 -0.0454799519
v 0.05526 0.0246689866 -0.0454799519
v 0.05526 0.0246689866 -0.0454799519
v 0.05526 0.0246689866 -0.0454799519
v 0.05526 0.0246689866 -0.0454799519
v 0.05526 0.0246689866 -0.0454799519
v 0.05526 0.0246689866 -0.0454799519
v 0.05526 0.0246689866 -0.0454799519
v 0.05526 0.0246689866 -0.0454799519
v 0.05526 0.0246689866 -0.0454799519
v 0.05526 0.0246689866 -0.0454799519
v 0.05526596 0.0246729766 -0.0454769719
v 0.05528795 0.0246869866 -0.0454649919
v 0.05567497 0.0249549666 -0.0452499919
v 0.05684697 0.0259999566 -0.044448972
v 0.05669397 0.0259999566 -0.044592972
v 0.06351697 0.0259999567 -0.044345972
v 0.06403595 0.0259999567 -0.044260972
v 0.06450796 0.0259999567 -0.044026972
v 0.065234 0.0259999567 -0.043167942
v 0.06523597 0.0225779966 -0.0450359517
v 0.06549996 0.0259999568 -0.041989982
v 0.06549996 0.0221619567 -0.0441339617
v 0.06549996 0.0173269465 -0.0460809413
v 0.06522399 0.0176589364 -0.0470399813
v 0.06549996 0.0168589865 -0.0461259413
v 0.06549996 0.0164219665 -0.0459519612
v 0.06522297 0.0167149864 -0.0471310013
v 0.065225 0.0158359965 -0.0467779612
v 0.06446796 0.0166119864 -0.0478589513
v 0.06446999 0.0178989664 -0.0477339614
v 0.06344598 0.0165759864 -0.0481050013
v 0.06447398 0.0154109464 -0.0473769912
v 0.06448596 0.0145669465 -0.0463959511
v 0.06345498 0.0152649764 -0.0475829812
v 0.06345498 0.0152599764 -0.0475789912
v 0.04557496 0.0151579863 -0.0490919911
v 0.06347495 0.0143359765 -0.0465149811
v 0.06347495 0.0143289465 -0.0464999611
v 0.06349998 0.0139999866 -0.0451349611
v 0.04537194 0.0143039764 -0.0480589811
v 0.04511696 0.0139999865 -0.0467679511
v 0.06449997 0.0142679766 -0.0451359711
v 0.06349998 0.0139999883 -0.0225679811
v 0.06449997 0.0142679783 -0.0225679811
v 0.06349998 0.01399999 -1.05696985e-09
v 0.06349998 0.0139999917 0.0225679789
v 0.06449997 0.01426798 -1.07720253e-09
v 0.05449998 0.01399999 -1.05696985e-09
v 0.05449998 -0.01399999 1.05696985e-09
v 0.05248999 0.0139999889 -0.0145979511
v 0.05248999 0.0139999911 0.0145979489
v 0.05248999 -0.0139999889 0.0145979511
v 0.04660797 0.0139999921 0.0281079989
v 0.03729295 0.013999993 0.0395259789
v 0.04660797 -0.0139999879 0.0281080011
v 0.03729295 -0.013999987 0.0395259811
v 0.02523797 -0.0139999864 0.0479999711
v 0.01292496 -0.013999986 0.0525509711
v 0.02523797 0.0139999936 0.0479999689
v 0.01292496 0.013999994 0.0525509689
v 0.01175194 0.013713954 0.052814959
v 0.011931 0.013999994 0.0530379989
v 0.01124495 0.0139999941 0.0539049489
v 0.01079398 0.0134999741 0.053689949
v 0.01099997 0.0139999942 0.0549839689
v 0.01049995 0.0134999742 0.054983969
v 0.01099997 0.0139999944 0.0587999789
v 0.02748495 0.0139999939 0.0517499989
v 0.011186 0.0141859645 0.0598709489
v 0.01119196 0.0141919845 0.0599009889
v 0.01138097 0.0142389545 0.0599219689
v 0.02791595 0.014283954 0.0529479889
v 0.01394599 0.0149349545 0.0597749889
v 0.01540696 0.0153279945 0.0594289788
v 0.02826398 0.0150769941 0.0539169889
v 0.02846598 0.0162319541 0.0544789988
v 0.04557496 0.0151579937 0.0490919889
v 0.04568499 0.0163879937 0.0496499488
v 0.04537194 0.0143039836 0.0480589789
v 0.06345498 0.0152599836 0.0475789888
v 0.06345498 0.0152649836 0.0475829788
v 0.06347495 0.0143359835 0.0465149789
v 0.06448596 0.0145669535 0.0463959489
v 0.06347495 0.0143289535 0.0464999589
v 0.06349998 0.0139999934 0.0451349589
v 0.04511696 0.0139999935 0.0467679489
v 0.06449997 0.0142679834 0.0451359689
v 0.06450098 0.0142679834 0.0451359689
v 0.06449997 0.0142679817 0.0225679789
v 0.06523197 0.0149999817 0.0225679789
v 0.06523197 0.0149999834 0.0451359689
v 0.06523197 0.01499998 -1.13246699e-09
v 0.06549996 0.0159999717 0.0225679788
v 0.06549996 0.0159999734 0.0451359688
v 0.06549996 0.01599997 -1.20796414e-09
v 0.06549996 0.0159999683 -0.0225679812
v 0.06523197 0.0149999783 -0.0225679811
v 0.06549996 0.0159999666 -0.0451359712
v 0.06523197 0.0149999766 -0.0451359711
v 0.06549996 0.0161119566 -0.0455960012
v 0.06522798 0.0152169365 -0.0460589511
v 0.06523197 0.0149989666 -0.0451359711
v 0.06450098 0.0142679766 -0.0451359711
v 0.06549996 0.0161119634 0.0455959988
v 0.06522798 0.0152169435 0.0460589489
v 0.06549996 0.0164219735 0.0459519588
v 0.065225 0.0158360035 0.0467779588
v 0.06549996 0.0168589935 0.0461259387
v 0.06522297 0.0167149936 0.0471309987
v 0.06446796 0.0166119936 0.0478589487
v 0.06447398 0.0154109536 0.0473769888
v 0.06446999 0.0178989736 0.0477339586
v 0.06344598 0.0165759936 0.0481049987
v 0.06344598 0.0165829636 0.0481059487
v 0.06344795 0.0179809936 0.0479699886
v 0.04567998 0.0177379837 0.0496219887
v 0.04317396 0.0177099738 0.0501569487
v 0.04318195 0.0218279937 0.0489949484
v 0.02848297 0.0175359841 0.0545279887
v 0.02398097 0.0174589742 0.0562409687
v 0.02378499 0.0174109943 0.0563269787
v 0.02423298 0.0176389842 0.0561109687
v 0.023552 0.0174629643 0.0564109587
v 0.02349799 0.0174489643 0.0564349787
v 0.02358198 0.0174509843 0.0564009487
v 0.01949799 0.0164149944 0.0580759588
v 0.02350795 0.0175409943 0.0565109787
v 0.03019899 0.0192199941 0.0536679585
v 0.01950895 0.0164789544 0.0581509388
v 0.01541399 0.0153619645 0.0594909688
v 0.05026096 0.0230000036 0.0472679683
v 0.03019899 0.0192199942 0.0552569585
v 0.05025899 0.0228899736 0.0471929883
v 0.05104798 0.0230000036 0.0470229883
v 0.05142098 0.0230669935 0.0469389483
v 0.05160796 0.0231059735 0.0468939483
v 0.05169796 0.0231249935 0.0468719583
v 0.05174499 0.0231359635 0.0468599683
v 0.05177098 0.0231419835 0.0468529383
v 0.05177599 0.0231429935 0.0468519883
v 0.05177599 0.0231439435 0.0468519883
v 0.05177599 0.0231439435 0.0468519883
v 0.05177599 0.0231439435 0.0468519883
v 0.05177599 0.0231439435 0.0468519883
v 0.05177599 0.0231429935 0.0468519883
v 0.05177599 0.0231429935 0.0468519883
v 0.05177599 0.0231429935 0.0468519883
v 0.05177599 0.0231429935 0.0468519883
v 0.05177599 0.0231429935 0.0468519883
v 0.05177599 0.0231429935 0.0468519883
v 0.051777 0.0231439435 0.0468519883
v 0.05178099 0.0231449635 0.0468509683
v 0.05250895 0.0233479735 0.0466399682
v 0.05385595 0.0238849535 0.0461429882
v 0.01811397 0.0160499844 0.0585799788
v 0.06523197 0.0149989734 0.0451359689
v 0.01119196 0.0141919846 0.0613479589
v 0.01211297 0.0144479847 0.0621079789
v 0.01105594 0.0140559646 0.0613359789
v 0.01184594 0.0142689947 0.0620829389
v 0.01085299 0.0138529546 0.061023949
v 0.01059299 0.0135929546 0.060371989
v 0.01082295 4.64440431e-09 0.061517
v 0.01049995 4.54225339e-09 0.06016397
v 0.01049995 -0.0134999655 0.059636951
v 0.01049995 0.0134999745 0.059636949
v 0.01049995 4.15117427e-09 0.05498397
v 0.01049995 -0.0134999658 0.054983971
v 0.01071798 4.06638937e-09 0.05386096
v 0.01071798 -0.0134999659 0.053860961
v 0.01071798 0.0134999741 0.053860959
v 0.01134198 3.99383514e-09 0.05289995
v 0.01134198 0.013499974 0.052899949
v 0.01134198 -0.013499966 0.052899951
v 0.01175194 -0.013713946 0.052814961
v 0.01079398 -0.0134999659 0.053689951
v 0.01124495 -0.0139999859 0.0539049511
v 0.01099997 -0.0139999858 0.0549839711
v 0.011931 -0.013999986 0.0530380011
v 0.01059299 -0.0135929454 0.060371991
v 0.01208698 0.0143339647 0.0622219989
v 0.01324599 0.0146429547 0.0625379589
v 0.01339095 0.0146809847 0.0625439789
v 0.01336097 0.0147939947 0.0624149989
v 0.01405894 0.0148579447 0.0624769889
v 0.01437598 0.0149419947 0.0623909789
v 0.01457297 0.0149939647 0.0623169489
v 0.01458299 0.0149969447 0.0623129589
v 0.01458597 0.0149969447 0.0623119389
v 0.01458597 0.0149969447 0.0623119389
v 0.01458698 0.0149969447 0.0623119389
v 0.01458698 0.0149969447 0.0623119389
v 0.01458698 0.0149969447 0.0623119389
v 0.01458698 0.0149969447 0.0623119389
v 0.01458698 0.0149969447 0.0623119389
v 0.01458698 0.0149969447 0.0623119389
v 0.01458597 0.0149969447 0.0623119389
v 0.01458597 0.0149969447 0.0623119389
v 0.01458597 0.0149969447 0.0623119389
v 0.01458597 0.0149969447 0.0623119389
v 0.01458597 0.0149969447 0.0623119389
v 0.01458597 0.0149969447 0.0623119389
v 0.01458698 0.0149979547 0.0623119389
v 0.05248999 -0.0139999911 -0.0145979489
v 0.04660797 0.0139999879 -0.0281080011
v 0.04660797 -0.0139999921 -0.0281079989
v 0.03729295 0.013999987 -0.0395259811
v 0.02523797 0.0139999864 -0.0479999711
v 0.03729295 -0.013999993 -0.0395259789
v 0.02523797 -0.0139999936 -0.0479999689
v 0.01292496 -0.013999994 -0.0525509689
v 0.01175194 -0.013713954 -0.052814959
v 0.011931 -0.013999994 -0.0530379989
v 0.01124495 -0.0139999941 -0.0539049489
v 0.01134198 -0.013499974 -0.052899949
v 0.01292496 0.013999986 -0.0525509711
v 0.01175194 0.013713946 -0.052814961
v 0.011931 0.013999986 -0.0530380011
v 0.01134198 0.013499966 -0.052899951
v 0.06523495 0.0225779966 -0.0450369717
v 0.06451296 0.0228839465 -0.0456999517
v 0.05669397 0.0259999565 -0.046215952
v 0.056804 0.0259999565 -0.046312982
v 0.05405896 0.0241219864 -0.0476959918
v 0.05412697 0.0240779464 -0.0478029818
v 0.05381298 0.0240009964 -0.0478000018
v 0.05080598 0.0230729463 -0.0487479517
v 0.05381798 0.0240019465 -0.0462149918
v 0.05080598 0.0230729463 -0.0487479517
v 0.05026096 0.0229999963 -0.0488659717
v 0.03196895 0.0196369759 -0.0545519515
v 0.05029499 0.0229269763 -0.0489819617
v 0.05026096 0.0229999964 -0.0472679717
v 0.03019899 0.0192199859 -0.0536679615
v 0.03019899 0.0192199858 -0.0552569615
v 0.02350795 0.0175409857 -0.0565109813
v 0.01950895 0.0164789456 -0.0581499912
v 0.02349799 0.0174489557 -0.0564349813
v 0.02358198 0.0174509757 -0.0564009513
v 0.023552 0.0174629557 -0.0564109613
v 0.02423298 0.0176389758 -0.0561109713
v 0.02378499 0.0174109857 -0.0563269813
v 0.01461797 0.0151419553 -0.0621419511
v 0.01470398 0.0150279853 -0.0622599711
v 0.01336097 0.0147939853 -0.0624150011
v 0.01339095 0.0146809753 -0.0625439811
v 0.01211297 0.0144479753 -0.0621079811
v 0.01208698 0.0143339553 -0.0622220011
v 0.01119196 0.0141919754 -0.0613479611
v 0.01105594 0.0140559554 -0.0613359811
v 0.01324599 0.0146429453 -0.0625379611
v 0.01405894 0.0148579353 -0.0624769911
v 0.01437598 0.0149419853 -0.0623909811
v 0.01457297 0.0149939553 -0.0623169511
v 0.01458299 0.0149969353 -0.0623129611
v 0.01458597 0.0149969353 -0.0623119411
v 0.01458597 0.0149969353 -0.0623119411
v 0.01458698 0.0149969353 -0.0623119411
v 0.01458698 0.0149969353 -0.0623119411
v 0.01458698 0.0149969353 -0.0623119411
v 0.01458698 0.0149969353 -0.0623119411
v 0.01458698 0.0149969353 -0.0623119411
v 0.01458698 0.0149969353 -0.0623119411
v 0.01458597 0.0149969353 -0.0623119411
v 0.01458597 0.0149969353 -0.0623119411
v 0.01458597 0.0149969353 -0.0623119411
v 0.01458597 0.0149969353 -0.0623119411
v 0.01458597 0.0149969353 -0.0623119411
v 0.01458597 0.0149969353 -0.0623119411
v 0.01458698 0.0149979453 -0.0623119411
v 0.01462996 0.0150089753 -0.0622939411
v 0.03203397 0.0195519859 -0.0546689615
v 0.01445996 0.00752794225 -0.0628609606
v 0.03943699 0.0104569658 -0.0551859708
v 0.05240696 0.011432936 -0.0526309609
v 0.03923296 0.0211109461 -0.0520429616
v 0.05223995 0.0229999963 -0.0486660017
v 0.05084198 0.0229999963 -0.0488639417
v 0.06549996 0.0229999964 -0.0477489817
v 0.06549996 0.0247329365 -0.0468750019
v 0.05370295 0.0238729664 -0.0479799518
v 0.05331695 0.0237039864 -0.0481299718
v 0.05292296 0.0235469864 -0.0482739818
v 0.052522 0.0234049463 -0.0484099918
v 0.05211198 0.0232779863 -0.0485379618
v 0.05169498 0.0231669463 -0.0486570017
v 0.05127197 0.0230739663 -0.0487650017
v 0.05105799 0.0230339663 -0.0488159617
v 0.05094999 0.0230169763 -0.0488399817
v 0.05089598 0.0230079763 -0.0488519617
v 0.05086898 0.0230039863 -0.0488579817
v 0.05085599 0.0230019563 -0.0488609617
v 0.05084896 0.0230009463 -0.0488629917
v 0.05084496 0.0230009463 -0.0488629917
v 0.05084395 0.0229999963 -0.0488639417
v 0.050843 0.0229999963 -0.0488639417
v 0.05084198 0.0229999963 -0.0488639417
v 0.05084198 0.0229999963 -0.0488639417
v 0.05084198 0.0229999963 -0.0488639417
v 0.05084198 0.0229999963 -0.0488639417
v 0.05084198 0.0229999963 -0.0488639417
v 0.05084198 0.0229999963 -0.0488639417
v 0.05084198 0.0229999963 -0.0488639417
v 0.05084198 0.0229999963 -0.0488639417
v 0.05084198 0.0229999963 -0.0488639417
v 0.05084198 0.0229999963 -0.0488639417
v 0.05084198 0.0229999963 -0.0488639417
v 0.01119196 -0.0141919846 -0.0613479589
v 0.06849998 0.0382009673 -0.0360129429
v 0.06849998 0.0464629482 -0.0244429735
v 0.06849998 0.0513169692 -0.0110799639
v 0.06849998 0.05230599 -3.9489924e-09
v 0.06849998 0.0513169708 0.0110799561
v 0.06849998 -0.0140849862 0.0505749511
v 0.06799995 4.00138644e-09 0.05299997
v 0.06549996 4.00138644e-09 0.05299997
v 0.06799995 -0.0142189761 0.0510569811
v 0.06799995 -0.0142199861 0.0510569811
v 0.06549996 -0.0142199861 0.0510569811
v 0.06799995 -0.0273969666 0.0453699821
v 0.06849998 -0.0271379866 0.044941962
v 0.06549996 -0.0273969666 0.0453699821
v 0.06799995 -0.0385649773 0.0363559729
v 0.06849998 -0.0382009673 0.0360129429
v 0.06799995 -0.0469049781 0.0246759635
v 0.05762898 -0.0385649773 0.0363549529
v 0.05762898 -0.0280689466 0.0449569821
v 0.05762898 -0.0389239673 0.0359709829
v 0.0575 -0.0388289573 0.0358839629
v 0.05762898 -0.0469049781 0.0246749535
v 0.05762898 -0.0470269882 0.0244429736
v 0.0575 -0.0469119482 0.0243829435
v 0.05762898 -0.0518059692 0.0111860039
v 0.0575 -0.0516799592 0.0111590039
v 0.06799995 -0.0518059692 0.0111860039
v 0.05762898 -0.0522849492 0.0102390039
v 0.0575 -0.0521879692 0.0101529939
v 0.05762898 -0.0531659693 0.00964695601
v 0.06799995 -0.0522849492 0.0102390039
v 0.06799995 -0.0531659693 0.00964695601
v 0.06849998 -0.0519099793 0.00990796392
v 0.06849998 -0.0530009793 0.009174946
v 0.06849998 -0.0513169692 0.0110799639
v 0.06849998 -0.0464629482 0.0244429735
v 0.06849998 -0.0543099593 0.0090689691
v 0.06799995 -0.0542229993 0.00956094609
v 0.06849998 -0.0606339492 0.0101839946
v 0.06799995 -0.0605479392 0.0106759646
v 0.06849998 -0.0611579992 0.0101359446
v 0.06799995 -0.0613329992 0.0106039646
v 0.06849998 -0.0615849393 0.00982898865
v 0.06799995 -0.0619729692 0.0101439947
v 0.06849998 -0.0617969593 0.00934899267
v 0.06799995 -0.0622909593 0.0094229617
v 0.06849998 -0.0625 4.71861875e-09
v 0.06799995 -0.06299996 4.75636468e-09
v 0.06849998 -0.0617969607 -0.00934898333
v 0.06849998 -0.0615849407 -0.00982897935
v 0.06799995 -0.0622909607 -0.0094229523
v 0.06799995 -0.0619729708 -0.0101439853
v 0.05762898 -0.0622909607 -0.0094229523
v 0.0575 -0.0621629907 -0.00940393931
v 0.05762898 -0.06299996 4.75636468e-09
v 0.05762898 -0.0619729708 -0.0101439853
v 0.05762898 -0.0613330008 -0.0106039554
v 0.0575 -0.0618720008 -0.0100629853
v 0.0575 -0.0612869808 -0.0104829554
v 0.0575 -0.0605700008 -0.0105489354
v 0.0575 -0.0542459407 -0.0094339799
v 0.05762898 -0.0605479408 -0.0106759554
v 0.05762898 -0.0542230007 -0.00956093791
v 0.06799995 -0.0605479408 -0.0106759554
v 0.06849998 -0.0606339508 -0.0101839854
v 0.06799995 -0.0613330008 -0.0106039554
v 0.06799995 -0.0542230007 -0.00956093791
v 0.06849998 -0.0543099607 -0.0090689609
v 0.06799995 -0.0531659707 -0.00964694799
v 0.06849998 -0.0530009807 -0.009174938
v 0.05762898 -0.0531659707 -0.00964694799
v 0.05762898 -0.0522849508 -0.0102389961
v 0.0575 -0.0531229907 -0.00952499699
v 0.0575 -0.0521879708 -0.0101529861
v 0.0575 -0.0516799608 -0.0111589961
v 0.0575 -0.0469119518 -0.0243829365
v 0.0575 -0.0388289627 -0.0358839571
v 0.05762898 -0.0470269918 -0.0244429664
v 0.0575 -0.0279999934 -0.0448479579
v 0.05762898 -0.0389239727 -0.0359709771
v 0.0575 -0.0279319834 -0.0448899779
v 0.05762898 -0.0280689534 -0.0449569779
v 0.0575 -0.0279999933 -0.0431839779
v 0.05758297 -0.0279549933 -0.0431139379
v 0.05715495 -0.0266039933 -0.044145998
v 0.0575 -0.0280449933 -0.0431549479
v 0.05758297 -0.0279999933 -0.0430849679
v 0.0575 -0.0378019826 -0.0349259871
v 0.0575 -0.0452339619 -0.0245499566
v 0.05758297 -0.0377410026 -0.0348699572
v 0.06349998 -0.0377410026 -0.0348699572
v 0.05758297 -0.0451609419 -0.0245109666
v 0.05758297 -0.049803971 -0.0126439862
v 0.06349998 -0.0451609419 -0.0245109666
v 0.06449997 -0.0449259818 -0.0243829366
v 0.06349998 -0.049803971 -0.0126439862
v 0.06449997 -0.0495449909 -0.0125779463
v 0.06349998 -0.05138397 3.87938183e-09
v 0.06449997 -0.05111598 3.85914915e-09
v 0.05758297 -0.05138397 3.87938183e-09
v 0.06349998 -0.049803969 0.0126439938
v 0.06449997 -0.0495449891 0.0125779537
v 0.06349998 -0.0451609381 0.0245109734
v 0.05758297 -0.049803969 0.0126439938
v 0.0575 -0.049883959 0.0126649738
v 0.05758297 -0.0451609381 0.0245109734
v 0.0575 -0.0452339581 0.0245509734
v 0.05758297 -0.0377409974 0.0348699628
v 0.05758297 -0.0279999867 0.0430849721
v 0.0575 -0.0378019774 0.0349259929
v 0.06349998 -0.0377409974 0.0348699628
v 0.06349998 -0.0279999867 0.0430849721
v 0.06449997 -0.0375439474 0.0346889428
v 0.06523197 -0.0370069674 0.0341919628
v 0.06449997 -0.0449259782 0.0243829434
v 0.06449997 -0.0278539568 0.0428609821
v 0.06451296 -0.0228849565 0.0456999517
v 0.06523197 -0.0274549668 0.0422469921
v 0.06549996 -0.0269099369 0.041408002
v 0.06523597 -0.0225779966 0.0450369717
v 0.06549996 -0.0221619567 0.0441339617
v 0.06523495 -0.0225779966 0.0450369717
v 0.06451296 -0.0228839465 0.0456999517
v 0.06522399 -0.0176589364 0.0470399813
v 0.06549996 -0.0173269465 0.0460809413
v 0.06446999 -0.0178989664 0.0477339614
v 0.06522297 -0.0167149864 0.0471310013
v 0.06549996 -0.0168589865 0.0461259413
v 0.065225 -0.0158359965 0.0467779612
v 0.06446796 -0.0166119864 0.0478589513
v 0.06344598 -0.0165759864 0.0481050013
v 0.06447398 -0.0154109464 0.0473769912
v 0.06345498 -0.0152649764 0.0475829812
v 0.06448596 -0.0145669465 0.0463959511
v 0.06347495 -0.0143359765 0.0465149811
v 0.06522798 -0.0152169365 0.0460589511
v 0.06450098 -0.0142679766 0.0451359711
v 0.06523197 -0.0149989666 0.0451359711
v 0.06523197 -0.0149999766 0.0451359711
v 0.06549996 -0.0159999666 0.0451359712
v 0.06549996 -0.0159999683 0.0225679812
v 0.06549996 -0.0161119566 0.0455960012
v 0.06549996 -0.0164219665 0.0459519612
v 0.06549996 -0.01599997 1.20796414e-09
v 0.06549996 -0.04938399 3.72838754e-09
v 0.06549996 -0.0478659809 -0.0121519464
v 0.06549996 -0.0478659791 0.0121519536
v 0.06523197 -0.05038398 3.80388468e-09
v 0.06523197 -0.0488349709 -0.0123979963
v 0.06523197 -0.0488349691 0.0123980037
v 0.06523197 -0.0442819482 0.0240339633
v 0.06549996 -0.0434039782 0.0235569433
v 0.06549996 -0.0362719775 0.0335129427
v 0.06523197 -0.0442819518 -0.0240339567
v 0.06549996 -0.0434039818 -0.0235569367
v 0.06523197 -0.0370069726 -0.0341919572
v 0.06523197 -0.0274549732 -0.0422469879
v 0.06549996 -0.0362719825 -0.0335129373
v 0.06449997 -0.0375439526 -0.0346879872
v 0.06449997 -0.0278539632 -0.0428609779
v 0.06349998 -0.0279999933 -0.0430849679
v 0.06451296 -0.0228849635 -0.0456999483
v 0.06352198 -0.0230000035 -0.0459499883
v 0.06451296 -0.0228839535 -0.0456999483
v 0.06523495 -0.0225780034 -0.0450369683
v 0.06446897 -0.0178989736 -0.0477339586
v 0.06446999 -0.0178989736 -0.0477339586
v 0.06344795 -0.0179809936 -0.0479699886
v 0.04567998 -0.0177379837 -0.0496219887
v 0.06344598 -0.0165829636 -0.0481059487
v 0.06344598 -0.0165759936 -0.0481049987
v 0.04568499 -0.0163879937 -0.0496499488
v 0.02846598 -0.0162319541 -0.0544789988
v 0.04557496 -0.0151579937 -0.0490919889
v 0.02848297 -0.0175359841 -0.0545279887
v 0.04317396 -0.0177099738 -0.0501569487
v 0.02398097 -0.0174589742 -0.0562409687
v 0.02378499 -0.0174109943 -0.0563269787
v 0.02423298 -0.0176389842 -0.0561109687
v 0.023552 -0.0174629643 -0.0564109587
v 0.04318195 -0.0218279937 -0.0489949484
v 0.02358198 -0.0174509843 -0.0564009487
v 0.06345498 -0.0152649836 -0.0475829788
v 0.06446796 -0.0166119936 -0.0478589487
v 0.06522297 -0.0167149936 -0.0471309987
v 0.06522399 -0.0176589436 -0.0470399787
v 0.06549996 -0.0168589935 -0.0461259387
v 0.065225 -0.0158360035 -0.0467779588
v 0.06549996 -0.0164219735 -0.0459519588
v 0.06549996 -0.0161119634 -0.0455959988
v 0.06549996 -0.0173269535 -0.0460809387
v 0.06549996 -0.0221619633 -0.0441339583
v 0.06549996 -0.0269099431 -0.041407998
v 0.06523597 -0.0225780034 -0.0450369683
v 0.06353396 -0.0247689434 -0.0450629481
v 0.05104798 -0.0230000036 -0.0470229883
v 0.05151396 -0.0230859535 -0.0469169583
v 0.05174297 -0.0231359635 -0.0468599683
v 0.05177497 -0.0231429935 -0.0468519883
v 0.05177599 -0.0231429935 -0.0468519883
v 0.05177599 -0.0231429935 -0.0468519883
v 0.05177599 -0.0231429935 -0.0468519883
v 0.05177599 -0.0231429935 -0.0468519883
v 0.05177599 -0.0231429935 -0.0468519883
v 0.05177599 -0.0231429935 -0.0468519883
v 0.05177599 -0.0231429935 -0.0468519883
v 0.05177599 -0.0231429935 -0.0468519883
v 0.05177599 -0.0231429935 -0.0468519883
v 0.05177599 -0.0231429935 -0.0468519883
v 0.05177599 -0.0231429935 -0.0468519883
v 0.05177599 -0.0231439435 -0.0468519883
v 0.051777 -0.0231439435 -0.0468519883
v 0.05177897 -0.0231439435 -0.0468509683
v 0.05178499 -0.0231459735 -0.0468489483
v 0.05183196 -0.0231570035 -0.0468369683
v 0.05197697 -0.0231930035 -0.0467979882
v 0.05285096 -0.0234649735 -0.0465259482
v 0.05283099 -0.0235859735 -0.0465959882
v 0.05405497 -0.0239819835 -0.0460579882
v 0.05449795 -0.0242129535 -0.0458589682
v 0.05446296 -0.0243330035 -0.0459269782
v 0.05526 -0.0246689934 -0.0454799481
v 0.05526 -0.0246689934 -0.0454799481
v 0.05526 -0.0246689934 -0.0454799481
v 0.05526 -0.0246689934 -0.0454799481
v 0.05526 -0.0246689934 -0.0454799481
v 0.05526 -0.0246689934 -0.0454799481
v 0.05526 -0.0246689934 -0.0454799481
v 0.05526 -0.0246689934 -0.0454799481
v 0.05526 -0.0246689934 -0.0454799481
v 0.05526 -0.0246689934 -0.0454799481
v 0.05526 -0.0246689934 -0.0454799481
v 0.05526 -0.0246689934 -0.0454799481
v 0.05526095 -0.0246700034 -0.0454799481
v 0.05526196 -0.0246700034 -0.0454789881
v 0.05526494 -0.0246719734 -0.0454779781
v 0.05527395 -0.0246779934 -0.0454729681
v 0.05530297 -0.0246979534 -0.0454569981
v 0.05540597 -0.0247659634 -0.0454009681
v 0.05563396 -0.0249249934 -0.0452739481
v 0.05597096 -0.0251779534 -0.0450729681
v 0.05592298 -0.0252919734 -0.0451399581
v 0.05662995 -0.0257650034 -0.0446229481
v 0.05715298 -0.0263999733 -0.044158988
v 0.06351399 -0.0261989833 -0.044223958
v 0.06350195 -0.0271059833 -0.043656998
v 0.05743795 -0.0269509533 -0.043774958
v 0.05708497 -0.0264939633 -0.044225988
v 0.05614995 -0.0254789534 -0.0449929781
v 0.05614799 -0.0254780035 -0.0466059981
v 0.05702698 -0.0264089735 -0.045919948
v 0.05715399 -0.0266029835 -0.045781968
v 0.05487698 -0.0245719535 -0.0457249781
v 0.05487298 -0.0245710036 -0.0473199381
v 0.05345499 -0.0238369735 -0.0463629882
v 0.06345498 -0.0152599764 0.0475789912
v 0.06344598 -0.0165829564 0.0481059513
v 0.04568499 -0.0163879863 0.0496499512
v 0.06344795 -0.0179809864 0.0479699914
v 0.04567998 -0.0177379763 0.0496219913
v 0.06352198 -0.0229999965 0.0459499917
v 0.06446897 -0.0178989664 0.0477339614
v 0.06353396 -0.0247689366 0.0450629519
v 0.05104798 -0.0229999964 0.0470229917
v 0.05104595 -0.0231099664 0.0470999417
v 0.05151396 -0.0230859465 0.0469169617
v 0.05025899 -0.0228899664 0.0471929917
v 0.05026096 -0.0229999964 0.0472679717
v 0.04318195 -0.0218279863 0.0489949516
v 0.04317396 -0.0177099662 0.0501569513
v 0.02423298 -0.0176389758 0.0561109713
v 0.02398097 -0.0174589658 0.0562409713
v 0.023552 -0.0174629557 0.0564109613
v 0.02349799 -0.0174489557 0.0564349813
v 0.02358198 -0.0174509757 0.0564009513
v 0.02378499 -0.0174109857 0.0563269813
v 0.01949799 -0.0164149856 0.0580759612
v 0.02350795 -0.0175409857 0.0565109813
v 0.01950895 -0.0164789456 0.0581509412
v 0.01811397 -0.0160499756 0.0585799812
v 0.01540696 -0.0153279855 0.0594289812
v 0.02846598 -0.0162319459 0.0544790012
v 0.02848297 -0.0175359759 0.0545279913
v 0.05174297 -0.0231359565 0.0468599717
v 0.05177497 -0.0231429865 0.0468519917
v 0.05177599 -0.0231429865 0.0468519917
v 0.05177599 -0.0231429865 0.0468519917
v 0.05177599 -0.0231429865 0.0468519917
v 0.05177599 -0.0231429865 0.0468519917
v 0.05177599 -0.0231429865 0.0468519917
v 0.05177599 -0.0231429865 0.0468519917
v 0.05177599 -0.0231429865 0.0468519917
v 0.05177599 -0.0231429865 0.0468519917
v 0.05177599 -0.0231429865 0.0468519917
v 0.05177599 -0.0231429865 0.0468519917
v 0.05177599 -0.0231429865 0.0468519917
v 0.05177599 -0.0231439365 0.0468519917
v 0.051777 -0.0231439365 0.0468519917
v 0.05177897 -0.0231439365 0.0468509717
v 0.05178499 -0.0231459665 0.0468489517
v 0.05183196 -0.0231569965 0.0468369717
v 0.05197697 -0.0231929965 0.0467979918
v 0.05285096 -0.0234649665 0.0465259518
v 0.05283099 -0.0235859665 0.0465959918
v 0.05405497 -0.0239819765 0.0460579918
v 0.05449795 -0.0242129465 0.0458589718
v 0.05446296 -0.0243329965 0.0459269818
v 0.05526 -0.0246689866 0.0454799519
v 0.05526 -0.0246689866 0.0454799519
v 0.05526 -0.0246689866 0.0454799519
v 0.05526 -0.0246689866 0.0454799519
v 0.05526 -0.0246689866 0.0454799519
v 0.05526 -0.0246689866 0.0454799519
v 0.05526 -0.0246689866 0.0454799519
v 0.05526 -0.0246689866 0.0454799519
v 0.05526 -0.0246689866 0.0454799519
v 0.05526 -0.0246689866 0.0454799519
v 0.05526 -0.0246689866 0.0454799519
v 0.05526 -0.0246689866 0.0454799519
v 0.05526095 -0.0246699966 0.0454799519
v 0.05526196 -0.0246699966 0.0454789919
v 0.05526494 -0.0246719666 0.0454779819
v 0.05527395 -0.0246779866 0.0454729719
v 0.05530297 -0.0246979466 0.0454570019
v 0.05540597 -0.0247659566 0.0454009719
v 0.05563396 -0.0249249866 0.0452739519
v 0.05597096 -0.0251779466 0.0450729719
v 0.05592298 -0.0252919666 0.0451399619
v 0.05662995 -0.0257649966 0.0446229519
v 0.05715298 -0.0263999667 0.044158992
v 0.06351399 -0.0261989767 0.044223962
v 0.06350195 -0.0271059767 0.043657952
v 0.05743795 -0.0269509467 0.043774962
v 0.05758297 -0.0279549867 0.0431139421
v 0.0575 -0.0279999867 0.0431839821
v 0.05715495 -0.0266039867 0.044146002
v 0.0575 -0.0280449867 0.0431549521
v 0.0575 -0.0279999866 0.0448479621
v 0.0575 -0.0279319766 0.0448899821
v 0.05762898 -0.0279999866 0.0449999521
v 0.05715399 -0.0266029765 0.045781972
v 0.05702698 -0.0264089665 0.045919952
v 0.05713397 -0.0264069965 0.046027002
v 0.05614799 -0.0254779965 0.0466060019
v 0.05614995 -0.0254789466 0.0449929819
v 0.05580896 -0.0252039965 0.0468159919
v 0.05589199 -0.0251759765 0.0469219619
v 0.05487298 -0.0245709964 0.0473199419
v 0.05487698 -0.0245719465 0.0457249819
v 0.05430299 -0.0242479964 0.0475890018
v 0.05437296 -0.0242059764 0.0476959918
v 0.053451 -0.0238359464 0.0479469818
v 0.05345499 -0.0238369665 0.0463629918
v 0.05262696 -0.0235139664 0.0482469718
v 0.05268299 -0.0234599663 0.0483569518
v 0.051907 -0.0232949763 0.0484730018
v 0.05080598 -0.0230719963 0.0487479517
v 0.05190998 -0.0232949765 0.0468869818
v 0.05080598 -0.0230719963 0.0487479517
v 0.05084198 -0.0229999963 0.0488639417
v 0.05223995 -0.0229999963 0.0486660017
v 0.05084198 -0.0229999963 0.0488639417
v 0.05084198 -0.0229999963 0.0488639417
v 0.05084198 -0.0229999963 0.0488639417
v 0.05084198 -0.0229999963 0.0488639417
v 0.05084198 -0.0229999963 0.0488639417
v 0.05084198 -0.0229999963 0.0488639417
v 0.05084198 -0.0229999963 0.0488639417
v 0.05084198 -0.0229999963 0.0488639417
v 0.05084198 -0.0229999963 0.0488639417
v 0.05084198 -0.0229999963 0.0488639417
v 0.050843 -0.0229999963 0.0488639417
v 0.050843 -0.0229999963 0.0488639417
v 0.05084395 -0.0229999963 0.0488639417
v 0.05084598 -0.0230009463 0.0488629917
v 0.05085098 -0.0230009463 0.0488619817
v 0.05085897 -0.0230029763 0.0488599517
v 0.05087596 -0.0230049363 0.0488569717
v 0.05090999 -0.0230099463 0.0488489817
v 0.050978 -0.0230209763 0.0488339617
v 0.05111294 -0.0230439863 0.0488029717
v 0.05138099 -0.0230959563 0.0487380017
v 0.05164694 -0.0231549663 0.0486699917
v 0.05190998 -0.0232219563 0.0485969718
v 0.05217099 -0.0232949763 0.0485199618
v 0.05242794 -0.0233739563 0.0484399718
v 0.06549996 -0.0229999964 0.0477489817
v 0.06549996 -0.0248059565 0.0468369719
v 0.05385094 -0.0239419864 0.0479189718
v 0.06549996 -0.0262749665 0.046028972
v 0.05658894 -0.0257759565 0.0464739719
v 0.06549996 -0.0271429966 0.045521972
v 0.05744498 -0.0269569666 0.045657992
v 0.05708497 -0.0264939567 0.044225992
v 0.06549996 -0.0279999866 0.0449999521
v 0.0575 -0.051467 3.88565042e-09
v 0.0575 -0.049883961 -0.0126649662
v 0.0575 -0.06287097 4.74662621e-09
v 0.0575 -0.0621629893 0.00940394869
v 0.0575 -0.0618719992 0.0100629947
v 0.05762898 -0.0622909593 0.0094229617
v 0.05762898 -0.0619729692 0.0101439947
v 0.05762898 -0.0613329992 0.0106039646
v 0.0575 -0.0612869792 0.0104829646
v 0.05762898 -0.0605479392 0.0106759646
v 0.05762898 -0.0542229993 0.00956094609
v 0.0575 -0.0605699992 0.0105489446
v 0.0575 -0.0542459393 0.0094339881
v 0.0575 -0.0531229893 0.00952500501
v 0.05762898 -0.0279999934 -0.0449999479
v 0.06849998 -0.0611580008 -0.0101359354
v 0.06549996 -0.0117989661 0.0516699509
v 0.06549996 0.0117989739 0.0516699491
v 0.05240696 0.011432944 0.0526309591
v 0.06549996 0.0142179739 0.0510569789
v 0.06549996 0.0230000036 0.0477489783
v 0.05370295 0.0238729736 0.0479799482
v 0.05331695 0.0237039936 0.0481299682
v 0.05412697 0.0240779536 0.0478029782
v 0.05292296 0.0235469936 0.0482739782
v 0.052522 0.0234049537 0.0484099882
v 0.05211198 0.0232779937 0.0485379582
v 0.05169498 0.0231669537 0.0486569983
v 0.05127197 0.0230739737 0.0487649983
v 0.05105799 0.0230339737 0.0488159583
v 0.05094999 0.0230169837 0.0488399783
v 0.05089598 0.0230079837 0.0488519583
v 0.05086898 0.0230039937 0.0488579783
v 0.05085599 0.0230019637 0.0488609583
v 0.05084896 0.0230009537 0.0488629883
v 0.05084496 0.0230009537 0.0488629883
v 0.05084395 0.0230000037 0.0488639383
v 0.050843 0.0230000037 0.0488639383
v 0.05084198 0.0230000037 0.0488639383
v 0.05084198 0.0230000037 0.0488639383
v 0.05084198 0.0230000037 0.0488639383
v 0.05084198 0.0230000037 0.0488639383
v 0.05084198 0.0230000037 0.0488639383
v 0.05084198 0.0230000037 0.0488639383
v 0.05084198 0.0230000037 0.0488639383
v 0.05084198 0.0230000037 0.0488639383
v 0.05084198 0.0230000037 0.0488639383
v 0.05084198 0.0230000037 0.0488639383
v 0.05528795 0.0246869934 0.0454649881
v 0.05526596 0.0246729834 0.0454769681
v 0.05526 0.0246689934 0.0454799481
v 0.05526 0.0246689934 0.0454799481
v 0.05526 0.0246689934 0.0454799481
v 0.05526 0.0246689934 0.0454799481
v 0.05526 0.0246689934 0.0454799481
v 0.05526 0.0246689934 0.0454799481
v 0.05526 0.0246689934 0.0454799481
v 0.05526 0.0246689934 0.0454799481
v 0.05526 0.0246689934 0.0454799481
v 0.05526 0.0246689934 0.0454799481
v 0.05526 0.0246689934 0.0454799481
v 0.05526 0.0246689934 0.0454799481
v 0.05525898 0.0246689934 0.0454809581
v 0.05525296 0.0246649934 0.0454839381
v 0.05523997 0.0246559934 0.0454909781
v 0.05513995 0.0245919834 0.0455429481
v 0.05495798 0.0244789734 0.0456359882
v 0.01462996 -0.0150089753 0.0622939411
v 0.01458698 -0.0149979453 0.0623119411
v 0.01458597 -0.0149969353 0.0623119411
v 0.01458597 -0.0149969353 0.0623119411
v 0.01458597 -0.0149969353 0.0623119411
v 0.01458597 -0.0149969353 0.0623119411
v 0.01458597 -0.0149969353 0.0623119411
v 0.01458597 -0.0149969353 0.0623119411
v 0.01458698 -0.0149969353 0.0623119411
v 0.01458698 -0.0149969353 0.0623119411
v 0.01458698 -0.0149969353 0.0623119411
v 0.01458698 -0.0149969353 0.0623119411
v 0.01458698 -0.0149969353 0.0623119411
v 0.01458698 -0.0149969353 0.0623119411
v 0.01458597 -0.0149969353 0.0623119411
v 0.01458597 -0.0149969353 0.0623119411
v 0.01458299 -0.0149969353 0.0623129611
v 0.01457297 -0.0149939553 0.0623169511
v 0.01437598 -0.0149419853 0.0623909811
v 0.05299997 0.02139997 -1.6156528e-09
v 0.05249994 0.02139997 -1.6156528e-09
v 0.05087298 0.0213999689 -0.0147909516
v 0.04466599 0.0213999679 -0.0283839716
v 0.05231297 0.0198999589 -0.0152139615
v 0.05299997 0.02139997 -1.6156528e-09
v 0.05449998 0.01989996 -1.50240519e-09
v 0.05087298 0.0213999711 0.0147909484
v 0.04466599 0.0213999721 0.0283839684
v 0.05231297 0.0198999611 0.0152139585
v 0.05215996 0.0198999612 0.0157249485
v 0.05215996 0.00537598219 0.0157249496
v 0.045928 0.0198999622 0.0291949485
v 0.04534095 0.0198999623 0.0300869885
v 0.04534095 0.00537598327 0.0300869896
v 0.03586298 0.0198999631 0.0408099785
v 0.03487998 0.021399973 0.0396769584
v 0.03463596 0.0198999632 0.0418419785
v 0.03463596 0.00537598416 0.0418419796
v 0.02293199 0.0198999637 0.0491199385
v 0.022309 0.0213999736 0.0477559484
v 0.02097195 0.0198999638 0.0499689485
v 0.008184969 0.019899964 0.0534499785
v 0.02097195 0.00537598477 0.0499689496
v 0.005532979 0.00537598506 0.0537649896
v -0.010342 0.00537598499 0.0528999496
v 0.005532979 0.0198999641 0.0537649885
v -0.007184982 0.019899964 0.0534499785
v -0.006971955 0.0213999739 0.0519659484
v -0.010342 0.019899964 0.0528999485
v -0.021932 0.0198999637 0.0491199385
v -0.02130895 0.0213999736 0.0477559484
v -0.02423799 0.0198999636 0.0479999685
v -0.02423799 0.00529998862 0.0479999696
v -0.03486198 0.0198999631 0.0408099785
v -0.03629297 0.019899963 0.0395259785
v -0.03387999 0.021399973 0.0396769584
v -0.043666 0.0213999721 0.0283839684
v -0.04987299 0.0213999711 0.0147909484
v -0.04492795 0.0198999622 0.0291949485
v -0.04560798 0.0198999621 0.0281079985
v -0.04560798 0.00529998712 0.0281079996
v -0.05131298 0.0198999611 0.0152139585
v -0.05148899 0.0198999611 0.0145979485
v -0.05148899 0.0052999861 0.0145979496
v -0.05349999 0.01989996 -1.50240519e-09
v -0.05199998 0.02139997 -1.6156528e-09
v -0.05349999 0.005299985 -4.00137738e-10
v -0.05148899 0.0198999589 -0.0145979515
v -0.05131298 0.0198999589 -0.0152139615
v -0.05148899 0.0052999839 -0.0145979504
v -0.04560798 0.00529998288 -0.0281080004
v -0.04560798 0.0198999579 -0.0281080015
v -0.03629297 0.00529998202 -0.0395259804
v -0.03629297 0.019899957 -0.0395259815
v -0.02423799 0.00529998138 -0.0479999704
v -0.02423799 0.0198999564 -0.0479999715
v -0.010342 0.00529998101 -0.0528999504
v -0.010342 0.00537597701 -0.0528999504
v 0.005532979 0.00537597694 -0.0537649904
v -0.010342 0.019899956 -0.0528999515
v -0.021932 0.0198999563 -0.0491199415
v -0.007184982 0.019899956 -0.0534499815
v 0.005532979 0.0198999559 -0.0537649915
v -0.006971955 0.0213999661 -0.0519659516
v 0.007971942 0.0213999661 -0.0519659516
v -0.02130895 0.0213999664 -0.0477559516
v -0.03387999 0.021399967 -0.0396769616
v -0.043666 0.0213999679 -0.0283839716
v -0.03486198 0.0198999569 -0.0408099815
v -0.04987299 0.0213999689 -0.0147909516
v -0.04492795 0.0198999578 -0.0291949515
v 0.022309 0.0213999664 -0.0477559516
v 0.008184969 0.019899956 -0.0534499815
v 0.02097195 0.0198999562 -0.0499689515
v 0.02097195 0.00537597723 -0.0499689504
v 0.02293199 0.0198999563 -0.0491199415
v 0.03463596 0.0198999568 -0.0418419815
v 0.03586298 0.0198999569 -0.0408099815
v 0.03463596 0.00537597784 -0.0418419804
v 0.04534095 0.00537597873 -0.0300869904
v 0.05215996 0.00537597981 -0.0157249504
v 0.04534095 0.0198999577 -0.0300869915
v 0.045928 0.0198999578 -0.0291949515
v 0.05215996 0.0198999588 -0.0157249515
v 0.05439895 0.00537598075 -0.00330197841
v 0.05439895 -0.00149995025 -0.00330197789
v 0.05449998 -0.00149995 1.13243075e-10
v 0.05439895 -0.00149994975 0.00330197811
v 0.05439895 0.00537598125 0.00330197759
v 0.03487998 0.021399967 -0.0396769616
v -0.05149996 0.02139997 -1.6156528e-09
v -0.05129998 0.0212 -1.60055548e-09
v -0.04939395 0.0213999689 -0.0146499816
v -0.04939395 0.0213999711 0.0146499784
v -0.04324495 0.0213999721 0.0281129384
v -0.04920196 0.0212000011 0.0145939484
v -0.04307699 0.0212000021 0.0280049984
v -0.04920196 0.0209999611 0.0145939484
v -0.05129998 0.02099996 -1.58545288e-09
v -0.04307699 0.0209999621 0.0280049984
v -0.03342199 0.020999963 0.0391479684
v -0.02101796 0.0209999636 0.0471189584
v -0.03342199 0.021200003 0.0391479684
v -0.033553 0.021399973 0.0392989484
v -0.02101796 0.0212000036 0.0471189584
v -0.02110195 0.0213999736 0.0473009884
v -0.006871998 0.0212000039 0.0512729784
v -0.006900966 0.0213999739 0.0514709884
v 0.007871985 0.0212000039 0.0512729784
v -0.006871998 0.0209999639 0.0512729784
v 0.007871985 0.0209999639 0.0512729784
v 0.02201896 0.0209999636 0.0471189584
v 0.03442198 0.020999963 0.0391479684
v 0.02201896 0.0212000036 0.0471189584
v 0.02210199 0.0213999736 0.0473009884
v 0.03442198 0.021200003 0.0391479684
v 0.03455299 0.021399973 0.0392989484
v 0.04407697 0.0212000021 0.0280049984
v 0.05020195 0.0212000011 0.0145939484
v 0.04407697 0.0209999621 0.0280049984
v 0.044245 0.0213999721 0.0281129384
v 0.05039399 0.0213999711 0.0146499784
v 0.05020195 0.0209999611 0.0145939484
v 0.05229997 0.02099996 -1.58545288e-09
v 0.05020195 0.0209999589 -0.0145939516
v 0.05229997 0.0212 -1.60055548e-09
v 0.05020195 0.0211999989 -0.0145939516
v 0.05039399 0.0213999689 -0.0146499816
v 0.04407697 0.0211999979 -0.0280050016
v 0.03442198 0.021199997 -0.0391479716
v 0.04407697 0.0209999579 -0.0280050016
v 0.044245 0.0213999679 -0.0281129416
v 0.03455299 0.021399967 -0.0392989516
v 0.02210199 0.0213999664 -0.0473009916
v 0.007900953 0.0213999661 -0.0514709916
v 0.02201896 0.0211999964 -0.0471189616
v 0.007871985 0.0211999961 -0.0512729816
v 0.02201896 0.0209999564 -0.0471189616
v 0.03442198 0.020999957 -0.0391479716
v 0.007871985 0.0209999561 -0.0512729816
v -0.006871998 0.0209999561 -0.0512729816
v -0.006871998 0.0211999961 -0.0512729816
v -0.02101796 0.0209999564 -0.0471189616
v -0.02101796 0.0211999964 -0.0471189616
v -0.03342199 0.020999957 -0.0391479716
v -0.04307699 0.0209999579 -0.0280050016
v -0.03342199 0.021199997 -0.0391479716
v -0.033553 0.021399967 -0.0392989516
v -0.04307699 0.0211999979 -0.0280050016
v -0.04324495 0.0213999679 -0.0281129416
v -0.04920196 0.0211999989 -0.0145939516
v -0.04920196 0.0209999589 -0.0145939516
v -0.02110195 0.0213999664 -0.0473009916
v -0.006900966 0.0213999661 -0.0514709916
v 0.007900953 0.0213999739 0.0514709884
v -0.03629297 0.00529998798 0.0395259796
v -0.010342 0.00529998899 0.0528999496
v 0.007971942 0.0213999739 0.0519659484
v -0.05294996 -0.007699966 5.81331263e-10
v -0.050785 -0.00769996714 -0.0150589894
v -0.050785 -0.00769996486 0.0150589906
v -0.05294996 -0.03359997 2.53672718e-09
v -0.050785 -0.0335999689 0.0150589925
v -0.050785 -0.0335999711 -0.0150589875
v -0.05194997 -0.03459995 2.61222357e-09
v -0.04982495 -0.0345999489 0.0147770026
v -0.04982495 -0.0345999511 -0.0147769974
v -0.04362398 -0.0345999521 -0.0283569574
v -0.03384697 -0.034599953 -0.0396389874
v -0.044465 -0.0335999722 -0.0288969775
v -0.044465 -0.00769996818 -0.0288969794
v -0.03450196 -0.033599973 -0.0403949575
v -0.03450196 -0.00769996905 -0.0403949594
v -0.02170395 -0.0335999737 -0.0486199775
v -0.007106959 -0.033599974 -0.0529059675
v -0.02170395 -0.00769996967 -0.0486199794
v -0.02128899 -0.0345999536 -0.0477099974
v -0.006964981 -0.0345999539 -0.0519159974
v 0.007964968 -0.0345999539 -0.0519159974
v 0.02228897 -0.0345999536 -0.0477099974
v 0.008106946 -0.033599974 -0.0529059675
v 0.008106946 -0.00769996999 -0.0529059694
v 0.022704 -0.0335999737 -0.0486199775
v 0.022704 -0.00769996967 -0.0486199794
v 0.03550195 -0.033599973 -0.0403949575
v 0.04546499 -0.0335999722 -0.0288969775
v 0.03484797 -0.034599953 -0.0396389874
v 0.03550195 -0.00769996905 -0.0403949594
v 0.04546499 -0.00769996818 -0.0288969794
v 0.05178499 -0.00769996714 -0.0150589894
v 0.05394995 -0.007699966 5.81331263e-10
v 0.05178499 -0.0335999711 -0.0150589875
v 0.05082499 -0.0345999511 -0.0147769974
v 0.05394995 -0.03359997 2.53672718e-09
v 0.05178499 -0.0335999689 0.0150589925
v 0.05294996 -0.03459995 2.61222357e-09
v 0.05082499 -0.0345999489 0.0147770026
v 0.04462397 -0.0345999479 0.0283569626
v 0.03484797 -0.034599947 0.0396389926
v 0.04546499 -0.0335999678 0.0288969825
v 0.03550195 -0.033599967 0.0403949625
v 0.04546499 -0.00769996382 0.0288969806
v 0.03550195 -0.00769996295 0.0403949606
v 0.05178499 -0.00769996486 0.0150589906
v 0.022704 -0.00769996233 0.0486199806
v 0.008106946 -0.00769996201 0.0529059706
v 0.022704 -0.0335999663 0.0486199825
v 0.008106946 -0.033599966 0.0529059725
v 0.02228897 -0.0345999464 0.0477100026
v 0.007964968 -0.0345999461 0.0519160026
v -0.006964981 -0.0345999461 0.0519160026
v -0.02128797 -0.0345999464 0.0477100026
v -0.007106959 -0.033599966 0.0529059725
v -0.02170395 -0.0335999663 0.0486199825
v -0.007106959 -0.00769996201 0.0529059706
v -0.02170395 -0.00769996233 0.0486199806
v -0.03450196 -0.00769996295 0.0403949606
v -0.044465 -0.00769996382 0.0288969806
v -0.03450196 -0.033599967 0.0403949625
v -0.044465 -0.0335999678 0.0288969825
v -0.03384697 -0.034599947 0.0396389926
v -0.04362398 -0.0345999479 0.0283569626
v 0.04462397 -0.0345999521 -0.0283569574
v -0.007106959 -0.00769996999 -0.0529059694
v 0.000335 -0.00769996192 0.0540079406
v -0.01487499 -0.00769996209 0.0517729506
v 0.01555699 -0.00769996208 0.0518659906
v 0.000313 -0.00569998739 0.0609999804
v 0.01750695 -0.00569998758 0.0585809904
v -0.01686495 -0.00569998759 0.0584759704
v 0.000313 0.00329995561 0.0609999798
v 0.000335 0.00529998908 0.0540079396
v -0.01686495 0.00329995541 0.0584759698
v 0.01750695 0.00329995542 0.0585809898
v 0.01555699 0.00529998892 0.0518659896
v 0.03332197 0.00329995488 0.0514169898
v 0.02955996 0.00529998844 0.0455229796
v 0.04647797 0.00329995403 0.0400879898
v 0.03332197 -0.00569998812 0.0514169904
v 0.02955996 -0.00769996256 0.0455229806
v 0.04647797 -0.00569998897 0.0400879904
v 0.04120796 -0.00769996332 0.0354920006
v 0.05590999 -0.00569999007 0.0255099504
v 0.04955798 -0.00769996429 0.0225859806
v 0.06085199 -0.00569999133 0.00886595243
v 0.05590999 0.00329995293 0.0255099498
v 0.04955798 0.00529998671 0.0225859796
v 0.06085199 0.00329995167 0.00886595175
v 0.06090497 0.00329995036 -0.00849699925
v 0.05393397 0.00529998559 0.0078499906
v 0.05398094 0.00529998443 -0.0075230004
v 0.04969596 0.00529998332 -0.0222849804
v 0.04142397 0.00529998234 -0.0352419604
v 0.05606496 0.0032999491 -0.0251699602
v 0.04672294 0.00329994799 -0.0398049902
v 0.05606496 -0.0056999939 -0.0251699596
v 0.06090497 -0.00569999264 -0.00849699857
v 0.04969596 -0.00769996768 -0.0222849794
v 0.04672294 -0.00569999501 -0.0398049896
v 0.04142397 -0.00769996866 -0.0352419594
v 0.03363597 -0.00569999587 -0.0512149896
v 0.02983796 -0.00769996942 -0.0453449394
v 0.017865 -0.00569999641 -0.0584759696
v 0.03363597 0.00329994713 -0.0512149902
v 0.02983796 0.00529998158 -0.0453449404
v 0.017865 0.00329994659 -0.0584759702
v 0.01587498 0.00529998109 -0.0517729504
v 0.000687 0.00329994639 -0.0609999802
v 0.000665 0.00529998092 -0.0540079404
v -0.01650696 0.00329994658 -0.0585809902
v 0.000687 -0.00569999661 -0.0609999796
v 0.000665 -0.00769997008 -0.0540079394
v -0.01650696 -0.00569999642 -0.0585809896
v -0.014557 -0.00769996992 -0.0518659894
v -0.03232198 -0.00569999588 -0.0514169896
v -0.02855998 -0.00769996944 -0.0455229794
v -0.04547798 -0.00569999503 -0.0400869796
v -0.03232198 0.00329994712 -0.0514169902
v -0.02855998 0.00529998156 -0.0455229804
v -0.04547798 0.00329994797 -0.0400869802
v -0.04020798 0.00529998232 -0.0354920004
v -0.05491 0.00329994907 -0.0255099502
v -0.04855799 0.00529998329 -0.0225859804
v -0.059852 0.00329995033 -0.00886595225
v -0.05491 -0.00569999393 -0.0255099496
v -0.04855799 -0.00769996771 -0.0225859794
v -0.059852 -0.00569999267 -0.00886595157
v -0.05293399 -0.00769996659 -0.00784999042
v -0.05990499 -0.00569999136 0.00849699943
v -0.05298095 -0.00769996543 0.00752300058
v -0.05506497 -0.0056999901 0.0251699604
v -0.05990499 0.00329995164 0.00849699875
v -0.05298095 0.00529998557 0.0075229996
v -0.05506497 0.0032999529 0.0251699598
v -0.04869598 0.00529998668 0.0222849796
v -0.04572296 0.00329995401 0.0398049898
v -0.04042398 0.00529998766 0.0352419596
v -0.03263598 0.00329995487 0.0512149898
v -0.04572296 -0.00569998899 0.0398049904
v -0.04042398 -0.00769996334 0.0352419606
v -0.03263598 -0.00569998813 0.0512149904
v -0.02883797 -0.00769996258 0.0453449406
v -0.04869598 -0.00769996432 0.0222849806
v -0.02883797 0.00529998842 0.0453449396
v -0.01487499 0.00529998891 0.0517729496
v -0.05293399 0.00529998441 -0.0078499914
v -0.04020798 -0.00769996868 -0.0354919994
v -0.014557 0.00529998108 -0.0518659904
v 0.01587498 -0.00769996991 -0.0517729494
v 0.05398094 -0.00769996657 -0.00752299942
v 0.05393397 -0.00769996541 0.00784999158
v 0.04120796 0.00529998768 0.0354919996
f 2 1 4
f 2 4 7
f 1 2 11
f 1 11 88
f 1 88 87
f 1 87 83
f 1 83 82
f 1 82 80
f 1 80 78
f 1 78 35
f 1 35 34
f 1 34 36
f 1 36 37
f 1 37 38
f 1 38 46
f 1 46 47
f 1 47 48
f 1 48 49
f 1 49 73
f 1 73 72
f 1 72 71
f 1 71 3
f 6 4 1
f 6 1 3
f 69 5 4
f 69 4 6
f 7 4 5
f 7 5 8
f 7 9 11
f 7 11 2
f 9 7 8
f 9 8 12
f 9 10 88
f 9 88 11
f 10 9 12
f 10 12 14
f 77 13 12
f 77 12 8
f 13 16 14
f 13 14 12
f 86 10 14
f 86 14 15
f 16 17 15
f 16 15 14
f 60 27 26
f 60 26 24
f 60 24 22
f 60 22 20
f 60 20 18
f 60 18 17
f 60 17 16
f 60 16 13
f 60 13 77
f 60 77 76
f 60 76 75
f 60 75 65
f 60 65 64
f 60 64 63
f 60 63 62
f 60 62 53
f 60 53 56
f 60 56 57
f 60 57 58
f 60 58 59
f 17 18 19
f 17 19 15
f 18 20 21
f 18 21 19
f 20 22 23
f 20 23 21
f 22 24 25
f 22 25 23
f 24 26 28
f 24 28 25
f 26 27 30
f 26 30 28
f 32 29 28
f 32 28 30
f 29 79 25
f 29 25 28
f 27 60 31
f 27 31 30
f 33 32 30
f 33 30 31
f 32 33 36
f 32 36 34
f 29 32 34
f 29 34 35
f 33 39 37
f 33 37 36
f 39 41 38
f 39 38 37
f 39 33 31
f 39 31 40
f 41 39 40
f 41 40 42
f 41 43 46
f 41 46 38
f 43 41 42
f 43 42 45
f 43 44 47
f 43 47 46
f 44 43 45
f 44 45 55
f 44 50 48
f 44 48 47
f 50 51 49
f 50 49 48
f 51 50 52
f 51 52 54
f 50 44 55
f 50 55 52
f 56 53 52
f 56 52 55
f 53 62 54
f 53 54 52
f 57 56 55
f 57 55 45
f 58 57 45
f 58 45 42
f 59 58 42
f 59 42 40
f 40 31 60
f 40 60 59
f 62 63 61
f 62 61 54
f 74 51 54
f 74 54 61
f 63 64 66
f 63 66 61
f 64 65 68
f 64 68 66
f 70 67 66
f 70 66 68
f 67 74 61
f 67 61 66
f 65 75 69
f 65 69 68
f 6 70 68
f 6 68 69
f 67 70 71
f 67 71 72
f 70 6 3
f 70 3 71
f 74 67 72
f 74 72 73
f 51 74 73
f 51 73 49
f 75 76 5
f 75 5 69
f 76 77 8
f 76 8 5
f 79 29 35
f 79 35 78
f 81 79 78
f 81 78 80
f 84 81 80
f 84 80 82
f 85 84 82
f 85 82 83
f 81 84 21
f 81 21 23
f 84 85 19
f 84 19 21
f 86 85 83
f 86 83 87
f 85 86 15
f 85 15 19
f 10 86 87
f 10 87 88
f 79 81 23
f 79 23 25
f 94 92 89
f 94 89 90
f 89 91 98
f 89 98 102
f 89 102 293
f 89 293 292
f 89 292 291
f 89 291 286
f 89 286 749
f 89 749 750
f 89 750 751
f 89 751 752
f 89 752 753
f 89 753 268
f 89 268 267
f 89 267 266
f 89 266 264
f 89 264 265
f 89 265 754
f 89 754 761
f 89 761 764
f 89 764 784
f 89 784 783
f 89 783 781
f 89 781 782
f 89 782 785
f 89 785 787
f 89 787 789
f 89 789 791
f 89 791 793
f 89 793 795
f 89 795 797
f 89 797 798
f 89 798 1159
f 89 1159 813
f 89 813 816
f 89 816 818
f 89 818 90
f 91 89 92
f 91 92 95
f 820 93 92
f 820 92 94
f 95 92 93
f 95 93 826
f 95 826 96
f 98 91 95
f 98 95 97
f 99 97 95
f 99 95 96
f 99 96 828
f 99 828 100
f 102 98 97
f 102 97 99
f 102 99 101
f 103 101 99
f 103 99 100
f 103 100 830
f 103 830 1158
f 103 1158 106
f 103 106 105
f 293 102 101
f 293 101 103
f 293 103 104
f 294 104 103
f 294 103 105
f 294 105 107
f 294 107 109
f 294 109 110
f 294 110 303
f 294 303 299
f 107 105 106
f 107 106 1158
f 107 1158 108
f 109 107 108
f 109 108 112
f 109 112 111
f 110 109 111
f 110 111 113
f 110 113 115
f 110 115 117
f 999 998 114
f 999 114 113
f 999 113 111
f 999 111 112
f 114 1002 116
f 114 116 115
f 114 115 113
f 116 121 120
f 116 120 118
f 116 118 117
f 116 117 115
f 117 118 119
f 117 119 328
f 117 328 327
f 117 327 326
f 117 326 325
f 117 325 324
f 117 324 323
f 117 323 322
f 117 322 321
f 117 321 320
f 117 320 319
f 117 319 318
f 117 318 317
f 117 317 316
f 117 316 315
f 117 315 314
f 117 314 313
f 117 313 312
f 117 312 311
f 117 311 310
f 117 310 309
f 117 309 308
f 117 308 307
f 117 307 306
f 117 306 305
f 117 305 304
f 117 304 302
f 117 302 303
f 117 303 110
f 120 122 124
f 120 124 125
f 120 125 304
f 120 304 305
f 120 305 306
f 120 306 307
f 120 307 308
f 120 308 309
f 120 309 310
f 120 310 311
f 120 311 312
f 120 312 313
f 120 313 314
f 120 314 315
f 120 315 316
f 120 316 317
f 120 317 318
f 120 318 319
f 120 319 320
f 120 320 321
f 120 321 322
f 120 322 323
f 120 323 324
f 120 324 325
f 120 325 326
f 120 326 327
f 120 327 328
f 120 328 119
f 120 119 118
f 1003 966 123
f 1003 123 122
f 1003 122 120
f 1003 120 121
f 123 130 129
f 123 129 126
f 123 126 124
f 123 124 122
f 128 304 125
f 128 125 124
f 128 124 126
f 133 127 126
f 133 126 129
f 133 129 132
f 335 329 128
f 335 128 126
f 335 126 127
f 944 131 129
f 944 129 130
f 129 131 929
f 129 929 927
f 129 927 928
f 129 928 135
f 129 135 134
f 129 134 132
f 132 134 136
f 132 136 138
f 132 138 139
f 132 139 748
f 132 748 360
f 132 360 356
f 132 356 333
f 132 333 133
f 136 134 135
f 136 135 137
f 138 136 137
f 138 137 141
f 138 141 140
f 140 142 144
f 140 144 146
f 140 146 139
f 140 139 138
f 142 140 141
f 142 141 921
f 142 921 143
f 144 142 143
f 144 143 145
f 149 147 146
f 149 146 144
f 149 144 145
f 371 370 369
f 371 369 368
f 371 368 362
f 371 362 748
f 371 748 139
f 371 139 146
f 371 146 147
f 371 147 148
f 152 153 170
f 152 170 489
f 152 489 644
f 152 644 646
f 152 646 649
f 152 649 650
f 152 650 651
f 152 651 653
f 152 653 654
f 152 654 148
f 152 148 147
f 152 147 149
f 152 149 150
f 150 149 145
f 150 145 151
f 155 152 150
f 155 150 151
f 168 153 152
f 168 152 154
f 161 154 152
f 161 152 155
f 161 155 156
f 161 156 158
f 157 156 155
f 157 155 151
f 157 151 922
f 156 157 931
f 156 931 160
f 156 160 158
f 936 159 158
f 936 158 160
f 162 161 158
f 162 158 159
f 165 168 154
f 165 154 161
f 165 161 162
f 165 162 163
f 938 164 163
f 938 163 162
f 938 162 159
f 165 163 164
f 165 164 166
f 165 166 892
f 165 892 167
f 168 165 167
f 168 167 169
f 168 169 170
f 168 170 153
f 174 170 169
f 174 169 171
f 169 167 172
f 169 172 171
f 887 886 885
f 887 885 173
f 887 173 171
f 887 171 172
f 173 175 174
f 173 174 171
f 186 618 617
f 186 617 619
f 186 619 498
f 186 498 497
f 186 497 496
f 186 496 495
f 186 495 492
f 186 492 489
f 186 489 170
f 186 170 174
f 186 174 175
f 186 175 177
f 186 177 178
f 882 883 176
f 882 176 175
f 882 175 173
f 882 173 885
f 179 177 175
f 179 175 176
f 179 181 178
f 179 178 177
f 180 179 176
f 180 176 883
f 180 883 1004
f 181 179 180
f 181 180 182
f 181 182 184
f 181 184 183
f 181 183 185
f 181 185 186
f 181 186 178
f 188 187 185
f 188 185 183
f 188 183 184
f 188 184 1029
f 618 186 185
f 618 185 187
f 618 187 189
f 618 189 191
f 618 191 192
f 618 192 620
f 618 620 605
f 618 605 608
f 203 201 200
f 203 200 190
f 203 190 189
f 203 189 187
f 203 187 188
f 203 188 1027
f 203 1027 1026
f 203 1026 204
f 195 193 191
f 195 191 189
f 195 189 190
f 194 603 192
f 194 192 191
f 194 191 193
f 197 194 193
f 197 193 195
f 197 195 196
f 198 196 195
f 198 195 190
f 198 190 200
f 196 198 199
f 196 199 1229
f 196 1229 1228
f 196 1228 1227
f 196 1227 1226
f 196 1226 1225
f 196 1225 1224
f 196 1224 1223
f 196 1223 1222
f 196 1222 1220
f 196 1220 1219
f 196 1219 1218
f 196 1218 1217
f 196 1217 1216
f 196 1216 1214
f 196 1214 1213
f 196 1213 1212
f 196 1212 1211
f 196 1211 202
f 196 202 213
f 196 213 214
f 196 214 197
f 200 201 202
f 200 202 1211
f 200 1211 1212
f 200 1212 1213
f 200 1213 1214
f 200 1214 1215
f 200 1215 1217
f 200 1217 1218
f 200 1218 1219
f 200 1219 1221
f 200 1221 1222
f 200 1222 1223
f 200 1223 1224
f 200 1224 1225
f 200 1225 1226
f 200 1226 1227
f 200 1227 1228
f 200 1228 1229
f 200 1229 199
f 200 199 198
f 207 202 201
f 207 201 203
f 207 203 205
f 204 1016 206
f 204 206 205
f 204 205 203
f 205 206 209
f 205 209 208
f 205 208 207
f 210 213 202
f 210 202 207
f 210 207 208
f 211 210 208
f 211 208 209
f 211 209 1108
f 211 1108 1109
f 210 211 1160
f 210 1160 756
f 210 756 212
f 210 212 214
f 210 214 213
f 215 214 212
f 215 212 216
f 197 214 215
f 197 215 217
f 197 217 219
f 197 219 643
f 197 643 642
f 197 642 641
f 197 641 640
f 197 640 638
f 197 638 637
f 197 637 636
f 197 636 635
f 197 635 633
f 197 633 632
f 197 632 631
f 197 631 630
f 197 630 629
f 197 629 628
f 197 628 627
f 197 627 626
f 197 626 625
f 197 625 623
f 197 623 622
f 222 220 217
f 222 217 215
f 222 215 216
f 221 572 218
f 221 218 217
f 221 217 220
f 623 625 626
f 623 626 627
f 623 627 628
f 623 628 629
f 623 629 630
f 623 630 631
f 623 631 632
f 623 632 633
f 623 633 634
f 623 634 636
f 623 636 637
f 623 637 638
f 623 638 639
f 623 639 641
f 623 641 642
f 623 642 643
f 623 643 219
f 623 219 217
f 623 217 218
f 623 218 624
f 220 222 223
f 220 223 224
f 220 224 221
f 226 225 223
f 226 223 222
f 226 222 216
f 226 216 1162
f 223 225 228
f 223 228 229
f 223 229 224
f 1165 1166 1168
f 1165 1168 1169
f 1165 1169 1170
f 1165 1170 1171
f 1165 1171 1172
f 1165 1172 1173
f 1165 1173 1174
f 1165 1174 1175
f 1165 1175 1176
f 1165 1176 1177
f 1165 1177 1178
f 1165 1178 1179
f 1165 1179 1180
f 1165 1180 1181
f 1165 1181 1182
f 1165 1182 1183
f 1165 1183 1184
f 1165 1184 1185
f 1165 1185 1186
f 1165 1186 1187
f 1165 1187 1188
f 1165 1188 1189
f 1165 1189 1190
f 1165 1190 1191
f 1165 1191 227
f 1165 227 225
f 1165 225 226
f 1165 226 1164
f 1165 1164 257
f 231 230 229
f 231 229 228
f 231 228 225
f 231 225 227
f 231 227 1191
f 231 1191 1190
f 231 1190 1189
f 231 1189 1188
f 231 1188 1187
f 231 1187 1186
f 231 1186 1185
f 231 1185 1184
f 231 1184 1183
f 231 1183 1182
f 231 1182 1181
f 231 1181 1180
f 231 1180 1179
f 231 1179 1178
f 231 1178 1177
f 231 1177 1176
f 231 1176 1175
f 231 1175 1174
f 231 1174 1173
f 231 1173 1172
f 231 1172 1171
f 231 1171 1170
f 231 1170 1169
f 231 1169 1168
f 231 1168 1166
f 231 1166 1165
f 231 1165 1167
f 232 233 571
f 232 571 224
f 232 224 229
f 232 229 230
f 230 231 237
f 230 237 236
f 230 236 234
f 230 234 232
f 235 594 593
f 235 593 592
f 235 592 591
f 235 591 590
f 235 590 589
f 235 589 587
f 235 587 586
f 235 586 585
f 235 585 583
f 235 583 582
f 235 582 581
f 235 581 580
f 235 580 579
f 235 579 578
f 235 578 577
f 235 577 576
f 235 576 575
f 235 575 574
f 235 574 233
f 235 233 232
f 235 232 234
f 234 236 238
f 234 238 239
f 234 239 1192
f 234 1192 1193
f 234 1193 1194
f 234 1194 1195
f 234 1195 1196
f 234 1196 1197
f 234 1197 1199
f 234 1199 1200
f 234 1200 1201
f 234 1201 1202
f 234 1202 1203
f 234 1203 1205
f 234 1205 1206
f 234 1206 1207
f 234 1207 1208
f 234 1208 1209
f 234 1209 1210
f 234 1210 235
f 237 256 255
f 237 255 254
f 237 254 244
f 237 244 243
f 237 243 242
f 237 242 240
f 237 240 238
f 237 238 236
f 594 235 1210
f 594 1210 1209
f 594 1209 1208
f 594 1208 1207
f 594 1207 1206
f 594 1206 1205
f 594 1205 1204
f 594 1204 1202
f 594 1202 1201
f 594 1201 1200
f 594 1200 1199
f 594 1199 1198
f 594 1198 1196
f 594 1196 1195
f 594 1195 1194
f 594 1194 1193
f 594 1193 1192
f 594 1192 239
f 594 239 238
f 594 238 240
f 594 240 241
f 245 246 241
f 245 241 240
f 245 240 242
f 245 242 243
f 251 249 247
f 251 247 245
f 251 245 243
f 251 243 244
f 248 555 246
f 248 246 245
f 248 245 247
f 247 249 250
f 247 250 552
f 247 552 248
f 249 251 252
f 249 252 253
f 249 253 250
f 244 254 252
f 244 252 251
f 461 462 463
f 461 463 465
f 461 465 466
f 461 466 540
f 461 540 538
f 461 538 536
f 461 536 535
f 461 535 533
f 461 533 534
f 461 534 544
f 461 544 546
f 461 546 548
f 461 548 253
f 461 253 252
f 461 252 254
f 461 254 255
f 461 255 258
f 461 258 259
f 461 259 273
f 461 273 274
f 461 274 275
f 461 275 277
f 461 277 279
f 461 279 281
f 461 281 283
f 461 283 284
f 257 255 256
f 257 256 1167
f 257 1167 1165
f 263 262 260
f 263 260 258
f 263 258 255
f 263 255 257
f 263 257 1164
f 263 1164 1163
f 259 258 260
f 259 260 261
f 259 261 271
f 264 266 261
f 264 261 260
f 264 260 262
f 262 263 755
f 262 755 265
f 262 265 264
f 266 267 269
f 266 269 271
f 266 271 261
f 267 268 270
f 267 270 269
f 273 259 271
f 273 271 269
f 273 269 270
f 270 272 274
f 270 274 273
f 268 753 272
f 268 272 270
f 275 274 272
f 275 272 276
f 276 278 277
f 276 277 275
f 279 277 278
f 279 278 280
f 280 282 281
f 280 281 279
f 282 285 283
f 282 283 281
f 288 719 720
f 288 720 284
f 288 284 283
f 288 283 285
f 288 285 287
f 285 282 749
f 285 749 286
f 289 287 285
f 289 285 286
f 289 286 291
f 287 289 290
f 287 290 295
f 287 295 297
f 287 297 288
f 291 292 290
f 291 290 289
f 104 294 290
f 104 290 292
f 104 292 293
f 299 298 295
f 299 295 290
f 299 290 294
f 714 715 297
f 714 297 295
f 714 295 296
f 296 295 298
f 296 298 300
f 296 300 301
f 298 299 303
f 298 303 302
f 298 302 300
f 302 304 128
f 302 128 329
f 302 329 301
f 302 301 300
f 329 335 332
f 329 332 330
f 329 330 301
f 330 331 296
f 330 296 301
f 358 331 330
f 358 330 332
f 358 332 334
f 358 334 336
f 358 336 337
f 358 337 338
f 358 338 339
f 358 339 341
f 358 341 342
f 358 342 343
f 358 343 345
f 358 345 346
f 358 346 347
f 358 347 348
f 358 348 349
f 358 349 350
f 358 350 351
f 358 351 352
f 358 352 353
f 358 353 354
f 358 354 355
f 358 355 357
f 355 354 353
f 355 353 352
f 355 352 351
f 355 351 350
f 355 350 349
f 355 349 348
f 355 348 347
f 355 347 346
f 355 346 344
f 355 344 343
f 355 343 342
f 355 342 341
f 355 341 340
f 355 340 338
f 355 338 337
f 355 337 336
f 355 336 334
f 355 334 332
f 355 332 333
f 355 333 356
f 127 133 333
f 127 333 332
f 127 332 335
f 356 360 359
f 356 359 357
f 356 357 355
f 357 359 361
f 357 361 363
f 357 363 358
f 360 748 362
f 360 362 361
f 360 361 359
f 361 362 368
f 361 368 365
f 361 365 363
f 358 363 364
f 358 364 688
f 358 688 691
f 363 365 366
f 363 366 690
f 363 690 364
f 365 367 381
f 365 381 382
f 365 382 366
f 368 369 370
f 368 370 367
f 368 367 365
f 371 372 367
f 371 367 370
f 374 373 371
f 374 371 148
f 374 148 654
f 375 372 371
f 375 371 373
f 373 374 655
f 373 655 376
f 373 376 375
f 375 376 659
f 375 659 378
f 375 378 377
f 377 379 372
f 377 372 375
f 383 380 379
f 383 379 377
f 383 377 378
f 380 384 386
f 380 386 387
f 380 387 689
f 380 689 690
f 380 690 366
f 380 366 382
f 380 382 381
f 380 381 379
f 381 367 372
f 381 372 379
f 384 380 383
f 384 383 658
f 384 658 656
f 384 656 648
f 384 648 647
f 384 647 645
f 384 645 490
f 384 490 488
f 384 488 485
f 384 485 483
f 384 483 479
f 384 479 481
f 384 481 385
f 389 388 386
f 389 386 384
f 389 384 385
f 393 387 386
f 393 386 388
f 393 388 390
f 393 390 392
f 389 391 390
f 389 390 388
f 391 396 394
f 391 394 392
f 391 392 390
f 392 394 395
f 392 395 677
f 392 677 393
f 396 398 399
f 396 399 682
f 396 682 679
f 396 679 678
f 396 678 395
f 396 395 394
f 396 397 402
f 396 402 400
f 396 400 398
f 391 476 397
f 391 397 396
f 401 681 399
f 401 399 398
f 401 398 400
f 400 402 403
f 400 403 406
f 400 406 409
f 400 409 411
f 400 411 401
f 397 404 403
f 397 403 402
f 469 470 405
f 469 405 403
f 469 403 404
f 469 404 471
f 661 408 406
f 661 406 403
f 661 403 405
f 458 457 456
f 458 456 407
f 458 407 406
f 458 406 408
f 431 430 429
f 431 429 428
f 431 428 427
f 431 427 426
f 431 426 425
f 431 425 423
f 431 423 422
f 431 422 421
f 431 421 419
f 431 419 418
f 431 418 417
f 431 417 416
f 431 416 415
f 431 415 414
f 431 414 413
f 431 413 412
f 431 412 409
f 431 409 406
f 431 406 407
f 433 668 410
f 433 410 409
f 433 409 412
f 433 412 413
f 433 413 414
f 433 414 415
f 433 415 416
f 433 416 417
f 433 417 418
f 433 418 419
f 433 419 420
f 433 420 422
f 433 422 423
f 433 423 424
f 433 424 426
f 433 426 427
f 433 427 428
f 433 428 429
f 433 429 430
f 433 430 431
f 433 431 432
f 410 673 411
f 410 411 409
f 407 456 454
f 407 454 453
f 407 453 452
f 407 452 451
f 407 451 450
f 407 450 449
f 407 449 448
f 407 448 447
f 407 447 445
f 407 445 444
f 407 444 443
f 407 443 442
f 407 442 441
f 407 441 439
f 407 439 438
f 407 438 437
f 407 437 436
f 407 436 435
f 407 435 434
f 407 434 432
f 407 432 431
f 432 434 435
f 432 435 436
f 432 436 437
f 432 437 438
f 432 438 439
f 432 439 440
f 432 440 442
f 432 442 443
f 432 443 444
f 432 444 445
f 432 445 446
f 432 446 448
f 432 448 449
f 432 449 450
f 432 450 451
f 432 451 452
f 432 452 453
f 432 453 454
f 432 454 455
f 432 455 433
f 284 663 662
f 284 662 455
f 284 455 454
f 284 454 456
f 284 456 457
f 284 457 458
f 284 458 459
f 284 459 461
f 459 458 408
f 459 408 661
f 459 661 660
f 459 660 460
f 460 462 461
f 460 461 459
f 464 463 462
f 464 462 460
f 464 460 660
f 467 465 463
f 467 463 464
f 467 468 466
f 467 466 465
f 469 467 464
f 469 464 470
f 469 472 468
f 469 468 467
f 472 469 471
f 472 471 474
f 472 473 541
f 472 541 468
f 473 472 474
f 473 474 475
f 473 475 477
f 397 476 475
f 397 475 474
f 397 474 471
f 397 471 404
f 476 480 478
f 476 478 477
f 476 477 475
f 473 477 478
f 473 478 479
f 473 479 482
f 473 482 543
f 480 481 479
f 480 479 478
f 389 480 476
f 389 476 391
f 480 389 385
f 480 385 481
f 482 479 483
f 482 483 484
f 483 485 487
f 483 487 484
f 529 487 485
f 529 485 486
f 525 486 485
f 525 485 488
f 525 488 491
f 525 491 493
f 525 493 494
f 525 494 499
f 525 499 500
f 525 500 502
f 525 502 503
f 525 503 505
f 525 505 507
f 525 507 508
f 525 508 526
f 644 489 488
f 644 488 490
f 491 488 489
f 491 489 492
f 492 495 493
f 492 493 491
f 495 496 494
f 495 494 493
f 496 497 499
f 496 499 494
f 497 498 615
f 497 615 614
f 497 614 612
f 497 612 613
f 497 613 501
f 497 501 500
f 497 500 499
f 502 500 501
f 501 613 504
f 501 504 503
f 501 503 502
f 504 611 506
f 504 506 505
f 504 505 503
f 506 606 602
f 506 602 601
f 506 601 599
f 506 599 597
f 506 597 510
f 506 510 509
f 506 509 507
f 506 507 505
f 508 507 509
f 508 509 511
f 508 511 512
f 514 513 511
f 514 511 509
f 514 509 510
f 514 510 570
f 511 513 515
f 511 515 512
f 513 514 595
f 513 595 516
f 513 516 515
f 516 518 517
f 516 517 515
f 515 517 519
f 515 519 512
f 554 553 521
f 554 521 520
f 554 520 517
f 554 517 518
f 520 522 524
f 520 524 519
f 520 519 517
f 522 520 521
f 522 521 551
f 522 551 523
f 528 527 525
f 528 525 524
f 528 524 522
f 528 522 523
f 524 525 526
f 524 526 519
f 529 486 525
f 529 525 527
f 530 529 527
f 530 527 528
f 530 528 596
f 530 596 531
f 529 530 532
f 529 532 487
f 530 531 534
f 530 534 533
f 530 533 535
f 530 535 532
f 532 535 536
f 532 536 537
f 536 538 539
f 536 539 537
f 541 542 539
f 541 539 538
f 541 538 540
f 468 541 540
f 468 540 466
f 541 473 543
f 541 543 542
f 539 542 543
f 539 543 482
f 539 482 484
f 539 484 537
f 487 532 537
f 487 537 484
f 544 534 531
f 544 531 596
f 544 596 545
f 546 544 545
f 546 545 547
f 548 546 547
f 548 547 549
f 250 253 548
f 250 548 549
f 549 547 551
f 549 551 550
f 552 250 549
f 552 549 550
f 521 553 550
f 521 550 551
f 553 554 555
f 553 555 248
f 553 248 552
f 553 552 550
f 556 555 554
f 556 554 518
f 558 573 574
f 558 574 246
f 558 246 555
f 558 555 556
f 558 556 557
f 559 557 556
f 559 556 518
f 559 518 516
f 557 559 560
f 557 560 562
f 557 562 558
f 595 566 564
f 595 564 565
f 595 565 561
f 595 561 560
f 595 560 559
f 595 559 516
f 562 560 561
f 562 561 565
f 562 565 563
f 571 573 558
f 571 558 562
f 571 562 563
f 571 563 564
f 571 564 567
f 571 567 568
f 564 563 565
f 569 567 564
f 569 564 566
f 568 567 569
f 568 569 570
f 568 570 510
f 568 510 597
f 568 597 598
f 568 598 624
f 568 624 218
f 568 218 572
f 570 569 566
f 570 566 595
f 570 595 514
f 572 221 224
f 572 224 571
f 572 571 568
f 574 573 571
f 574 571 233
f 241 246 574
f 241 574 575
f 241 575 576
f 241 576 577
f 241 577 578
f 241 578 579
f 241 579 580
f 241 580 581
f 241 581 582
f 241 582 584
f 241 584 585
f 241 585 586
f 241 586 588
f 241 588 589
f 241 589 590
f 241 590 591
f 241 591 592
f 241 592 593
f 241 593 594
f 547 545 523
f 547 523 551
f 596 528 523
f 596 523 545
f 526 508 512
f 526 512 519
f 598 597 599
f 598 599 600
f 598 600 621
f 600 599 601
f 600 601 603
f 600 603 194
f 601 602 606
f 601 606 604
f 601 604 603
f 603 604 605
f 603 605 620
f 603 620 192
f 605 604 607
f 605 607 608
f 506 607 604
f 506 604 606
f 610 608 607
f 610 607 609
f 609 607 506
f 609 506 611
f 609 612 614
f 609 614 616
f 609 616 610
f 611 504 613
f 611 613 612
f 611 612 609
f 619 617 616
f 619 616 614
f 619 614 615
f 617 618 608
f 617 608 610
f 617 610 616
f 615 498 619
f 622 621 600
f 622 600 194
f 622 194 197
f 624 598 621
f 624 621 622
f 624 622 623
f 490 645 646
f 490 646 644
f 645 647 649
f 645 649 646
f 647 648 650
f 647 650 649
f 648 656 657
f 648 657 659
f 648 659 376
f 648 376 655
f 648 655 652
f 648 652 651
f 648 651 650
f 653 651 652
f 652 655 374
f 652 374 654
f 652 654 653
f 657 656 658
f 658 383 378
f 658 378 659
f 658 659 657
f 405 470 464
f 405 464 660
f 405 660 661
f 668 433 455
f 668 455 662
f 668 662 664
f 668 664 666
f 664 662 663
f 664 663 665
f 665 721 722
f 665 722 723
f 665 723 724
f 665 724 725
f 665 725 726
f 665 726 727
f 665 727 728
f 665 728 729
f 665 729 730
f 665 730 731
f 665 731 732
f 665 732 733
f 665 733 734
f 665 734 735
f 665 735 736
f 665 736 737
f 665 737 738
f 665 738 739
f 665 739 740
f 665 740 741
f 665 741 742
f 665 742 743
f 665 743 744
f 665 744 745
f 665 745 746
f 665 746 747
f 665 747 718
f 665 718 669
f 665 669 667
f 665 667 666
f 665 666 664
f 666 667 670
f 666 670 673
f 666 673 410
f 666 410 668
f 670 667 669
f 670 669 718
f 670 718 672
f 674 673 670
f 674 670 671
f 674 671 675
f 671 670 672
f 671 672 716
f 671 716 712
f 676 678 680
f 676 680 681
f 676 681 401
f 676 401 411
f 676 411 673
f 676 673 674
f 675 683 685
f 675 685 687
f 675 687 689
f 675 689 387
f 675 387 393
f 675 393 677
f 675 677 676
f 675 676 674
f 395 678 676
f 395 676 677
f 679 680 678
f 680 679 682
f 680 682 399
f 680 399 681
f 712 684 683
f 712 683 675
f 712 675 671
f 685 683 684
f 685 684 711
f 685 711 710
f 685 710 709
f 685 709 708
f 685 708 706
f 685 706 705
f 685 705 704
f 685 704 703
f 685 703 702
f 685 702 700
f 685 700 699
f 685 699 698
f 685 698 697
f 685 697 696
f 685 696 695
f 685 695 694
f 685 694 693
f 685 693 692
f 685 692 686
f 686 691 688
f 686 688 687
f 686 687 685
f 688 364 690
f 688 690 689
f 688 689 687
f 691 686 692
f 691 692 693
f 691 693 694
f 691 694 695
f 691 695 696
f 691 696 697
f 691 697 698
f 691 698 699
f 691 699 700
f 691 700 701
f 691 701 703
f 691 703 704
f 691 704 705
f 691 705 707
f 691 707 708
f 691 708 709
f 691 709 710
f 691 710 711
f 691 711 684
f 691 684 713
f 691 713 331
f 691 331 358
f 714 713 684
f 714 684 712
f 714 712 716
f 714 296 331
f 714 331 713
f 715 714 716
f 715 716 672
f 715 672 718
f 715 718 717
f 715 717 719
f 715 719 288
f 715 288 297
f 720 719 717
f 720 717 718
f 720 718 747
f 720 747 746
f 720 746 745
f 720 745 744
f 720 744 743
f 720 743 742
f 720 742 741
f 720 741 740
f 720 740 739
f 720 739 738
f 720 738 737
f 720 737 736
f 720 736 735
f 720 735 734
f 720 734 733
f 720 733 732
f 720 732 731
f 720 731 730
f 720 730 729
f 720 729 728
f 720 728 727
f 720 727 726
f 720 726 725
f 720 725 724
f 720 724 723
f 720 723 722
f 720 722 721
f 721 665 663
f 721 663 284
f 721 284 720
f 282 280 750
f 282 750 749
f 280 278 751
f 280 751 750
f 752 751 278
f 752 278 276
f 276 272 753
f 276 753 752
f 754 265 755
f 754 755 757
f 758 757 755
f 758 755 756
f 758 756 1160
f 758 1160 759
f 1163 1161 756
f 1163 756 755
f 1163 755 263
f 757 758 760
f 757 760 761
f 757 761 754
f 759 1135 1136
f 759 1136 1138
f 759 1138 1140
f 759 1140 762
f 759 762 760
f 759 760 758
f 760 763 764
f 760 764 761
f 762 1143 1088
f 762 1088 767
f 762 767 766
f 762 766 763
f 762 763 760
f 763 765 784
f 763 784 764
f 766 768 770
f 766 770 765
f 766 765 763
f 768 766 767
f 768 767 1086
f 768 1086 769
f 771 770 768
f 771 768 769
f 771 769 772
f 770 771 773
f 770 773 775
f 770 775 765
f 772 774 773
f 772 773 771
f 776 773 774
f 776 774 777
f 779 775 773
f 779 773 776
f 778 776 777
f 778 777 1157
f 776 778 780
f 776 780 779
f 779 780 782
f 779 782 781
f 781 783 775
f 781 775 779
f 765 775 783
f 765 783 784
f 780 786 785
f 780 785 782
f 787 785 786
f 787 786 788
f 789 787 788
f 789 788 790
f 790 792 791
f 790 791 789
f 792 794 793
f 792 793 791
f 794 796 795
f 794 795 793
f 797 795 796
f 797 796 799
f 798 797 799
f 798 799 800
f 800 799 801
f 800 801 804
f 799 796 803
f 799 803 801
f 804 801 802
f 804 802 806
f 801 803 1146
f 801 1146 802
f 814 800 804
f 814 804 805
f 806 807 805
f 806 805 804
f 831 827 825
f 831 825 824
f 831 824 823
f 831 823 822
f 831 822 821
f 831 821 809
f 831 809 808
f 831 808 807
f 831 807 806
f 831 806 802
f 831 802 1146
f 831 1146 1144
f 831 1144 1145
f 831 1145 837
f 831 837 836
f 831 836 834
f 807 808 810
f 807 810 805
f 811 810 808
f 811 808 809
f 810 811 815
f 810 815 812
f 805 810 812
f 805 812 814
f 812 815 816
f 812 816 813
f 814 812 813
f 814 813 1159
f 817 815 811
f 817 811 819
f 818 816 815
f 818 815 817
f 90 818 817
f 90 817 94
f 94 817 819
f 94 819 820
f 821 822 820
f 821 820 819
f 819 811 809
f 819 809 821
f 822 823 93
f 822 93 820
f 826 93 823
f 826 823 824
f 824 825 828
f 824 828 96
f 824 96 826
f 825 827 830
f 825 830 100
f 825 100 828
f 1000 829 827
f 1000 827 831
f 1000 831 833
f 1158 830 827
f 1158 827 829
f 996 833 831
f 996 831 832
f 996 832 995
f 996 995 992
f 831 834 835
f 831 835 832
f 838 835 834
f 838 834 836
f 840 838 836
f 840 836 837
f 842 839 838
f 842 838 840
f 839 909 835
f 839 835 838
f 841 840 837
f 841 837 1145
f 844 842 840
f 844 840 841
f 839 842 843
f 839 843 907
f 842 844 845
f 842 845 843
f 844 846 847
f 844 847 845
f 841 848 846
f 841 846 844
f 850 847 846
f 850 846 849
f 849 846 848
f 849 848 852
f 863 850 849
f 863 849 851
f 852 854 851
f 852 851 849
f 852 848 1144
f 852 1144 853
f 853 855 854
f 853 854 852
f 855 858 856
f 855 856 854
f 854 856 859
f 854 859 851
f 858 1085 857
f 858 857 856
f 856 857 860
f 856 860 859
f 861 863 851
f 861 851 859
f 861 859 860
f 861 860 864
f 863 861 862
f 863 862 899
f 862 861 864
f 862 864 866
f 864 860 1080
f 864 1080 1079
f 864 1079 1011
f 864 1011 1009
f 864 1009 865
f 866 864 865
f 866 865 871
f 866 871 870
f 866 870 868
f 868 869 867
f 868 867 866
f 862 866 867
f 862 867 901
f 872 873 869
f 872 869 868
f 872 868 870
f 1010 874 872
f 1010 872 870
f 1010 870 871
f 875 876 873
f 875 873 872
f 878 875 872
f 878 872 874
f 875 877 891
f 875 891 876
f 878 880 877
f 878 877 875
f 878 874 1010
f 878 1010 1007
f 878 1007 1005
f 878 1005 879
f 880 878 879
f 880 879 881
f 882 880 881
f 882 881 1004
f 882 1004 883
f 880 882 884
f 880 884 877
f 884 882 885
f 884 885 886
f 884 886 887
f 884 887 888
f 884 888 890
f 889 888 887
f 889 887 172
f 888 889 892
f 888 892 893
f 888 893 895
f 888 895 900
f 888 900 901
f 888 901 867
f 888 867 869
f 888 869 873
f 888 873 876
f 888 876 891
f 888 891 890
f 877 884 890
f 877 890 891
f 167 892 889
f 167 889 172
f 939 940 941
f 939 941 906
f 939 906 903
f 939 903 894
f 939 894 893
f 939 893 892
f 939 892 166
f 939 166 164
f 939 164 938
f 939 938 937
f 939 937 935
f 896 893 894
f 896 894 897
f 898 895 893
f 898 893 896
f 850 898 896
f 850 896 847
f 847 896 897
f 847 897 845
f 898 899 900
f 898 900 895
f 850 863 899
f 850 899 898
f 899 862 901
f 899 901 900
f 894 903 902
f 894 902 897
f 897 902 843
f 897 843 845
f 903 906 904
f 903 904 902
f 902 904 907
f 902 907 843
f 906 941 905
f 906 905 904
f 905 908 907
f 905 907 904
f 908 909 839
f 908 839 907
f 910 911 943
f 910 943 993
f 910 993 994
f 910 994 909
f 910 909 908
f 942 913 912
f 942 912 910
f 942 910 908
f 942 908 905
f 914 916 911
f 914 911 910
f 914 910 912
f 912 913 934
f 912 934 915
f 912 915 914
f 919 918 916
f 919 916 914
f 919 914 915
f 919 915 932
f 917 916 918
f 917 918 920
f 929 131 944
f 929 944 911
f 929 911 916
f 929 916 917
f 929 917 924
f 918 919 931
f 918 931 157
f 918 157 922
f 918 922 920
f 921 920 922
f 921 922 143
f 923 924 917
f 923 917 920
f 923 920 921
f 143 922 151
f 143 151 145
f 141 137 135
f 141 135 930
f 141 930 926
f 141 926 925
f 141 925 923
f 141 923 921
f 924 923 925
f 924 925 927
f 924 927 929
f 927 925 926
f 927 926 930
f 927 930 928
f 135 928 930
f 931 919 932
f 931 932 160
f 933 936 160
f 933 160 932
f 915 934 933
f 915 933 932
f 934 939 935
f 934 935 933
f 935 937 936
f 935 936 933
f 937 938 159
f 937 159 936
f 913 942 940
f 913 940 939
f 913 939 934
f 905 941 940
f 905 940 942
f 943 911 944
f 943 944 945
f 943 945 946
f 943 946 947
f 943 947 948
f 943 948 950
f 943 950 951
f 943 951 952
f 943 952 953
f 943 953 954
f 943 954 955
f 943 955 957
f 943 957 958
f 943 958 959
f 943 959 960
f 943 960 961
f 943 961 962
f 943 962 963
f 943 963 964
f 943 964 965
f 943 965 967
f 965 964 963
f 965 963 962
f 965 962 961
f 965 961 960
f 965 960 959
f 965 959 958
f 965 958 956
f 965 956 955
f 965 955 954
f 965 954 953
f 965 953 952
f 965 952 951
f 965 951 949
f 965 949 948
f 965 948 947
f 965 947 946
f 965 946 945
f 965 945 944
f 965 944 130
f 965 130 123
f 965 123 966
f 966 1003 969
f 966 969 968
f 966 968 967
f 966 967 965
f 993 943 967
f 993 967 968
f 993 968 970
f 993 970 971
f 993 971 972
f 993 972 974
f 993 974 975
f 993 975 976
f 993 976 978
f 993 978 979
f 993 979 980
f 993 980 981
f 993 981 982
f 993 982 983
f 993 983 984
f 993 984 985
f 993 985 986
f 993 986 987
f 993 987 988
f 993 988 989
f 993 989 991
f 969 1001 990
f 969 990 989
f 969 989 988
f 969 988 987
f 969 987 986
f 969 986 985
f 969 985 984
f 969 984 983
f 969 983 982
f 969 982 981
f 969 981 980
f 969 980 979
f 969 979 977
f 969 977 976
f 969 976 975
f 969 975 973
f 969 973 972
f 969 972 971
f 969 971 970
f 969 970 968
f 990 997 996
f 990 996 992
f 990 992 991
f 990 991 989
f 994 993 991
f 994 991 992
f 994 992 995
f 995 832 835
f 995 835 909
f 995 909 994
f 833 996 997
f 833 997 998
f 833 998 999
f 833 999 1000
f 997 990 1001
f 997 1001 1002
f 997 1002 114
f 997 114 998
f 112 108 1158
f 112 1158 829
f 112 829 1000
f 112 1000 999
f 1001 969 1003
f 1001 1003 121
f 1001 121 116
f 1001 116 1002
f 1006 180 1004
f 1006 1004 881
f 1006 881 879
f 1006 879 1005
f 1006 1005 1007
f 1006 1007 1008
f 1018 1008 1007
f 1018 1007 1009
f 1018 1009 1012
f 1018 1012 1015
f 1018 1015 1017
f 871 865 1009
f 871 1009 1007
f 871 1007 1010
f 1053 1051 1050
f 1053 1050 1049
f 1053 1049 1048
f 1053 1048 1047
f 1053 1047 1046
f 1053 1046 1045
f 1053 1045 1044
f 1053 1044 1042
f 1053 1042 1041
f 1053 1041 1040
f 1053 1040 1039
f 1053 1039 1038
f 1053 1038 1037
f 1053 1037 1036
f 1053 1036 1034
f 1053 1034 1033
f 1053 1033 1032
f 1053 1032 1014
f 1053 1014 1012
f 1053 1012 1009
f 1053 1009 1011
f 1013 1016 1015
f 1013 1015 1012
f 1052 1106 1013
f 1052 1013 1012
f 1052 1012 1014
f 1052 1014 1032
f 1052 1032 1033
f 1052 1033 1034
f 1052 1034 1035
f 1052 1035 1037
f 1052 1037 1038
f 1052 1038 1039
f 1052 1039 1040
f 1052 1040 1041
f 1052 1041 1043
f 1052 1043 1044
f 1052 1044 1045
f 1052 1045 1046
f 1052 1046 1047
f 1052 1047 1048
f 1052 1048 1049
f 1052 1049 1050
f 1052 1050 1051
f 1026 1022 1021
f 1026 1021 1019
f 1026 1019 1017
f 1026 1017 1015
f 1026 1015 1016
f 1026 1016 204
f 1017 1019 1020
f 1017 1020 1031
f 1017 1031 1018
f 1021 1023 1024
f 1021 1024 1020
f 1021 1020 1019
f 1023 1021 1022
f 1030 1031 1020
f 1030 1020 1024
f 1030 1024 1023
f 1030 1023 1022
f 1030 1022 1025
f 1030 1025 1028
f 1025 1022 1026
f 1025 1026 1027
f 1029 1028 1025
f 1029 1025 1027
f 1029 1027 188
f 182 1030 1028
f 182 1028 1029
f 182 1029 184
f 1030 1006 1008
f 1030 1008 1018
f 1030 1018 1031
f 182 180 1006
f 182 1006 1030
f 1104 1105 206
f 1104 206 1016
f 1104 1016 1013
f 1104 1013 1106
f 1051 1053 1054
f 1051 1054 1055
f 1051 1055 1101
f 1051 1101 1052
f 1077 1075 1074
f 1077 1074 1073
f 1077 1073 1072
f 1077 1072 1071
f 1077 1071 1070
f 1077 1070 1069
f 1077 1069 1068
f 1077 1068 1067
f 1077 1067 1066
f 1077 1066 1065
f 1077 1065 1063
f 1077 1063 1062
f 1077 1062 1061
f 1077 1061 1059
f 1077 1059 1058
f 1077 1058 1057
f 1077 1057 1056
f 1077 1056 1054
f 1077 1054 1053
f 1077 1053 1011
f 1077 1011 1079
f 1054 1056 1057
f 1054 1057 1058
f 1054 1058 1060
f 1054 1060 1061
f 1054 1061 1062
f 1054 1062 1064
f 1054 1064 1065
f 1054 1065 1066
f 1054 1066 1067
f 1054 1067 1068
f 1054 1068 1069
f 1054 1069 1070
f 1054 1070 1071
f 1054 1071 1072
f 1054 1072 1073
f 1054 1073 1074
f 1054 1074 1075
f 1054 1075 1076
f 1054 1076 1097
f 1054 1097 1055
f 1075 1077 1078
f 1075 1078 1142
f 1075 1142 1093
f 1075 1093 1076
f 1081 1078 1077
f 1081 1077 1079
f 1081 1079 1080
f 1080 860 857
f 1080 857 1082
f 1080 1082 1081
f 1078 1081 1082
f 1078 1082 1083
f 1078 1083 1084
f 1078 1084 1142
f 1082 857 1085
f 1082 1085 1083
f 1084 1083 1086
f 1084 1086 1087
f 1084 1087 1089
f 1085 858 855
f 1085 855 853
f 1085 853 1144
f 1085 1144 1146
f 1085 1146 1147
f 1085 1147 1148
f 1085 1148 1152
f 1085 1152 1155
f 1085 1155 1156
f 1085 1156 1157
f 1085 1157 777
f 1085 777 774
f 1085 774 772
f 1085 772 769
f 1085 769 1086
f 1085 1086 1083
f 1087 1086 767
f 1087 767 1088
f 1090 1089 1087
f 1090 1087 1088
f 1090 1088 1141
f 1090 1141 1091
f 1089 1090 1092
f 1089 1092 1093
f 1089 1093 1142
f 1089 1142 1084
f 1091 1139 1095
f 1091 1095 1094
f 1091 1094 1092
f 1091 1092 1090
f 1092 1094 1096
f 1092 1096 1097
f 1092 1097 1076
f 1092 1076 1093
f 1095 1099 1098
f 1095 1098 1096
f 1095 1096 1094
f 1096 1098 1100
f 1096 1100 1101
f 1096 1101 1055
f 1096 1055 1097
f 1099 1137 1103
f 1099 1103 1102
f 1099 1102 1100
f 1099 1100 1098
f 1100 1102 1104
f 1100 1104 1106
f 1100 1106 1052
f 1100 1052 1101
f 1103 1134 1133
f 1103 1133 1132
f 1103 1132 1131
f 1103 1131 1130
f 1103 1130 1129
f 1103 1129 1128
f 1103 1128 1127
f 1103 1127 1126
f 1103 1126 1125
f 1103 1125 1124
f 1103 1124 1123
f 1103 1123 1122
f 1103 1122 1121
f 1103 1121 1120
f 1103 1120 1119
f 1103 1119 1118
f 1103 1118 1117
f 1103 1117 1116
f 1103 1116 1115
f 1103 1115 1114
f 1103 1114 1113
f 1103 1113 1112
f 1103 1112 1111
f 1103 1111 1110
f 1103 1110 1108
f 1103 1108 1107
f 1103 1107 1105
f 1103 1105 1104
f 1103 1104 1102
f 206 1105 1107
f 206 1107 1108
f 206 1108 209
f 1136 1135 1109
f 1136 1109 1108
f 1136 1108 1110
f 1136 1110 1111
f 1136 1111 1112
f 1136 1112 1113
f 1136 1113 1114
f 1136 1114 1115
f 1136 1115 1116
f 1136 1116 1117
f 1136 1117 1118
f 1136 1118 1119
f 1136 1119 1120
f 1136 1120 1121
f 1136 1121 1122
f 1136 1122 1123
f 1136 1123 1124
f 1136 1124 1125
f 1136 1125 1126
f 1136 1126 1127
f 1136 1127 1128
f 1136 1128 1129
f 1136 1129 1130
f 1136 1130 1131
f 1136 1131 1132
f 1136 1132 1133
f 1136 1133 1134
f 1136 1134 1103
f 1136 1103 1137
f 211 1109 1135
f 211 1135 759
f 211 759 1160
f 1137 1099 1095
f 1137 1095 1139
f 1137 1139 1138
f 1137 1138 1136
f 1139 1091 1141
f 1139 1141 1140
f 1139 1140 1138
f 1141 1088 1143
f 1141 1143 762
f 1141 762 1140
f 1145 1144 848
f 1145 848 841
f 1147 1146 803
f 1147 803 1149
f 1148 1147 1149
f 1148 1149 1150
f 1150 1149 794
f 1150 794 792
f 1149 803 796
f 1149 796 794
f 1151 1150 792
f 1151 792 790
f 1150 1151 1152
f 1150 1152 1148
f 1151 1153 1155
f 1151 1155 1152
f 790 788 1153
f 790 1153 1151
f 788 786 1154
f 788 1154 1153
f 1156 1155 1153
f 1156 1153 1154
f 1157 1156 1154
f 1157 1154 778
f 778 1154 786
f 778 786 780
f 1159 798 800
f 1159 800 814
f 212 756 1161
f 212 1161 1162
f 212 1162 216
f 1161 1163 1164
f 1161 1164 226
f 1161 226 1162
f 1167 256 237
f 1167 237 231
f 1321 1323 1380
f 1321 1380 1378
f 1321 1378 1383
f 1321 1383 1384
f 1321 1384 1365
f 1321 1365 1364
f 1321 1364 1363
f 1321 1363 1362
f 1321 1362 1358
f 1321 1358 1231
f 1321 1231 1230
f 1321 1230 1232
f 1321 1232 1233
f 1321 1233 1320
f 1321 1320 1302
f 1321 1302 1295
f 1321 1295 1294
f 1321 1294 1296
f 1321 1296 1297
f 1321 1297 1298
f 1321 1298 1300
f 1321 1300 1276
f 1233 1232 1234
f 1233 1234 1314
f 1233 1314 1313
f 1232 1235 1236
f 1232 1236 1234
f 1231 1352 1351
f 1231 1351 1347
f 1231 1347 1345
f 1231 1345 1385
f 1231 1385 1338
f 1231 1338 1336
f 1231 1336 1334
f 1231 1334 1325
f 1231 1325 1324
f 1231 1324 1321
f 1231 1321 1276
f 1231 1276 1268
f 1231 1268 1267
f 1231 1267 1266
f 1231 1266 1261
f 1231 1261 1258
f 1231 1258 1388
f 1231 1388 1250
f 1231 1250 1246
f 1231 1246 1238
f 1231 1238 1237
f 1231 1237 1235
f 1239 1236 1235
f 1239 1235 1237
f 1237 1238 1242
f 1237 1242 1240
f 1237 1240 1239
f 1241 1319 1318
f 1241 1318 1317
f 1241 1317 1236
f 1241 1236 1239
f 1241 1239 1240
f 1244 1241 1240
f 1244 1240 1242
f 1244 1242 1243
f 1238 1246 1245
f 1238 1245 1243
f 1238 1243 1242
f 1248 1244 1243
f 1248 1243 1245
f 1248 1245 1247
f 1246 1250 1249
f 1246 1249 1247
f 1246 1247 1245
f 1253 1248 1247
f 1253 1247 1249
f 1253 1249 1251
f 1250 1388 1252
f 1250 1252 1251
f 1250 1251 1249
f 1254 1253 1251
f 1254 1251 1252
f 1254 1252 1256
f 1256 1257 1259
f 1256 1259 1255
f 1256 1255 1254
f 1388 1258 1257
f 1388 1257 1256
f 1388 1256 1252
f 1258 1261 1260
f 1258 1260 1259
f 1258 1259 1257
f 1263 1387 1255
f 1263 1255 1259
f 1263 1259 1260
f 1263 1260 1262
f 1261 1266 1264
f 1261 1264 1262
f 1261 1262 1260
f 1386 1263 1262
f 1386 1262 1264
f 1386 1264 1265
f 1266 1267 1269
f 1266 1269 1265
f 1266 1265 1264
f 1267 1268 1272
f 1267 1272 1270
f 1267 1270 1269
f 1271 1386 1265
f 1271 1265 1269
f 1271 1269 1270
f 1274 1271 1270
f 1274 1270 1272
f 1274 1272 1273
f 1268 1276 1275
f 1268 1275 1273
f 1268 1273 1272
f 1277 1274 1273
f 1277 1273 1275
f 1276 1300 1279
f 1276 1279 1278
f 1276 1278 1275
f 1280 1277 1275
f 1280 1275 1278
f 1281 1280 1278
f 1281 1278 1279
f 1281 1279 1282
f 1283 1281 1282
f 1283 1282 1301
f 1283 1301 1284
f 1285 1283 1284
f 1285 1284 1299
f 1285 1299 1286
f 1286 1291 1290
f 1286 1290 1288
f 1286 1288 1287
f 1286 1287 1285
f 1289 1288 1290
f 1289 1290 1292
f 1289 1292 1293
f 1296 1294 1292
f 1296 1292 1290
f 1296 1290 1291
f 1294 1295 1303
f 1294 1303 1293
f 1294 1293 1292
f 1297 1296 1291
f 1297 1291 1286
f 1297 1286 1299
f 1298 1297 1299
f 1298 1299 1284
f 1298 1284 1301
f 1300 1298 1301
f 1300 1301 1282
f 1300 1282 1279
f 1295 1302 1306
f 1295 1306 1304
f 1295 1304 1303
f 1293 1303 1304
f 1293 1304 1305
f 1293 1305 1289
f 1304 1306 1307
f 1304 1307 1309
f 1304 1309 1305
f 1302 1320 1308
f 1302 1308 1307
f 1302 1307 1306
f 1307 1308 1312
f 1307 1312 1310
f 1307 1310 1309
f 1312 1313 1314
f 1312 1314 1311
f 1312 1311 1310
f 1320 1233 1313
f 1320 1313 1312
f 1320 1312 1308
f 1314 1234 1236
f 1314 1236 1317
f 1314 1317 1316
f 1314 1316 1315
f 1314 1315 1311
f 1323 1321 1322
f 1323 1322 1381
f 1326 1322 1321
f 1326 1321 1324
f 1324 1325 1327
f 1324 1327 1326
f 1330 1328 1326
f 1330 1326 1327
f 1328 1329 1322
f 1328 1322 1326
f 1329 1328 1330
f 1329 1330 1331
f 1329 1331 1332
f 1329 1332 1340
f 1329 1340 1341
f 1329 1341 1342
f 1329 1342 1343
f 1329 1343 1350
f 1329 1350 1353
f 1329 1353 1354
f 1329 1354 1355
f 1329 1355 1361
f 1329 1361 1369
f 1329 1369 1368
f 1329 1368 1370
f 1329 1370 1371
f 1329 1371 1373
f 1329 1373 1375
f 1329 1375 1376
f 1329 1376 1382
f 1331 1330 1327
f 1331 1327 1333
f 1332 1331 1333
f 1332 1333 1335
f 1325 1334 1333
f 1325 1333 1327
f 1334 1336 1335
f 1334 1335 1333
f 1336 1338 1337
f 1336 1337 1335
f 1340 1332 1335
f 1340 1335 1337
f 1338 1385 1339
f 1338 1339 1337
f 1341 1340 1337
f 1341 1337 1339
f 1342 1341 1339
f 1342 1339 1344
f 1343 1342 1344
f 1343 1344 1346
f 1385 1345 1344
f 1385 1344 1339
f 1345 1347 1346
f 1345 1346 1344
f 1347 1351 1348
f 1347 1348 1346
f 1350 1343 1346
f 1350 1346 1348
f 1353 1350 1348
f 1353 1348 1349
f 1351 1352 1349
f 1351 1349 1348
f 1352 1231 1356
f 1352 1356 1349
f 1354 1353 1349
f 1354 1349 1356
f 1355 1354 1356
f 1355 1356 1357
f 1231 1358 1357
f 1231 1357 1356
f 1358 1362 1359
f 1358 1359 1357
f 1361 1355 1357
f 1361 1357 1359
f 1369 1361 1359
f 1369 1359 1360
f 1362 1363 1360
f 1362 1360 1359
f 1363 1364 1366
f 1363 1366 1360
f 1364 1365 1367
f 1364 1367 1366
f 1368 1369 1360
f 1368 1360 1366
f 1370 1368 1366
f 1370 1366 1367
f 1371 1370 1367
f 1371 1367 1372
f 1373 1371 1372
f 1373 1372 1374
f 1375 1373 1374
f 1375 1374 1377
f 1376 1375 1377
f 1376 1377 1379
f 1383 1378 1377
f 1383 1377 1374
f 1378 1380 1379
f 1378 1379 1377
f 1380 1323 1381
f 1380 1381 1379
f 1382 1376 1379
f 1382 1379 1381
f 1381 1322 1329
f 1381 1329 1382
f 1384 1383 1374
f 1384 1374 1372
f 1365 1384 1372
f 1365 1372 1367
f 1394 1392 1389
f 1394 1389 1390
f 1421 1420 1419
f 1421 1419 1418
f 1421 1418 1414
f 1421 1414 1412
f 1421 1412 1454
f 1421 1454 1406
f 1421 1406 1403
f 1421 1403 1401
f 1421 1401 1390
f 1421 1390 1389
f 1421 1389 1391
f 1421 1391 1448
f 1421 1448 1447
f 1421 1447 1446
f 1421 1446 1445
f 1421 1445 1436
f 1421 1436 1435
f 1421 1435 1433
f 1421 1433 1432
f 1421 1432 1434
f 1391 1389 1392
f 1391 1392 1393
f 1393 1392 1395
f 1393 1395 1396
f 1397 1395 1392
f 1397 1392 1394
f 1395 1397 1398
f 1395 1398 1399
f 1395 1399 1407
f 1395 1407 1408
f 1395 1408 1409
f 1395 1409 1410
f 1395 1410 1417
f 1395 1417 1453
f 1395 1453 1423
f 1395 1423 1426
f 1395 1426 1427
f 1395 1427 1428
f 1395 1428 1429
f 1395 1429 1439
f 1395 1439 1440
f 1395 1440 1441
f 1395 1441 1442
f 1395 1442 1451
f 1395 1451 1452
f 1395 1452 1396
f 1394 1400 1398
f 1394 1398 1397
f 1400 1402 1399
f 1400 1399 1398
f 1400 1394 1390
f 1400 1390 1401
f 1402 1400 1401
f 1402 1401 1403
f 1404 1402 1403
f 1404 1403 1406
f 1402 1404 1407
f 1402 1407 1399
f 1405 1404 1406
f 1405 1406 1454
f 1404 1405 1408
f 1404 1408 1407
f 1405 1411 1409
f 1405 1409 1408
f 1411 1413 1410
f 1411 1410 1409
f 1411 1405 1454
f 1411 1454 1412
f 1413 1411 1412
f 1413 1412 1414
f 1415 1413 1414
f 1415 1414 1418
f 1413 1415 1417
f 1413 1417 1410
f 1416 1415 1418
f 1416 1418 1419
f 1415 1416 1453
f 1415 1453 1417
f 1422 1416 1419
f 1422 1419 1420
f 1420 1421 1424
f 1420 1424 1422
f 1422 1424 1426
f 1422 1426 1423
f 1416 1422 1423
f 1416 1423 1453
f 1425 1424 1421
f 1425 1421 1434
f 1424 1425 1427
f 1424 1427 1426
f 1425 1430 1428
f 1425 1428 1427
f 1430 1431 1429
f 1430 1429 1428
f 1431 1430 1432
f 1431 1432 1433
f 1430 1425 1434
f 1430 1434 1432
f 1437 1431 1433
f 1437 1433 1435
f 1438 1437 1435
f 1438 1435 1436
f 1437 1438 1440
f 1437 1440 1439
f 1431 1437 1439
f 1431 1439 1429
f 1438 1443 1441
f 1438 1441 1440
f 1443 1444 1442
f 1443 1442 1441
f 1444 1443 1445
f 1444 1445 1446
f 1443 1438 1436
f 1443 1436 1445
f 1449 1444 1446
f 1449 1446 1447
f 1450 1449 1447
f 1450 1447 1448
f 1449 1450 1452
f 1449 1452 1451
f 1444 1449 1451
f 1444 1451 1442
f 1450 1393 1396
f 1450 1396 1452
f 1393 1450 1448
f 1393 1448 1391
f 1456 1455 1458
f 1456 1458 1460
f 1455 1456 1532
f 1455 1532 1530
f 1455 1530 1533
f 1455 1533 1520
f 1455 1520 1518
f 1455 1518 1516
f 1455 1516 1537
f 1455 1537 1506
f 1455 1506 1504
f 1455 1504 1502
f 1455 1502 1539
f 1455 1539 1492
f 1455 1492 1490
f 1455 1490 1488
f 1455 1488 1540
f 1455 1540 1541
f 1455 1541 1474
f 1455 1474 1472
f 1455 1472 1470
f 1455 1470 1457
f 1459 1458 1455
f 1459 1455 1457
f 1464 1461 1458
f 1464 1458 1459
f 1460 1458 1461
f 1460 1461 1463
f 1463 1461 1462
f 1463 1462 1535
f 1465 1462 1461
f 1465 1461 1464
f 1459 1469 1466
f 1459 1466 1464
f 1464 1466 1467
f 1464 1467 1465
f 1466 1468 1542
f 1466 1542 1467
f 1469 1471 1468
f 1469 1468 1466
f 1457 1470 1469
f 1457 1469 1459
f 1470 1472 1471
f 1470 1471 1469
f 1472 1474 1473
f 1472 1473 1471
f 1471 1473 1476
f 1471 1476 1468
f 1474 1541 1475
f 1474 1475 1473
f 1473 1475 1478
f 1473 1478 1476
f 1468 1476 1477
f 1468 1477 1542
f 1476 1478 1480
f 1476 1480 1477
f 1475 1487 1479
f 1475 1479 1478
f 1478 1479 1481
f 1478 1481 1480
f 1462 1465 1467
f 1462 1467 1542
f 1462 1542 1477
f 1462 1477 1480
f 1462 1480 1481
f 1462 1481 1482
f 1462 1482 1483
f 1462 1483 1495
f 1462 1495 1497
f 1462 1497 1499
f 1462 1499 1538
f 1462 1538 1509
f 1462 1509 1511
f 1462 1511 1513
f 1462 1513 1536
f 1462 1536 1523
f 1462 1523 1525
f 1462 1525 1527
f 1462 1527 1534
f 1462 1534 1535
f 1479 1484 1482
f 1479 1482 1481
f 1484 1485 1483
f 1484 1483 1482
f 1487 1486 1484
f 1487 1484 1479
f 1486 1489 1485
f 1486 1485 1484
f 1540 1488 1486
f 1540 1486 1487
f 1488 1490 1489
f 1488 1489 1486
f 1490 1492 1491
f 1490 1491 1489
f 1489 1491 1494
f 1489 1494 1485
f 1492 1539 1493
f 1492 1493 1491
f 1491 1493 1496
f 1491 1496 1494
f 1485 1494 1495
f 1485 1495 1483
f 1494 1496 1497
f 1494 1497 1495
f 1496 1498 1499
f 1496 1499 1497
f 1493 1501 1498
f 1493 1498 1496
f 1498 1500 1538
f 1498 1538 1499
f 1501 1503 1500
f 1501 1500 1498
f 1539 1502 1501
f 1539 1501 1493
f 1502 1504 1503
f 1502 1503 1501
f 1504 1506 1505
f 1504 1505 1503
f 1503 1505 1508
f 1503 1508 1500
f 1506 1537 1507
f 1506 1507 1505
f 1505 1507 1510
f 1505 1510 1508
f 1500 1508 1509
f 1500 1509 1538
f 1508 1510 1511
f 1508 1511 1509
f 1510 1512 1513
f 1510 1513 1511
f 1507 1515 1512
f 1507 1512 1510
f 1512 1514 1536
f 1512 1536 1513
f 1515 1517 1514
f 1515 1514 1512
f 1537 1516 1515
f 1537 1515 1507
f 1516 1518 1517
f 1516 1517 1515
f 1518 1520 1519
f 1518 1519 1517
f 1517 1519 1522
f 1517 1522 1514
f 1520 1533 1521
f 1520 1521 1519
f 1519 1521 1524
f 1519 1524 1522
f 1514 1522 1523
f 1514 1523 1536
f 1522 1524 1525
f 1522 1525 1523
f 1524 1526 1527
f 1524 1527 1525
f 1521 1529 1526
f 1521 1526 1524
f 1526 1528 1534
f 1526 1534 1527
f 1529 1531 1528
f 1529 1528 1526
f 1533 1530 1529
f 1533 1529 1521
f 1530 1532 1531
f 1530 1531 1529
f 1532 1456 1460
f 1532 1460 1531
f 1531 1460 1463
f 1531 1463 1528
f 1528 1463 1535
f 1528 1535 1534
f 1541 1540 1487
f 1541 1487 1475
