# baked from RR_hip.dae
v 0.08999997 -0.00310796805 -0.0536099598
v 0.08999997 0.0121219661 -0.0523139809
v 0.08999997 -0.0180859538 -0.0505629686
v 0.07899999 -0.00310796805 -0.0536099598
v 0.07899999 0.0121219661 -0.0523139809
v 0.07899999 -0.0180859538 -0.0505629686
v 0.07049995 -0.00310796805 -0.0536099598
v 0.07049995 -0.0180859538 -0.0505629686
v 0.07049995 0.0121219661 -0.0523139809
v 0.06849998 -0.00304997297 -0.0526119398
v 0.06849998 -0.0177489537 -0.0496209787
v 0.06849998 0.0118959461 -0.0513399809
v 0.06849998 0.0258779465 -0.045908982
v 0.07049995 0.0263689665 -0.046779992
v 0.06849998 0.0377639472 -0.0367579429
v 0.06849998 0.0465899681 -0.0246299535
v 0.07049995 0.0384799772 -0.0374559729
v 0.07899999 0.0384799772 -0.0374559729
v 0.07049995 0.0474739581 -0.0250979636
v 0.07049995 0.0526219592 -0.010705944
v 0.07899999 0.0474739581 -0.0250979636
v 0.08999997 0.0474739581 -0.0250979636
v 0.07899999 0.0526219592 -0.010705944
v 0.07899999 0.0535069703 0.00455295596
v 0.08999997 0.0526219592 -0.010705944
v 0.08999997 0.0535069703 0.00455295596
v 0.08999997 0.0500559815 0.0194429662
v 0.07899999 0.0500559815 0.0194429662
v 0.08999997 0.0425509825 0.0327579868
v 0.08999997 0.0315979733 0.0434189976
v 0.07899999 0.0425509825 0.0327579868
v 0.07899999 0.0315979733 0.0434189976
v 0.07049995 0.0425509825 0.0327579868
v 0.07049995 0.0315979733 0.0434189976
v 0.06849998 0.0417589524 0.0321479968
v 0.07049995 0.0500559815 0.0194429662
v 0.06849998 0.0491240014 0.0190809863
v 0.07049995 0.0535069703 0.00455295596
v 0.06849998 0.0525099603 0.00446897304
v 0.06849998 0.0516419992 -0.0105069839
v 0.06849998 0.0310099732 0.0426109977
v 0.06849998 0.0177489537 0.0496209787
v 0.07049995 0.0180859538 0.0505629686
v 0.06849998 0.00304997297 0.0526119398
v 0.06849998 -0.0118959461 0.0513399809
v 0.07049995 0.00310796805 0.0536099598
v 0.07899999 0.00310796805 0.0536099598
v 0.07049995 -0.0121219661 0.0523139809
v 0.07899999 -0.0121219661 0.0523139809
v 0.07049995 -0.0263689665 0.046779992
v 0.06849998 -0.0258779465 0.045908982
v 0.07899999 -0.0263689665 0.046779992
v 0.07049995 -0.0384799772 0.0374559729
v 0.07049995 -0.0474739581 0.0250979636
v 0.07899999 -0.0384799772 0.0374559729
v 0.06849998 -0.0377639472 0.0367589529
v 0.06849998 -0.0465899681 0.0246299535
v 0.06849998 -0.0516419992 0.0105069839
v 0.07049995 -0.0526219592 0.010705944
v 0.06849998 -0.0525099603 -0.00446897304
v 0.06849998 -0.0491240014 -0.0190809863
v 0.07049995 -0.0535069703 -0.00455295596
v 0.07049995 -0.0500559815 -0.0194429662
v 0.07899999 -0.0535069703 -0.00455295596
v 0.08999997 -0.0535069703 -0.00455295596
v 0.07899999 -0.0526219592 0.010705944
v 0.07899999 -0.0500559815 -0.0194429662
v 0.07899999 -0.0425509825 -0.0327579868
v 0.08999997 -0.0500559815 -0.0194429662
v 0.08999997 -0.0425509825 -0.0327579868
v 0.08999997 -0.0315979733 -0.0434189976
v 0.07899999 -0.0315979733 -0.0434189976
v 0.07049995 -0.0315979733 -0.0434189976
v 0.06849998 -0.0310099732 -0.0426109977
v 0.07049995 -0.0425509825 -0.0327579868
v 0.06849998 -0.0417589524 -0.0321479968
v 0.08999997 -0.0526219592 0.010705944
v 0.07899999 -0.0474739581 0.0250979636
v 0.08999997 -0.0474739581 0.0250979636
v 0.08999997 -0.0384799772 0.0374559729
v 0.08999997 -0.0263689665 0.046779992
v 0.08999997 -0.0121219661 0.0523139809
v 0.08999997 0.00310796805 0.0536099598
v 0.08999997 0.0180859538 0.0505629686
v 0.07899999 0.0180859538 0.0505629686
v 0.08999997 0.0384799772 -0.0374559729
v 0.08999997 0.0263689665 -0.046779992
v 0.07899999 0.0263689665 -0.046779992
v 0.06849998 0.0513179792 -0.0110799639
v 0.06849998 0.0464629482 -0.0244429735
v 0.06849998 0.0519099793 -0.00990796392
v 0.06799995 0.0518059692 -0.0111860039
v 0.05762898 0.0518059692 -0.0111860039
v 0.06799995 0.0522849492 -0.0102390039
v 0.06799995 0.0469059881 -0.0246759635
v 0.06799995 0.0385649773 -0.0363559729
v 0.05762898 0.0469059881 -0.0246749535
v 0.05762898 0.0470269882 -0.0244429736
v 0.05762898 0.0389239673 -0.0359709829
v 0.0575 0.0388289573 -0.0358839629
v 0.05762898 0.0385659873 -0.0363549529
v 0.05762898 0.0280689466 -0.0449569821
v 0.05762898 0.0279999866 -0.0449999521
v 0.0575 0.0279999866 -0.0448479621
v 0.0575 0.0279319766 -0.0448899821
v 0.0575 0.0279999867 -0.0431839821
v 0.05715495 0.0266039867 -0.044146002
v 0.0575 0.0280449867 -0.0431549521
v 0.05758297 0.0279549867 -0.0431139421
v 0.05743795 0.0269509467 -0.043774962
v 0.05758297 0.0279999867 -0.0430849721
v 0.05758297 0.0377419474 -0.0348699628
v 0.06349998 0.0279999867 -0.0430849721
v 0.06349998 0.0377419474 -0.0348699628
v 0.06449997 0.0278539568 -0.0428609821
v 0.06350195 0.0271059767 -0.043657002
v 0.06351399 0.0261989767 -0.044223962
v 0.05662995 0.0257649966 -0.0446229519
v 0.06353396 0.0247689366 -0.0450629519
v 0.05405497 0.0239819765 -0.0460579918
v 0.06352198 0.0229999965 -0.0459499917
v 0.06451296 0.0228849565 -0.0456999517
v 0.06344795 0.0179809864 -0.0479699914
v 0.05104798 0.0229999964 -0.0470229917
v 0.05104595 0.0231099664 -0.0470999417
v 0.05151396 0.0230859465 -0.0469169617
v 0.05025899 0.0228899664 -0.0471929917
v 0.05026096 0.0229999964 -0.0472679717
v 0.04318195 0.0218279863 -0.0489949516
v 0.02423298 0.0176389758 -0.0561109713
v 0.04317396 0.0177109762 -0.0501569513
v 0.02848297 0.0175359759 -0.0545279913
v 0.04567998 0.0177379763 -0.0496219913
v 0.04568499 0.0163879863 -0.0496499512
v 0.02846598 0.0162319459 -0.0544790012
v 0.06344598 0.0165839664 -0.0481059513
v 0.04557496 0.0151579863 -0.0490919911
v 0.02826398 0.0150779359 -0.0539169911
v 0.06345498 0.0152599764 -0.0475789912
v 0.04537194 0.0143039764 -0.0480589811
v 0.04511696 0.0139999865 -0.0467679511
v 0.02791595 0.014283946 -0.0529479911
v 0.06347495 0.0143289465 -0.0464999611
v 0.06349998 0.0139999866 -0.0451349611
v 0.06347495 0.0143359765 -0.0465149811
v 0.06448596 0.0145669465 -0.0463959511
v 0.06450098 0.0142689866 -0.0451349611
v 0.06447398 0.0154109464 -0.0473769912
v 0.06522798 0.0152179465 -0.0460589511
v 0.06549996 0.0161119566 -0.0455960012
v 0.065225 0.0158359965 -0.0467779612
v 0.06523197 0.0149999766 -0.0451359711
v 0.06523197 0.0149999766 -0.0451359711
v 0.06523197 0.0149999783 -0.0225679811
v 0.06549996 0.0159999666 -0.0451359712
v 0.06549996 0.0159999683 -0.0225679812
v 0.06549996 0.01599997 -1.20796414e-09
v 0.06523197 0.01499998 -1.13246699e-09
v 0.06549996 0.04938399 -3.72838754e-09
v 0.06549996 0.0159999717 0.0225679788
v 0.06549996 0.0159999734 0.0451359688
v 0.06523197 0.0149999817 0.0225679789
v 0.06523197 0.0149999834 0.0451359689
v 0.06449997 0.0142679817 0.0225679789
v 0.06349998 0.0139999917 0.0225679789
v 0.06449997 0.01426798 -1.07720253e-09
v 0.06449997 0.0142679834 0.0451359689
v 0.06450098 0.0142689934 0.0451359689
v 0.06349998 0.0139999934 0.0451349589
v 0.04511696 0.0139999935 0.0467679489
v 0.06347495 0.0143289535 0.0464999589
v 0.06347495 0.0143359835 0.0465149789
v 0.04537194 0.0143039836 0.0480589789
v 0.04557496 0.0151579937 0.0490919889
v 0.02791595 0.014283954 0.0529479889
v 0.02748495 0.0139999939 0.0517499989
v 0.02826398 0.0150779441 0.0539169889
v 0.01138097 0.0142389545 0.0599219689
v 0.01394599 0.0149349545 0.0597749889
v 0.011186 0.0141859645 0.0598709489
v 0.01099997 0.0139999944 0.0587999789
v 0.01119196 0.0141929945 0.0599009889
v 0.01119196 0.0141929946 0.0613489689
v 0.01541399 0.0153619645 0.0594909688
v 0.01540696 0.0153279945 0.0594289788
v 0.01950895 0.0164789544 0.0581509388
v 0.01949799 0.0164159544 0.0580759588
v 0.02350795 0.0175420043 0.0565109787
v 0.03019899 0.0192199941 0.0536679585
v 0.02349799 0.0174489643 0.0564349787
v 0.02358198 0.0174509843 0.0564009487
v 0.023552 0.0174629643 0.0564109587
v 0.02423298 0.0176389842 0.0561119887
v 0.02398097 0.0174589742 0.0562409687
v 0.04318195 0.0218279937 0.0489949484
v 0.05025899 0.0228899736 0.0471929883
v 0.04317396 0.0177109838 0.0501569487
v 0.02848297 0.0175359841 0.0545279887
v 0.04567998 0.0177379837 0.0496219887
v 0.04568499 0.0163879937 0.0496499488
v 0.06344795 0.0179809936 0.0479699886
v 0.06344598 0.0165839736 0.0481059487
v 0.06352198 0.0230000035 0.0459499883
v 0.06446897 0.0178999936 0.0477339586
v 0.06451296 0.0228849635 0.0456999483
v 0.06446999 0.0178999936 0.0477339586
v 0.06522399 0.0176589436 0.0470399787
v 0.06446796 0.0166119936 0.0478589487
v 0.06447398 0.0154109536 0.0473769888
v 0.06344598 0.0165770036 0.0481049987
v 0.06522297 0.0167160036 0.0471309987
v 0.06549996 0.0168589935 0.0461259387
v 0.065225 0.0158360035 0.0467779588
v 0.06549996 0.0164219735 0.0459519588
v 0.06522798 0.0152179535 0.0460589489
v 0.06448596 0.0145669535 0.0463959489
v 0.06549996 0.0161119634 0.0455959988
v 0.06523197 0.0149999834 0.0451359689
v 0.06549996 0.0173269535 0.0460809387
v 0.06549996 0.0221619633 0.0441349683
v 0.06549996 0.0269099431 0.041407998
v 0.06523597 0.0225780034 0.0450369683
v 0.06523197 0.0274549732 0.0422469879
v 0.06523495 0.0225789534 0.0450369683
v 0.06449997 0.0278539632 0.0428609779
v 0.06523197 0.0370069726 0.0341919572
v 0.06523197 0.0442829718 0.0240339567
v 0.06449997 0.0375449626 0.0346889372
v 0.06549996 0.0362719825 0.0335129373
v 0.06549996 0.0434039818 0.0235569367
v 0.06549996 0.0478659809 0.0121519464
v 0.06523197 0.0488349709 0.0123979963
v 0.06449997 0.0495449909 0.0125779463
v 0.06523197 0.05038398 -3.80388468e-09
v 0.06449997 0.05111598 -3.85914915e-09
v 0.06523197 0.0488349691 -0.0123980037
v 0.06523197 0.0442829682 -0.0240339633
v 0.06449997 0.0495449891 -0.0125779537
v 0.06549996 0.0478659791 -0.0121519536
v 0.06549996 0.0434039782 -0.0235569433
v 0.06549996 0.0362719775 -0.0335129427
v 0.06523197 0.0370069674 -0.0341919628
v 0.06549996 0.0269099369 -0.041408002
v 0.06523197 0.0274549668 -0.0422469921
v 0.06549996 0.0221619567 -0.0441339617
v 0.06549996 0.0173269465 -0.0460809413
v 0.06523597 0.0225779966 -0.0450369717
v 0.06523495 0.0225789466 -0.0450369717
v 0.06451296 0.0228849565 -0.0456999517
v 0.06522399 0.0176589364 -0.0470399813
v 0.06446999 0.0178999864 -0.0477339614
v 0.06522297 0.0167159964 -0.0471310013
v 0.06446796 0.0166119864 -0.0478589513
v 0.06549996 0.0168589865 -0.0461259413
v 0.06549996 0.0164219665 -0.0459519612
v 0.06344598 0.0165769964 -0.0481050013
v 0.06345498 0.0152649764 -0.0475829812
v 0.06446897 0.0178999864 -0.0477339614
v 0.06449997 0.0375449574 -0.0346879928
v 0.06449997 0.0449259782 -0.0243829434
v 0.06349998 0.0451619581 -0.0245109734
v 0.06349998 0.0451619581 -0.0245099634
v 0.06349998 0.049803969 -0.0126439938
v 0.05758297 0.0451619581 -0.0245099634
v 0.05758297 0.049803969 -0.0126439938
v 0.05758297 0.0451619581 -0.0245109734
v 0.0575 0.0452339581 -0.0245499634
v 0.0575 0.049884969 -0.0126649738
v 0.0575 0.0378019774 -0.0349259929
v 0.0575 0.051467 -3.88565042e-09
v 0.0575 0.049884971 0.0126649662
v 0.05758297 0.05138397 -3.87938183e-09
v 0.0575 0.06287097 -4.74662621e-09
v 0.0575 0.0621639407 0.00940393931
v 0.0575 0.0621639393 -0.00940394869
v 0.05762898 0.06299996 -4.75636468e-09
v 0.05762898 0.0622909607 0.0094229523
v 0.05762898 0.0622909593 -0.0094229617
v 0.06799995 0.06299996 -4.75636468e-09
v 0.06799995 0.0622909593 -0.0094229617
v 0.06849998 0.0625 -4.71861875e-09
v 0.06799995 0.0622909607 0.0094229523
v 0.06849998 0.0617969607 0.00934898333
v 0.06799995 0.0619729708 0.0101439853
v 0.06799995 0.0613330008 0.0106039554
v 0.05762898 0.0619729708 0.0101439853
v 0.06849998 0.0615849407 0.00982897935
v 0.06849998 0.0611580008 0.0101359354
v 0.06849998 0.0606349708 0.0101839854
v 0.06849998 0.0543109707 0.0090689609
v 0.06799995 0.0605479408 0.0106759554
v 0.06799995 0.0542239507 0.00956093791
v 0.05762898 0.0605479408 0.0106759554
v 0.05762898 0.0542239507 0.00956093791
v 0.0575 0.0605700008 0.0105489354
v 0.05762898 0.0613330008 0.0106039554
v 0.0575 0.0612879908 0.0104829554
v 0.0575 0.0618729508 0.0100629853
v 0.0575 0.0542459407 0.0094339799
v 0.0575 0.0531229907 0.00952499699
v 0.0575 0.0521879708 0.0101529861
v 0.05762898 0.0531659707 0.00964694799
v 0.05762898 0.0522849508 0.0102389961
v 0.06799995 0.0531659707 0.00964694799
v 0.06799995 0.0522849508 0.0102389961
v 0.06849998 0.0530009807 0.009174938
v 0.06849998 0.0519099807 0.00990795608
v 0.06849998 0.0513179808 0.0110799561
v 0.06849998 0.0464629518 0.0244429665
v 0.06799995 0.0518059708 0.0111859961
v 0.05762898 0.0518059708 0.0111859961
v 0.06799995 0.0469059919 0.0246759565
v 0.06799995 0.0385649827 0.0363559671
v 0.05762898 0.0469049819 0.0246759565
v 0.05762898 0.0389239727 0.0359709771
v 0.05762898 0.0470269918 0.0244429664
v 0.0575 0.0469129618 0.0243829365
v 0.0575 0.0388289627 0.0358839571
v 0.0575 0.0516799608 0.0111589961
v 0.0575 0.0279999934 0.0448479579
v 0.0575 0.0279319834 0.0448899779
v 0.05762898 0.0280689534 0.0449569779
v 0.0575 0.0279999933 0.0431839779
v 0.05758297 0.0279549933 0.0431149579
v 0.05715495 0.0266039933 0.044145998
v 0.0575 0.0280449933 0.0431549479
v 0.0575 0.0378019826 0.0349269471
v 0.05758297 0.0279999933 0.0430849679
v 0.05758297 0.0377419526 0.0348699572
v 0.06349998 0.0279999933 0.0430849679
v 0.06349998 0.0377419526 0.0348699572
v 0.06350195 0.0271059833 0.043657948
v 0.06351399 0.0261989833 0.044223958
v 0.05743795 0.0269509533 0.043774958
v 0.05715298 0.0263999733 0.044158988
v 0.05708497 0.0264939633 0.044225988
v 0.05662995 0.0257650034 0.0446229481
v 0.05597096 0.0251789634 0.0450729681
v 0.05563396 0.0249249934 0.0452739481
v 0.05592298 0.0252919734 0.0451399581
v 0.05487698 0.0245719535 0.0457249781
v 0.05614995 0.0254789534 0.0449929781
v 0.05614799 0.0254780035 0.0466059981
v 0.05580896 0.0252049535 0.0468159881
v 0.05702698 0.0264099835 0.045919948
v 0.05713397 0.0264070035 0.046026998
v 0.05715399 0.0266029835 0.045781968
v 0.05658894 0.0257759635 0.0464739681
v 0.05744498 0.0269569734 0.045657988
v 0.05762898 0.0279999934 0.0449999479
v 0.06549996 0.0271430034 0.045521968
v 0.06549996 0.0262749735 0.046028968
v 0.06549996 0.0273959634 0.0453699779
v 0.06549996 0.0279999934 0.0449999479
v 0.06799995 0.0273959634 0.0453699779
v 0.06799995 0.0142199939 0.0510569789
v 0.06799995 0.0273969734 0.0453699779
v 0.06849998 0.0271389434 0.044941958
v 0.06799995 0.0385649827 0.0363559671
v 0.05762898 0.0385649827 0.0363559671
v 0.06849998 0.0382009727 0.0360129371
v 0.06849998 0.0140859438 0.0505749489
v 0.06849998 3.96363522e-09 0.05249994
v 0.06849998 -0.0140849862 0.0505749511
v 0.06799995 4.00138644e-09 0.05299997
v 0.06799995 -0.0142189761 0.0510569811
v 0.06799995 0.0142189839 0.0510569789
v 0.06549996 4.00138644e-09 0.05299997
v 0.03949195 4.23875334e-09 0.05614399
v 0.06549996 0.0117989739 0.0516699491
v 0.06549996 -0.0117989661 0.0516699509
v 0.05240696 -0.011431986 0.0526309609
v 0.06549996 -0.0142199861 0.0510569811
v 0.06549996 -0.0229999964 0.0477489817
v 0.06799995 -0.0142199861 0.0510569811
v 0.06799995 -0.0273969666 0.0453699821
v 0.06549996 -0.0273969666 0.0453699821
v 0.06849998 -0.0271379866 0.044941962
v 0.06799995 -0.0385649773 0.0363559729
v 0.06549996 -0.0385649773 0.0363549529
v 0.06799995 -0.0469049781 0.0246759635
v 0.06849998 -0.0382009673 0.0360129429
v 0.06849998 -0.0464629482 0.0244429735
v 0.06849998 -0.0513169692 0.0110799639
v 0.06799995 -0.0518059692 0.0111860039
v 0.06849998 -0.05230498 3.94891615e-09
v 0.06849998 -0.0513169708 -0.0110799561
v 0.06799995 -0.05280399 3.98659036e-09
v 0.06799995 -0.0518059708 -0.0111859961
v 0.06549996 -0.05280297 3.98651335e-09
v 0.06549996 -0.0518059708 -0.0111859961
v 0.06549996 -0.0518059692 0.0111860039
v 0.06549996 -0.0469049781 0.0246749535
v 0.06549996 -0.0469049819 -0.0246759565
v 0.06549996 -0.0385639627 -0.0363559671
v 0.06799995 -0.0469049819 -0.0246759565
v 0.06849998 -0.0464629518 -0.0244429665
v 0.06799995 -0.0385649827 -0.0363559671
v 0.06849998 -0.0382009727 -0.0360129371
v 0.06799995 -0.0385639627 -0.0363559671
v 0.06799995 -0.0273969734 -0.0453699779
v 0.06849998 -0.0271379934 -0.044941958
v 0.06799995 -0.0273959634 -0.0453699779
v 0.06799995 -0.0142189839 -0.0510569789
v 0.06549996 -0.0273959634 -0.0453699779
v 0.06549996 -0.0259999635 -0.046183998
v 0.06549996 -0.0259999632 -0.041989978
v 0.056804 -0.0259999635 -0.046312978
v 0.06549996 -0.0247329435 -0.0468749981
v 0.05370295 -0.0238729736 -0.0479799482
v 0.06549996 -0.0230000036 -0.0477489783
v 0.05223995 -0.0230000037 -0.0486659983
v 0.06549996 -0.0142179739 -0.0510569789
v 0.06549996 -0.0117989739 -0.0516699491
v 0.06799995 -0.0142179739 -0.0510569789
v 0.06799995 -4.00138644e-09 -0.05299997
v 0.06849998 -3.96363522e-09 -0.05249994
v 0.06549996 -4.00138644e-09 -0.05299997
v 0.06799995 0.0142199861 -0.0510569811
v 0.06849998 0.0140859362 -0.0505749511
v 0.06799995 0.0142199861 -0.0510569811
v 0.06549996 0.0142199861 -0.0510559611
v 0.06799995 0.0273969666 -0.0453699821
v 0.06549996 0.0273969666 -0.0453699821
v 0.06849998 0.0271389366 -0.044941962
v 0.06849998 0.0382009673 -0.0360129429
v 0.06549996 0.0271429966 -0.045521972
v 0.06549996 0.0279999866 -0.0449999521
v 0.06549996 0.0262749665 -0.046028972
v 0.05744498 0.0269569666 -0.045657992
v 0.05713397 0.0264069965 -0.046027002
v 0.05702698 0.0264099765 -0.045919952
v 0.05658799 0.0257759565 -0.0464739719
v 0.05589199 0.0251759765 -0.0469219619
v 0.05580896 0.0252049465 -0.0468159919
v 0.05437296 0.0242059764 -0.0476949818
v 0.05430299 0.0242479964 -0.0475890018
v 0.05385094 0.0239429364 -0.0479189718
v 0.06549996 0.0248059565 -0.0468369719
v 0.05268198 0.0234599663 -0.0483569518
v 0.05242794 0.0233739563 -0.0484399718
v 0.05262696 0.0235139664 -0.0482469718
v 0.053451 0.0238359464 -0.0479469818
v 0.051907 0.0232949763 -0.0484730018
v 0.05190998 0.0232949765 -0.0468869818
v 0.05080598 0.0230729463 -0.0487479517
v 0.05026096 0.0229999963 -0.0488659717
v 0.05080598 0.0230729463 -0.0487479517
v 0.05084198 0.0229999963 -0.0488639417
v 0.05223995 0.0229999963 -0.0486660017
v 0.05084198 0.0229999963 -0.0488639417
v 0.05029499 0.0229269763 -0.0489819617
v 0.03923296 0.0211119561 -0.0520429616
v 0.03203397 0.0195519859 -0.0546689615
v 0.03943699 0.0104579858 -0.0551859708
v 0.05240696 0.011432936 -0.0526309609
v 0.01445996 0.00752794225 -0.0628599506
v 0.03949195 -4.23875334e-09 -0.05614399
v 0.01437997 -4.75878137e-09 -0.06303197
v 0.03943699 -0.0104569742 -0.0551859692
v 0.05240696 -0.011431994 -0.0526309591
v 0.01445996 -0.00752795175 -0.0628599494
v 0.03923296 -0.0211109539 -0.0520429584
v 0.05029499 -0.0229269837 -0.0489819583
v 0.03203397 -0.0195519941 -0.0546689585
v 0.03196895 -0.0196369841 -0.0545519485
v 0.01470398 -0.0150279947 -0.0622599689
v 0.01461797 -0.0151419647 -0.0621419489
v 0.01462996 -0.0150089847 -0.0622939389
v 0.01458698 -0.0149969447 -0.0623119389
v 0.01458597 -0.0149969447 -0.0623119389
v 0.01458597 -0.0149969447 -0.0623119389
v 0.01458597 -0.0149969447 -0.0623119389
v 0.01458597 -0.0149969447 -0.0623119389
v 0.01458597 -0.0149969447 -0.0623119389
v 0.01458597 -0.0149969447 -0.0623119389
v 0.01458698 -0.0149969447 -0.0623119389
v 0.01458698 -0.0149969447 -0.0623119389
v 0.01458698 -0.0149969447 -0.0623119389
v 0.01458698 -0.0149969447 -0.0623119389
v 0.01458698 -0.0149969447 -0.0623119389
v 0.01458698 -0.0149969447 -0.0623119389
v 0.01458597 -0.0149969447 -0.0623119389
v 0.01458597 -0.0149969447 -0.0623119389
v 0.01458299 -0.0149959947 -0.0623129589
v 0.01457297 -0.0149939647 -0.0623169489
v 0.01437598 -0.0149419947 -0.0623909789
v 0.01405894 -0.0148579447 -0.0624769889
v 0.01339095 -0.0146809847 -0.0625439789
v 0.01336097 -0.0147939947 -0.0624149989
v 0.01324599 -0.0146429547 -0.0625379589
v 0.01208698 -0.0143329547 -0.0622219989
v 0.01299196 -4.76549993e-09 -0.06312096
v 0.01171696 -4.72435584e-09 -0.06257599
v 0.01324599 0.0146429453 -0.0625379611
v 0.01339095 0.0146819853 -0.0625439811
v 0.01208698 0.0143339553 -0.0622220011
v 0.01184594 0.0142689853 -0.0620829411
v 0.01211297 0.0144479753 -0.0621079811
v 0.01119196 0.0141929854 -0.0613479611
v 0.01336097 0.0147949353 -0.0624150011
v 0.01461797 0.0151419553 -0.0621419511
v 0.01470398 0.0150289453 -0.0622599711
v 0.03019899 0.0192199858 -0.0552569615
v 0.03196895 0.0196369759 -0.0545519515
v 0.03019899 0.0192199859 -0.0536679615
v 0.02350795 0.0175419957 -0.0565109813
v 0.02349799 0.0174489557 -0.0564349813
v 0.01950895 0.0164789456 -0.0581499912
v 0.01541399 0.0153619555 -0.0594909712
v 0.01949799 0.0164159456 -0.0580759612
v 0.01811397 0.0160499756 -0.0585799812
v 0.01540696 0.0153279855 -0.0594279712
v 0.01394599 0.0149349455 -0.0597749911
v 0.01138097 0.0142389455 -0.0599219711
v 0.011186 0.0141859555 -0.0598700011
v 0.01119196 0.0141929855 -0.0599009911
v 0.01099997 0.0139999856 -0.0587999811
v 0.01099997 0.0139999858 -0.0549839711
v 0.02748495 0.0139999861 -0.0517500011
v 0.01049995 0.0134999658 -0.054983971
v 0.01124495 0.0139999859 -0.0539049511
v 0.011931 0.013999986 -0.0530380011
v 0.01079398 0.0134999659 -0.053689001
v 0.01134198 0.013499966 -0.052899951
v 0.01071798 0.0134999659 -0.053859941
v 0.01071798 -4.06631236e-09 -0.05385994
v 0.01049995 -4.15117427e-09 -0.05498397
v 0.01071798 -0.0134999741 -0.053859939
v 0.01134198 -3.99383514e-09 -0.05289995
v 0.01134198 -0.013499974 -0.052899949
v 0.01175194 -0.013713954 -0.052814959
v 0.01079398 -0.0134999741 -0.053688999
v 0.01124495 -0.0139999941 -0.0539049489
v 0.011931 -0.013999994 -0.0530379989
v 0.01099997 -0.0139999942 -0.0549839689
v 0.01049995 -0.0134999742 -0.054983969
v 0.01099997 -0.0139999944 -0.0587999789
v 0.02748495 -0.0139999939 -0.0517499989
v 0.011186 -0.0141859645 -0.0598699989
v 0.01119196 -0.0141919845 -0.0599009889
v 0.01138097 -0.0142389545 -0.0599219689
v 0.02791595 -0.014283954 -0.0529479889
v 0.01394599 -0.0149349545 -0.0597749889
v 0.01540696 -0.0153279945 -0.0594279688
v 0.02826398 -0.0150769941 -0.0539169889
v 0.02846598 -0.0162319541 -0.0544789988
v 0.04557496 -0.0151579937 -0.0490919889
v 0.04568499 -0.0163879937 -0.0496499488
v 0.04537194 -0.0143029636 -0.0480589789
v 0.06345498 -0.0152589636 -0.0475789888
v 0.06347495 -0.0143359835 -0.0465149789
v 0.06345498 -0.0152649836 -0.0475829788
v 0.06447398 -0.0154109536 -0.0473769888
v 0.06344598 -0.0165759936 -0.0481049987
v 0.06344598 -0.0165829636 -0.0481059487
v 0.06446796 -0.0166109836 -0.0478589487
v 0.06522297 -0.0167149936 -0.0471309987
v 0.06446999 -0.0178989736 -0.0477339586
v 0.06446897 -0.0178989736 -0.0477339586
v 0.06522399 -0.0176589436 -0.0470399787
v 0.06549996 -0.0173269535 -0.0460809387
v 0.06523495 -0.0225780034 -0.0450369683
v 0.06451296 -0.0228839535 -0.0456999483
v 0.06523597 -0.0225780034 -0.0450359483
v 0.065234 -0.0259999633 -0.043167938
v 0.06549996 -0.0221609433 -0.0441339583
v 0.06450796 -0.0259999633 -0.044026968
v 0.06403595 -0.0259999633 -0.044260968
v 0.06451195 -0.0228839535 -0.0456999483
v 0.06352198 -0.0230000035 -0.0459499883
v 0.06344795 -0.0179809936 -0.0479699886
v 0.06353497 -0.0246700034 -0.0451169581
v 0.05104798 -0.0230000036 -0.0470229883
v 0.05104595 -0.0231099736 -0.0470999383
v 0.05025899 -0.0228899736 -0.0471929883
v 0.05142098 -0.0230669935 -0.0469389483
v 0.05160796 -0.0231059735 -0.0468939483
v 0.05169796 -0.0231249935 -0.0468719583
v 0.05174499 -0.0231359635 -0.0468599683
v 0.05177098 -0.0231419835 -0.0468529383
v 0.05177599 -0.0231429935 -0.0468519883
v 0.05177599 -0.0231429935 -0.0468519883
v 0.05177599 -0.0231429935 -0.0468519883
v 0.05177599 -0.0231429935 -0.0468519883
v 0.05177599 -0.0231429935 -0.0468519883
v 0.05177599 -0.0231429935 -0.0468519883
v 0.05177599 -0.0231429935 -0.0468519883
v 0.05177599 -0.0231429935 -0.0468519883
v 0.05177599 -0.0231429935 -0.0468519883
v 0.05177599 -0.0231429935 -0.0468519883
v 0.05177599 -0.0231429935 -0.0468519883
v 0.051777 -0.0231429935 -0.0468509683
v 0.05178099 -0.0231439435 -0.0468499583
v 0.05250895 -0.0233479735 -0.0466399682
v 0.053855 -0.0238849535 -0.0461429882
v 0.05426096 -0.0240869535 -0.0459669782
v 0.05422896 -0.0242069935 -0.0460349882
v 0.05495798 -0.0244789734 -0.0456359882
v 0.05513995 -0.0245919834 -0.0455429481
v 0.05523997 -0.0246559934 -0.0454909781
v 0.05525296 -0.0246639834 -0.0454839381
v 0.05525898 -0.0246679734 -0.0454799481
v 0.05526 -0.0246689934 -0.0454799481
v 0.05526 -0.0246689934 -0.0454799481
v 0.05526 -0.0246689934 -0.0454799481
v 0.05526 -0.0246689934 -0.0454799481
v 0.05526 -0.0246689934 -0.0454799481
v 0.05526 -0.0246689934 -0.0454799481
v 0.05526 -0.0246689934 -0.0454799481
v 0.05526 -0.0246689934 -0.0454799481
v 0.05526 -0.0246689934 -0.0454799481
v 0.05526 -0.0246689934 -0.0454799481
v 0.05526 -0.0246689934 -0.0454799481
v 0.05526 -0.0246689934 -0.0454799481
v 0.05526596 -0.0246729834 -0.0454769681
v 0.05528795 -0.0246869934 -0.0454649881
v 0.05567497 -0.0249539634 -0.0452499881
v 0.05684697 -0.0259999634 -0.044448968
v 0.05669397 -0.0259999634 -0.044592968
v 0.06351697 -0.0259999633 -0.044345968
v 0.05669397 -0.0259999635 -0.046215948
v 0.05405896 -0.0241209836 -0.0476959882
v 0.05381298 -0.0240010036 -0.0477999982
v 0.05412697 -0.0240779536 -0.0478029782
v 0.05080598 -0.0230720037 -0.0487479483
v 0.05381798 -0.0240019535 -0.0462149882
v 0.05026096 -0.0230000037 -0.0488659683
v 0.05080598 -0.0230720037 -0.0487479483
v 0.05084198 -0.0230000037 -0.0488639383
v 0.05084198 -0.0230000037 -0.0488639383
v 0.05084198 -0.0230000037 -0.0488639383
v 0.05084198 -0.0230000037 -0.0488639383
v 0.05084198 -0.0230000037 -0.0488639383
v 0.05084198 -0.0230000037 -0.0488639383
v 0.05084198 -0.0230000037 -0.0488639383
v 0.05084198 -0.0230000037 -0.0488639383
v 0.05084198 -0.0230000037 -0.0488639383
v 0.05084198 -0.0230000037 -0.0488639383
v 0.05084198 -0.0230000037 -0.0488639383
v 0.05084198 -0.0230000037 -0.0488639383
v 0.050843 -0.0230000037 -0.0488639383
v 0.05084395 -0.0230000037 -0.0488639383
v 0.05084496 -0.0230000037 -0.0488629883
v 0.05084896 -0.0230009537 -0.0488629883
v 0.05085599 -0.0230019637 -0.0488609583
v 0.05086898 -0.0230039937 -0.0488579783
v 0.05089598 -0.0230079837 -0.0488519583
v 0.05094999 -0.0230159737 -0.0488399783
v 0.05105799 -0.0230339737 -0.0488159583
v 0.05127197 -0.0230729537 -0.0487649983
v 0.05169498 -0.0231669537 -0.0486569983
v 0.05211198 -0.0232769837 -0.0485379582
v 0.052522 -0.0234040037 -0.0484099882
v 0.05292296 -0.0235469936 -0.0482739782
v 0.05331695 -0.0237029736 -0.0481299682
v 0.05026096 -0.0230000036 -0.0472679683
v 0.03019899 -0.0192189841 -0.0536679585
v 0.02350795 -0.0175409943 -0.0565109787
v 0.03019899 -0.0192189842 -0.0552569585
v 0.02349799 -0.0174489643 -0.0564349787
v 0.01950895 -0.0164789544 -0.0581499888
v 0.01949799 -0.0164149944 -0.0580759588
v 0.01541399 -0.0153619645 -0.0594909688
v 0.01811397 -0.0160499844 -0.0585799788
v 0.023552 -0.0174629643 -0.0564109587
v 0.02358198 -0.0174499743 -0.0564009487
v 0.02378499 -0.0174109943 -0.0563269787
v 0.02398097 -0.0174579642 -0.0562409687
v 0.02423298 -0.0176389842 -0.0561109687
v 0.02848297 -0.0175359841 -0.0545279887
v 0.04317396 -0.0177099738 -0.0501569487
v 0.04318195 -0.0218279937 -0.0489949484
v 0.04567998 -0.0177379837 -0.0496219887
v 0.06549996 -0.0168589935 -0.0461259387
v 0.06549996 -0.0164209635 -0.0459519588
v 0.06549996 -0.0161119634 -0.0455959988
v 0.065225 -0.0158349835 -0.0467779588
v 0.06522798 -0.0152169435 -0.0460589489
v 0.06448596 -0.0145660035 -0.0463959489
v 0.06523197 -0.0149989734 -0.0451359689
v 0.06450098 -0.0142679834 -0.0451349589
v 0.06523197 -0.0149999834 -0.0451359689
v 0.06523197 -0.0149999817 -0.0225679789
v 0.06549996 -0.0159999734 -0.0451359688
v 0.06549996 -0.0159999717 -0.0225679788
v 0.06549996 -0.01599997 1.20796414e-09
v 0.06549996 -0.0159999683 0.0225679812
v 0.06523197 -0.01499998 1.13246699e-09
v 0.06523197 -0.0149999783 0.0225679811
v 0.06449997 -0.01426798 1.07720253e-09
v 0.06449997 -0.0142679783 0.0225679811
v 0.06349998 -0.01399999 1.05696985e-09
v 0.06449997 -0.0142679817 -0.0225679789
v 0.06349998 -0.0139999917 -0.0225679789
v 0.06449997 -0.0142679834 -0.0451349589
v 0.06349998 -0.0139999934 -0.0451349589
v 0.04511696 -0.0139999935 -0.0467679489
v 0.06347495 -0.0143280035 -0.0464999589
v 0.06349998 -0.0139999883 0.0225679811
v 0.05449998 -0.01399999 1.05696985e-09
v 0.05449998 0.01399999 -1.05696985e-09
v 0.05248999 -0.0139999889 0.0145979511
v 0.05248999 -0.0139999911 -0.0145979489
v 0.05248999 0.0139999889 -0.0145979511
v 0.04660797 -0.0139999921 -0.0281079989
v 0.04660797 0.0139999879 -0.0281080011
v 0.03729295 -0.013999993 -0.0395259789
v 0.03729295 0.013999987 -0.0395259811
v 0.02523797 -0.0139999936 -0.0479999689
v 0.01292496 -0.013999994 -0.0525509689
v 0.02523797 0.0139999864 -0.0479999711
v 0.01292496 0.013999986 -0.0525509711
v 0.01175194 0.013713946 -0.052814961
v 0.04660797 -0.0139999879 0.0281080011
v 0.05248999 0.0139999911 0.0145979489
v 0.04660797 0.0139999921 0.0281079989
v 0.03729295 0.013999993 0.0395259789
v 0.02523797 0.0139999936 0.0479999689
v 0.03729295 -0.013999987 0.0395259811
v 0.02523797 -0.0139999864 0.0479999711
v 0.01292496 -0.013999986 0.0525509711
v 0.01175194 -0.013713946 0.052814961
v 0.011931 -0.013999986 0.0530380011
v 0.01124495 -0.0139999859 0.0539049511
v 0.01099997 -0.0139999858 0.0549839711
v 0.01079398 -0.0134999659 0.053689951
v 0.01134198 -0.013499966 0.052900961
v 0.01071798 -0.0134999659 0.053860961
v 0.01071798 4.06638937e-09 0.05386096
v 0.01049995 -0.0134999658 0.054983971
v 0.01049995 -0.0134999655 0.059636951
v 0.01049995 4.15117427e-09 0.05498397
v 0.01049995 4.54225339e-09 0.06016397
v 0.01049995 0.0134999742 0.054983969
v 0.01099997 0.0139999942 0.0549839689
v 0.01049995 0.0134999745 0.059636949
v 0.01071798 0.0134999741 0.053860959
v 0.01079398 0.0134999741 0.053689949
v 0.01134198 0.013499974 0.052900959
v 0.01124495 0.0139999941 0.0539049489
v 0.011931 0.013999994 0.0530379989
v 0.01292496 0.013999994 0.0525509689
v 0.01175194 0.013713954 0.052814959
v 0.01134198 3.99391139e-09 0.05290096
v 0.01059299 0.0135929546 0.060371989
v 0.01085299 0.0138529546 0.061023949
v 0.01105594 0.0140559646 0.0613359789
v 0.01082295 4.64440431e-09 0.061517
v 0.01171696 4.72435584e-09 0.06257599
v 0.01085299 -0.0138529454 0.061023951
v 0.01059299 -0.0135929454 0.060371991
v 0.01105594 -0.0140559554 0.0613359811
v 0.01119196 -0.0141919754 0.0613489711
v 0.01184594 -0.0142689853 0.0620829411
v 0.01208698 -0.0143329453 0.0622220011
v 0.01324599 -0.0146429453 0.0625379611
v 0.01211297 -0.0144479753 0.0621079811
v 0.01336097 -0.0147939853 0.0624150011
v 0.01461797 -0.0151419553 0.0621419511
v 0.01339095 -0.0146809753 0.0625439811
v 0.01405894 -0.0148579353 0.0624769911
v 0.01437598 -0.0149419853 0.0623909811
v 0.01457297 -0.0149939553 0.0623169511
v 0.01458299 -0.0149959853 0.0623129611
v 0.01458597 -0.0149969353 0.0623119411
v 0.01458597 -0.0149969353 0.0623119411
v 0.01458698 -0.0149969353 0.0623119411
v 0.01458698 -0.0149969353 0.0623119411
v 0.01458698 -0.0149969353 0.0623119411
v 0.01458698 -0.0149969353 0.0623119411
v 0.01458698 -0.0149969353 0.0623119411
v 0.01458698 -0.0149969353 0.0623119411
v 0.01458597 -0.0149969353 0.0623119411
v 0.01458597 -0.0149969353 0.0623119411
v 0.01458597 -0.0149969353 0.0623119411
v 0.01458597 -0.0149969353 0.0623119411
v 0.01458597 -0.0149969353 0.0623119411
v 0.01458597 -0.0149969353 0.0623119411
v 0.01458698 -0.0149969353 0.0623119411
v 0.01462996 -0.0150089753 0.0622939411
v 0.01470398 -0.0150279853 0.0622599711
v 0.03203397 -0.0195519859 0.0546689615
v 0.01445996 -0.00752794225 0.0628609606
v 0.01437997 4.75878137e-09 0.06303197
v 0.03943699 -0.0104569658 0.0551859708
v 0.03923296 -0.0211109461 0.0520429616
v 0.05029499 -0.0229269763 0.0489819617
v 0.05026096 -0.0229999963 0.0488659717
v 0.05084198 -0.0229999963 0.0488639417
v 0.05080598 -0.0230719963 0.0487489717
v 0.05084198 -0.0229999963 0.0488639417
v 0.05223995 -0.0229999963 0.0486660017
v 0.05084198 -0.0229999963 0.0488639417
v 0.05084198 -0.0229999963 0.0488639417
v 0.05084198 -0.0229999963 0.0488639417
v 0.05084198 -0.0229999963 0.0488639417
v 0.05084198 -0.0229999963 0.0488639417
v 0.05084198 -0.0229999963 0.0488639417
v 0.05084198 -0.0229999963 0.0488639417
v 0.05084198 -0.0229999963 0.0488639417
v 0.05084198 -0.0229999963 0.0488639417
v 0.05084198 -0.0229999963 0.0488639417
v 0.050843 -0.0229999963 0.0488639417
v 0.05084395 -0.0229999963 0.0488639417
v 0.05084496 -0.0229999963 0.0488629917
v 0.05084896 -0.0230009463 0.0488629917
v 0.05085599 -0.0230019563 0.0488609617
v 0.05086898 -0.0230039863 0.0488579817
v 0.05089598 -0.0230079763 0.0488519617
v 0.05094999 -0.0230159663 0.0488399817
v 0.05105799 -0.0230339663 0.0488159617
v 0.05127197 -0.0230729463 0.0487650017
v 0.05169498 -0.0231669463 0.0486570017
v 0.05211198 -0.0232769763 0.0485379618
v 0.052522 -0.0234039963 0.0484099918
v 0.05292296 -0.0235469864 0.0482739818
v 0.05331695 -0.0237029664 0.0481299718
v 0.05370295 -0.0238729664 0.0479799518
v 0.05412697 -0.0240779464 0.0478029818
v 0.06549996 -0.0247329365 0.0468750019
v 0.06549996 -0.0259999565 0.046184002
v 0.06549996 -0.0259999568 0.041989982
v 0.056804 -0.0259999565 0.046312982
v 0.05669397 -0.0259999565 0.046215952
v 0.05405896 -0.0241209764 0.0476959918
v 0.05669397 -0.0259999566 0.044592972
v 0.05422896 -0.0242069865 0.0460349918
v 0.05684697 -0.0259999566 0.044448972
v 0.05567497 -0.0249539566 0.0452499919
v 0.06351697 -0.0259999567 0.044345972
v 0.06403595 -0.0259999567 0.044260972
v 0.06353497 -0.0246699966 0.0451169619
v 0.05385595 -0.0238849465 0.0461429918
v 0.06352198 -0.0229999965 0.0459499917
v 0.05104798 -0.0229999964 0.0470229917
v 0.06344795 -0.0179809864 0.0479699914
v 0.06451195 -0.0228839465 0.0456999517
v 0.06451296 -0.0228839465 0.0456999517
v 0.06450796 -0.0259999567 0.044026972
v 0.065234 -0.0259999567 0.043167942
v 0.06523597 -0.0225779966 0.0450369717
v 0.06523495 -0.0225779966 0.0450369717
v 0.06549996 -0.0221609367 0.0441349717
v 0.06549996 -0.0173269465 0.0460809413
v 0.06522399 -0.0176589364 0.0470399813
v 0.06549996 -0.0168589865 0.0461259413
v 0.06549996 -0.0164209565 0.0459519612
v 0.06522297 -0.0167149864 0.0471310013
v 0.065225 -0.0158349765 0.0467779612
v 0.06446796 -0.0166109764 0.0478589513
v 0.06447398 -0.0154109464 0.0473769912
v 0.06446999 -0.0178989664 0.0477339614
v 0.06344598 -0.0165759864 0.0481050013
v 0.06345498 -0.0152649764 0.0475829812
v 0.06344598 -0.0165829564 0.0481059513
v 0.04568499 -0.0163879863 0.0496499512
v 0.02846598 -0.0162319459 0.0544790012
v 0.04567998 -0.0177379763 0.0496219913
v 0.04557496 -0.0151579863 0.0490919911
v 0.02826398 -0.0150769859 0.0539169911
v 0.06345498 -0.0152589564 0.0475789912
v 0.04537194 -0.0143029564 0.0480589811
v 0.02791595 -0.014283946 0.0529479911
v 0.06347495 -0.0143279965 0.0464999611
v 0.04511696 -0.0139999865 0.0467679511
v 0.02748495 -0.0139999861 0.0517500011
v 0.06349998 -0.0139999866 0.0451349611
v 0.06449997 -0.0142679766 0.0451359711
v 0.06450098 -0.0142679766 0.0451359711
v 0.06448596 -0.0145659965 0.0463959511
v 0.06523197 -0.0149989666 0.0451359711
v 0.06522798 -0.0152169365 0.0460589511
v 0.06523197 -0.0149999766 0.0451359711
v 0.06549996 -0.0159999666 0.0451359712
v 0.06549996 -0.0161119566 0.0455960012
v 0.06347495 -0.0143359765 0.0465149811
v 0.01099997 -0.0139999856 0.0587999811
v 0.011186 -0.0141859555 0.0598709511
v 0.01138097 -0.0142389455 0.0599219711
v 0.01119196 -0.0141919755 0.0599009911
v 0.01541399 -0.0153619555 0.0594909712
v 0.01950895 -0.0164789456 0.0581509412
v 0.01540696 -0.0153279855 0.0594289812
v 0.01811397 -0.0160499756 0.0585799812
v 0.01394599 -0.0149349455 0.0597749911
v 0.01949799 -0.0164149856 0.0580759612
v 0.02349799 -0.0174489557 0.0564349813
v 0.02350795 -0.0175409857 0.0565109813
v 0.023552 -0.0174629557 0.0564109613
v 0.02358198 -0.0174499657 0.0564009513
v 0.02378499 -0.0174109857 0.0563269813
v 0.02398097 -0.0174579558 0.0562409713
v 0.02848297 -0.0175359759 0.0545279913
v 0.02423298 -0.0176389758 0.0561119913
v 0.04318195 -0.0218279863 0.0489949516
v 0.05025899 -0.0228899664 0.0471929917
v 0.04317396 -0.0177099662 0.0501569513
v 0.05026096 -0.0229999964 0.0472679717
v 0.05104595 -0.0231099664 0.0470999417
v 0.03019899 -0.0192189759 0.0536679615
v 0.03019899 -0.0192189758 0.0552569615
v 0.03196895 -0.0196369759 0.0545519515
v 0.05381798 -0.0240019465 0.0462149918
v 0.05381298 -0.0240009964 0.0478000018
v 0.05080598 -0.0230719963 0.0487479517
v 0.06446897 -0.0178989664 0.0477339614
v 0.05142098 -0.0230669865 0.0469389517
v 0.05160796 -0.0231059665 0.0468939517
v 0.05169796 -0.0231249865 0.0468719617
v 0.05174499 -0.0231359565 0.0468599717
v 0.05177098 -0.0231419765 0.0468529417
v 0.05177599 -0.0231429865 0.0468519917
v 0.05177599 -0.0231429865 0.0468519917
v 0.05177599 -0.0231429865 0.0468519917
v 0.05177599 -0.0231429865 0.0468519917
v 0.05177599 -0.0231429865 0.0468519917
v 0.05177599 -0.0231429865 0.0468519917
v 0.05177599 -0.0231429865 0.0468519917
v 0.05177599 -0.0231429865 0.0468519917
v 0.05177599 -0.0231429865 0.0468519917
v 0.05177599 -0.0231429865 0.0468519917
v 0.05177599 -0.0231429865 0.0468519917
v 0.051777 -0.0231429865 0.0468519917
v 0.05178099 -0.0231439365 0.0468509717
v 0.05250895 -0.0233479665 0.0466399718
v 0.05426096 -0.0240869465 0.0459669818
v 0.05495798 -0.0244789666 0.0456359918
v 0.05513995 -0.0245919766 0.0455429519
v 0.05523997 -0.0246559866 0.0454909819
v 0.05525296 -0.0246639766 0.0454839419
v 0.05525898 -0.0246679666 0.0454809619
v 0.05526 -0.0246689866 0.0454799519
v 0.05526 -0.0246689866 0.0454799519
v 0.05526 -0.0246689866 0.0454799519
v 0.05526 -0.0246689866 0.0454799519
v 0.05526 -0.0246689866 0.0454799519
v 0.05526 -0.0246689866 0.0454799519
v 0.05526 -0.0246689866 0.0454799519
v 0.05526 -0.0246689866 0.0454799519
v 0.05526 -0.0246689866 0.0454799519
v 0.05526 -0.0246689866 0.0454799519
v 0.05526 -0.0246689866 0.0454799519
v 0.05526 -0.0246689866 0.0454799519
v 0.05526596 -0.0246729766 0.0454769719
v 0.05528795 -0.0246869866 0.0454659419
v 0.01445996 0.00752795175 0.0628609594
v 0.01299196 4.76549993e-09 0.06312096
v 0.01324599 0.0146429547 0.0625379589
v 0.01339095 0.0146819947 0.0625439789
v 0.01208698 0.0143339647 0.0622219989
v 0.01184594 0.0142689947 0.0620829389
v 0.01211297 0.0144479847 0.0621079789
v 0.01336097 0.0147949447 0.0624149989
v 0.01461797 0.0151419647 0.0621419489
v 0.01470398 0.0150289547 0.0622599689
v 0.03019899 0.0192199942 0.0552569585
v 0.03196895 0.0196369841 0.0545519485
v 0.05026096 0.0230000037 0.0488659683
v 0.03203397 0.0195519941 0.0546689585
v 0.03923296 0.0211119639 0.0520429584
v 0.05029499 0.0229269837 0.0489819583
v 0.03943699 0.0104579942 0.0551859692
v 0.05240696 0.011432944 0.0526309591
v 0.05223995 0.0230000037 0.0486659983
v 0.05084198 0.0230000037 0.0488639383
v 0.06549996 0.0230000036 0.0477489783
v 0.06549996 0.0248059635 0.0468369681
v 0.06549996 0.0142179739 0.0510569789
v 0.05385094 0.0239429436 0.0479189682
v 0.05437296 0.0242059836 0.0476959882
v 0.05268299 0.0234599737 0.0483569482
v 0.05262696 0.0235139736 0.0482469682
v 0.05242794 0.0233739637 0.0484399682
v 0.05217099 0.0232949837 0.0485199582
v 0.05190998 0.0232219637 0.0485969682
v 0.05164694 0.0231549737 0.0486699883
v 0.05138099 0.0230959637 0.0487379983
v 0.05111294 0.0230439937 0.0488029683
v 0.050978 0.0230209837 0.0488339583
v 0.05090999 0.0230099537 0.0488489783
v 0.05087596 0.0230049437 0.0488569683
v 0.05085897 0.0230029837 0.0488599483
v 0.05085098 0.0230009537 0.0488619783
v 0.05084598 0.0230009537 0.0488629883
v 0.05084395 0.0230009537 0.0488639383
v 0.050843 0.0230000037 0.0488639383
v 0.050843 0.0230000037 0.0488639383
v 0.05084198 0.0230000037 0.0488639383
v 0.05084198 0.0230000037 0.0488639383
v 0.05084198 0.0230000037 0.0488639383
v 0.05084198 0.0230000037 0.0488639383
v 0.05084198 0.0230000037 0.0488639383
v 0.05084198 0.0230000037 0.0488639383
v 0.05084198 0.0230000037 0.0488639383
v 0.05084198 0.0230000037 0.0488639383
v 0.05084198 0.0230000037 0.0488639383
v 0.05084198 0.0230000037 0.0488639383
v 0.053451 0.0238359536 0.0479469782
v 0.051907 0.0232949837 0.0484729982
v 0.05080598 0.0230729537 0.0487479483
v 0.05190998 0.0232949835 0.0468869782
v 0.05283099 0.0235859735 0.0465959882
v 0.05104595 0.0231099736 0.0470999383
v 0.05104798 0.0230000036 0.0470229883
v 0.05026096 0.0230000036 0.0472679683
v 0.05151396 0.0230859535 0.0469169583
v 0.05174297 0.0231359635 0.0468599683
v 0.05177497 0.0231429935 0.0468519883
v 0.05177599 0.0231439435 0.0468519883
v 0.05177599 0.0231439435 0.0468519883
v 0.05177599 0.0231439435 0.0468519883
v 0.05177599 0.0231439435 0.0468519883
v 0.05177599 0.0231439435 0.0468519883
v 0.05177599 0.0231439435 0.0468519883
v 0.05177599 0.0231439435 0.0468519883
v 0.05177599 0.0231439435 0.0468519883
v 0.05177599 0.0231439435 0.0468519883
v 0.05177599 0.0231439435 0.0468519883
v 0.05177599 0.0231439435 0.0468519883
v 0.05177599 0.0231439435 0.0468519883
v 0.051777 0.0231439435 0.0468519883
v 0.05177897 0.0231439435 0.0468509683
v 0.05178499 0.0231459735 0.0468489483
v 0.05183196 0.0231570035 0.0468369683
v 0.05197697 0.0231930035 0.0467979882
v 0.05285096 0.0234649735 0.0465259482
v 0.05405497 0.0239819835 0.0460579882
v 0.06353396 0.0247689434 0.0450629481
v 0.05449795 0.0242129535 0.0458589682
v 0.05526 0.0246689934 0.0454799481
v 0.05446296 0.0243330035 0.0459269782
v 0.05345499 0.0238369735 0.0463629882
v 0.05526 0.0246700034 0.0454799481
v 0.05526 0.0246700034 0.0454799481
v 0.05526 0.0246700034 0.0454799481
v 0.05526 0.0246700034 0.0454799481
v 0.05526 0.0246700034 0.0454799481
v 0.05526 0.0246689934 0.0454799481
v 0.05526 0.0246689934 0.0454799481
v 0.05526 0.0246689934 0.0454799481
v 0.05526 0.0246689934 0.0454799481
v 0.05526 0.0246689934 0.0454799481
v 0.05526 0.0246700034 0.0454799481
v 0.05526095 0.0246700034 0.0454799481
v 0.05526196 0.0246709534 0.0454789881
v 0.05526494 0.0246729834 0.0454779781
v 0.05527395 0.0246779934 0.0454729681
v 0.05530297 0.0246979534 0.0454569981
v 0.05540597 0.0247669834 0.0454009681
v 0.05080598 0.0230729537 0.0487489683
v 0.05430299 0.0242480036 0.0475889982
v 0.05487298 0.0245710036 0.0473199381
v 0.05589199 0.0251759835 0.0469219581
v 0.01462996 0.0150089847 0.0622939389
v 0.01458698 0.0149979547 0.0623119389
v 0.01458597 0.0149979547 0.0623119389
v 0.01458597 0.0149979547 0.0623119389
v 0.01458597 0.0149979547 0.0623119389
v 0.01458597 0.0149979547 0.0623119389
v 0.01458597 0.0149979547 0.0623119389
v 0.01458597 0.0149979547 0.0623119389
v 0.01458698 0.0149979547 0.0623119389
v 0.01458698 0.0149979547 0.0623119389
v 0.01458698 0.0149979547 0.0623119389
v 0.01458698 0.0149979547 0.0623119389
v 0.01458698 0.0149979547 0.0623119389
v 0.01458698 0.0149979547 0.0623119389
v 0.01458597 0.0149979547 0.0623119389
v 0.01458597 0.0149969447 0.0623119389
v 0.01458299 0.0149969447 0.0623129589
v 0.01457297 0.0149939647 0.0623169489
v 0.01437598 0.0149419947 0.0623909789
v 0.01405894 0.0148579447 0.0624769889
v 0.06349998 0.01399999 -1.05696985e-09
v 0.06349998 0.0139999883 -0.0225679811
v 0.06449997 0.0142679783 -0.0225679811
v 0.06449997 0.0142679766 -0.0451349611
v 0.01119196 -0.0141919846 -0.0613479589
v 0.01211297 -0.0144479847 -0.0621079789
v 0.01105594 -0.0140559646 -0.0613359789
v 0.01184594 -0.0142689947 -0.0620829389
v 0.01085299 -0.0138529546 -0.061022989
v 0.01059299 -0.0135929546 -0.060371989
v 0.01082295 -4.64440431e-09 -0.061517
v 0.01049995 -4.54225339e-09 -0.06016397
v 0.01085299 0.0138529454 -0.061022991
v 0.01105594 0.0140559554 -0.0613359811
v 0.01059299 0.0135929454 -0.060371991
v 0.01049995 0.0134999655 -0.059636951
v 0.01049995 -0.0134999745 -0.059636949
v 0.023552 0.0174629557 -0.0564109613
v 0.02358198 0.0174509757 -0.0564009513
v 0.02378499 0.0174119357 -0.0563269813
v 0.02398097 0.0174589658 -0.0562409713
v 0.01462996 0.0150089753 -0.0622939411
v 0.01458698 0.0149979453 -0.0623119411
v 0.01458597 0.0149979453 -0.0623119411
v 0.01458597 0.0149979453 -0.0623119411
v 0.01458597 0.0149979453 -0.0623119411
v 0.01458597 0.0149979453 -0.0623119411
v 0.01458597 0.0149979453 -0.0623119411
v 0.01458597 0.0149979453 -0.0623119411
v 0.01458698 0.0149979453 -0.0623119411
v 0.01458698 0.0149979453 -0.0623119411
v 0.01458698 0.0149979453 -0.0623119411
v 0.01458698 0.0149979453 -0.0623119411
v 0.01458698 0.0149979453 -0.0623119411
v 0.01458698 0.0149979453 -0.0623119411
v 0.01458597 0.0149979453 -0.0623119411
v 0.01458597 0.0149969353 -0.0623119411
v 0.01458299 0.0149969353 -0.0623129611
v 0.01457297 0.0149939553 -0.0623169511
v 0.01437598 0.0149419853 -0.0623909811
v 0.01405894 0.0148579353 -0.0624769911
v 0.06549996 0.0117989661 -0.0516699509
v 0.05084198 0.0229999963 -0.0488639417
v 0.05084198 0.0229999963 -0.0488639417
v 0.05084198 0.0229999963 -0.0488639417
v 0.05084198 0.0229999963 -0.0488639417
v 0.05084198 0.0229999963 -0.0488639417
v 0.05084198 0.0229999963 -0.0488639417
v 0.05084198 0.0229999963 -0.0488639417
v 0.05084198 0.0229999963 -0.0488639417
v 0.05084198 0.0229999963 -0.0488639417
v 0.050843 0.0229999963 -0.0488639417
v 0.050843 0.0229999963 -0.0488639417
v 0.05084395 0.0230009463 -0.0488639417
v 0.05084598 0.0230009463 -0.0488629917
v 0.05084997 0.0230009463 -0.0488619817
v 0.05085897 0.0230029763 -0.0488599517
v 0.05087596 0.0230049363 -0.0488569717
v 0.05090999 0.0230099463 -0.0488489817
v 0.050978 0.0230209763 -0.0488339617
v 0.05111294 0.0230439863 -0.0488029717
v 0.05138099 0.0230959563 -0.0487380017
v 0.05164694 0.0231549663 -0.0486699917
v 0.05190998 0.0232219563 -0.0485969718
v 0.05217099 0.0232949763 -0.0485199618
v 0.06549996 0.0229999964 -0.0477489817
v 0.05283099 0.0235859665 -0.0465959918
v 0.05285096 0.0234649665 -0.0465259518
v 0.05345499 0.0238369665 -0.0463629918
v 0.05446296 0.0243329965 -0.0459269818
v 0.05449795 0.0242129465 -0.0458589718
v 0.05487698 0.0245719465 -0.0457249819
v 0.05487298 0.0245709964 -0.0473199419
v 0.05592298 0.0252919666 -0.0451399619
v 0.05597096 0.0251789566 -0.0450729719
v 0.05614995 0.0254789466 -0.0449929819
v 0.05708497 0.0264939567 -0.044225992
v 0.05614799 0.0254779965 -0.0466060019
v 0.05715298 0.0263999667 -0.044158992
v 0.05563396 0.0249249866 -0.0452739519
v 0.05540597 0.0247669766 -0.0454009719
v 0.05530297 0.0246979466 -0.0454570019
v 0.05527395 0.0246779866 -0.0454729719
v 0.05526494 0.0246729766 -0.0454769719
v 0.05526196 0.0246709466 -0.0454789919
v 0.05526095 0.0246699966 -0.0454799519
v 0.05526 0.0246699966 -0.0454799519
v 0.05526 0.0246689866 -0.0454799519
v 0.05526 0.0246689866 -0.0454799519
v 0.05526 0.0246689866 -0.0454799519
v 0.05526 0.0246689866 -0.0454799519
v 0.05526 0.0246689866 -0.0454799519
v 0.05526 0.0246699966 -0.0454799519
v 0.05526 0.0246699966 -0.0454799519
v 0.05526 0.0246699966 -0.0454799519
v 0.05526 0.0246699966 -0.0454799519
v 0.05526 0.0246699966 -0.0454799519
v 0.05526 0.0246689866 -0.0454799519
v 0.05197697 0.0231929965 -0.0467979918
v 0.05183196 0.0231569965 -0.0468369717
v 0.05178499 0.0231459665 -0.0468489517
v 0.05177897 0.0231439365 -0.0468509717
v 0.051777 0.0231439365 -0.0468509717
v 0.05177599 0.0231439365 -0.0468519917
v 0.05177599 0.0231439365 -0.0468519917
v 0.05177599 0.0231439365 -0.0468519917
v 0.05177599 0.0231439365 -0.0468519917
v 0.05177599 0.0231439365 -0.0468519917
v 0.05177599 0.0231439365 -0.0468519917
v 0.05177599 0.0231439365 -0.0468519917
v 0.05177599 0.0231439365 -0.0468519917
v 0.05177599 0.0231439365 -0.0468519917
v 0.05177599 0.0231439365 -0.0468519917
v 0.05177599 0.0231439365 -0.0468519917
v 0.05177599 0.0231439365 -0.0468519917
v 0.05177497 0.0231429865 -0.0468519917
v 0.05174297 0.0231359565 -0.0468599717
v 0.05715399 0.0266029765 -0.045781972
v 0.06849998 -0.0140849938 -0.0505749489
v 0.06349998 0.0451619619 0.0245109666
v 0.06349998 0.0451619619 0.0245099566
v 0.06449997 0.0449259818 0.0243829366
v 0.05758297 0.0451619619 0.0245099566
v 0.06349998 0.049803971 0.0126439862
v 0.06349998 0.049804981 0.0126429662
v 0.06349998 0.05138397 -3.87938183e-09
v 0.05758297 0.049804981 0.0126429662
v 0.05758297 0.049803971 0.0126439862
v 0.06349998 0.049804979 -0.0126429738
v 0.05758297 0.049804979 -0.0126429738
v 0.05758297 0.0451619619 0.0245109666
v 0.0575 0.0452339619 0.0245509666
v 0.06849998 0.0617969593 -0.00934899267
v 0.06849998 0.0615849393 -0.00982898865
v 0.06849998 0.0611579992 -0.0101359446
v 0.06799995 0.0619729692 -0.0101439947
v 0.06799995 0.0613329992 -0.0106039646
v 0.05762898 0.0619729692 -0.0101439947
v 0.0575 0.0618729492 -0.0100629947
v 0.05762898 0.0613329992 -0.0106039646
v 0.05762898 0.0605479392 -0.0106759646
v 0.0575 0.0612879892 -0.0104829646
v 0.0575 0.0605699992 -0.0105489446
v 0.0575 0.0542459393 -0.0094339881
v 0.0575 0.0531229893 -0.00952500501
v 0.05762898 0.0542239493 -0.00956094609
v 0.05762898 0.0531659693 -0.00964695601
v 0.06799995 0.0542239493 -0.00956094609
v 0.06849998 0.0543109693 -0.0090689691
v 0.06799995 0.0605479392 -0.0106759646
v 0.06799995 0.0531659693 -0.00964695601
v 0.06849998 0.0530009793 -0.009174946
v 0.06849998 0.0606349692 -0.0101839946
v 0.05762898 0.0522849492 -0.0102390039
v 0.0575 0.0521879692 -0.0101529939
v 0.0575 0.0516799592 -0.0111590039
v 0.0575 0.0469129582 -0.0243829435
v 0.06451296 0.0228849635 0.0456999483
v 0.06345498 0.0152649836 0.0475829788
v 0.06345498 0.0152599836 0.0475789888
v 0.02846598 0.0162319541 0.0544789988
v 0.01811397 0.0160499844 0.0585799788
v 0.02378499 0.0174119443 0.0563269787
v 0.05299997 -0.02139997 1.6156528e-09
v 0.05249994 -0.02139997 1.6156528e-09
v 0.05087298 -0.0213999689 0.0147909516
v 0.04466599 -0.0213999679 0.0283839716
v 0.05231297 -0.0198999589 0.0152139615
v 0.05299997 -0.02139997 1.6156528e-09
v 0.05087298 -0.0213999711 -0.0147909484
v 0.05449998 -0.01989996 1.50240519e-09
v 0.05231297 -0.0198999611 -0.0152139585
v 0.05449998 0.00149995 -1.13243075e-10
v 0.05439895 0.00149995025 0.00330197789
v 0.05439895 0.00149994975 -0.00330197811
v 0.05439895 -0.00537496825 -0.00330197759
v 0.05215996 -0.00537496919 -0.0157249496
v 0.05215996 -0.0198999612 -0.0157249485
v 0.04534095 -0.00537497027 -0.0300869896
v 0.03463596 -0.00537497116 -0.0418419796
v 0.04534095 -0.0198999623 -0.0300869885
v 0.045928 -0.0198999622 -0.0291949485
v 0.03586298 -0.0198999631 -0.0408099785
v 0.03487998 -0.021399973 -0.0396769584
v 0.03463596 -0.0198999632 -0.0418419785
v 0.02293199 -0.0198999637 -0.0491199385
v 0.022309 -0.0213999736 -0.0477559484
v 0.02097195 -0.0198999638 -0.0499689485
v 0.02097195 -0.00537497177 -0.0499689496
v 0.008184969 -0.019899964 -0.0534499785
v 0.007971942 -0.0213999739 -0.0519659484
v 0.005532979 -0.0198999641 -0.0537649885
v -0.007184982 -0.019899964 -0.0534499785
v 0.005532979 -0.00537497206 -0.0537649896
v -0.010342 -0.00537497199 -0.0528999496
v -0.010342 -0.00529998899 -0.0528999496
v -0.010342 -0.019899964 -0.0528999485
v -0.021932 -0.0198999637 -0.0491199385
v -0.02130895 -0.0213999736 -0.0477559484
v -0.02423799 -0.0198999636 -0.0479999685
v -0.03486198 -0.0198999631 -0.0408099785
v -0.02423799 -0.00529998862 -0.0479999696
v -0.03629297 -0.00529998798 -0.0395259796
v -0.04560798 -0.00529998712 -0.0281079996
v -0.03629297 -0.019899963 -0.0395259785
v -0.04492795 -0.0198999622 -0.0291949485
v -0.04560798 -0.0198999621 -0.0281079985
v -0.043666 -0.0213999721 -0.0283839684
v -0.04987299 -0.0213999711 -0.0147909484
v -0.03387999 -0.021399973 -0.0396769584
v -0.05199998 -0.02139997 1.6156528e-09
v -0.05131298 -0.0198999611 -0.0152139585
v -0.05148899 -0.0198999611 -0.0145979485
v -0.05148899 -0.0052999861 -0.0145979496
v -0.05349999 -0.01989996 1.50240519e-09
v -0.05148899 -0.0198999589 0.0145979515
v -0.05349999 -0.005299985 4.00137738e-10
v -0.05148899 -0.0052999839 0.0145979504
v -0.04560798 -0.00529998288 0.0281080004
v -0.04560798 -0.0198999579 0.0281080015
v -0.03629297 -0.00529998202 0.0395259804
v -0.03629297 -0.019899957 0.0395259815
v -0.02423799 -0.00529998138 0.0479999704
v -0.010342 -0.00529998101 0.0529009604
v -0.02423799 -0.0198999564 0.0479999715
v -0.021932 -0.0198999563 0.0491199415
v -0.03486198 -0.0198999569 0.0408099815
v -0.03387999 -0.021399967 0.0396769616
v -0.02130895 -0.0213999664 0.0477559516
v -0.043666 -0.0213999679 0.0283839716
v -0.04492795 -0.0198999578 0.0291949515
v -0.04987299 -0.0213999689 0.0147909516
v -0.05131298 -0.0198999589 0.0152139615
v -0.006971955 -0.0213999661 0.0519659516
v 0.007971942 -0.0213999661 0.0519659516
v -0.007184982 -0.019899956 0.0534499815
v 0.005532979 -0.0198999559 0.0537649915
v -0.010342 -0.019899956 0.0529009615
v -0.010342 -0.00537496401 0.0529009604
v 0.005532979 -0.00537496394 0.0537649904
v 0.02097195 -0.00537496423 0.0499689504
v 0.02097195 -0.0198999562 0.0499689515
v 0.03463596 -0.00537496484 0.0418419804
v 0.03463596 -0.0198999568 0.0418419815
v 0.04534095 -0.00537496573 0.0300869904
v 0.05215996 -0.00537496681 0.0157249504
v 0.04534095 -0.0198999577 0.0300869915
v 0.045928 -0.0198999578 0.0291949515
v 0.03586298 -0.0198999569 0.0408099815
v 0.03487998 -0.021399967 0.0396769616
v 0.022309 -0.0213999664 0.0477559516
v 0.02293199 -0.0198999563 0.0491199415
v 0.05215996 -0.0198999588 0.0157249515
v 0.05439895 -0.00537496775 0.00330197841
v 0.008184969 -0.019899956 0.0534499815
v -0.05149996 -0.02139997 1.6156528e-09
v -0.04939395 -0.0213999689 0.0146499816
v -0.05129998 -0.0212 1.60055548e-09
v -0.04939395 -0.0213999711 -0.0146499784
v -0.04324495 -0.0213999721 -0.0281129384
v -0.04920196 -0.0212000011 -0.0145939484
v -0.04307699 -0.0212000021 -0.0280049984
v -0.04920196 -0.0209999611 -0.0145939484
v -0.04307699 -0.0209999621 -0.0280049984
v -0.05129998 -0.02099996 1.58545288e-09
v -0.04920196 -0.0209999589 0.0145939516
v -0.04307699 -0.0209999579 0.0280050016
v -0.04920196 -0.0211999989 0.0145939516
v -0.04307699 -0.0211999979 0.0280050016
v -0.03342199 -0.021199997 0.0391479716
v -0.04324495 -0.0213999679 0.0281129416
v -0.033553 -0.021399967 0.0392989516
v -0.02110195 -0.0213999664 0.0473009916
v -0.006900966 -0.0213999661 0.0514709916
v -0.02101796 -0.0211999964 0.0471189616
v -0.006871998 -0.0211999961 0.0512729816
v -0.02101796 -0.0209999564 0.0471189616
v -0.006871998 -0.0209999561 0.0512729816
v -0.03342199 -0.020999957 0.0391479716
v 0.007871985 -0.0209999561 0.0512729816
v 0.02201896 -0.0209999564 0.0471189616
v 0.007871985 -0.0211999961 0.0512729816
v 0.007900953 -0.0213999661 0.0514709916
v 0.02201896 -0.0211999964 0.0471189616
v 0.02210199 -0.0213999664 0.0473009916
v 0.03442198 -0.021199997 0.0391479716
v 0.03455299 -0.021399967 0.0392989516
v 0.03442198 -0.020999957 0.0391479716
v 0.04407697 -0.0211999979 0.0280050016
v 0.044245 -0.0213999679 0.0281129416
v 0.05020195 -0.0211999989 0.0145939516
v 0.04407697 -0.0209999579 0.0280050016
v 0.05020195 -0.0209999589 0.0145939516
v 0.05229997 -0.02099996 1.58545288e-09
v 0.05229997 -0.0212 1.60055548e-09
v 0.05020195 -0.0209999611 -0.0145939484
v 0.04407697 -0.0209999621 -0.0280049984
v 0.05020195 -0.0212000011 -0.0145939484
v 0.05039399 -0.0213999711 -0.0146499784
v 0.04407697 -0.0212000021 -0.0280049984
v 0.044245 -0.0213999721 -0.0281129384
v 0.03442198 -0.021200003 -0.0391479684
v 0.03455299 -0.021399973 -0.0392989484
v 0.02201896 -0.0212000036 -0.0471189584
v 0.03442198 -0.020999963 -0.0391479684
v 0.02201896 -0.0209999636 -0.0471189584
v 0.007871985 -0.0209999639 -0.0512729784
v -0.006871998 -0.0209999639 -0.0512729784
v 0.007871985 -0.0212000039 -0.0512729784
v 0.007900953 -0.0213999739 -0.0514709884
v -0.006871998 -0.0212000039 -0.0512729784
v -0.006900966 -0.0213999739 -0.0514709884
v -0.02101796 -0.0212000036 -0.0471189584
v -0.02101796 -0.0209999636 -0.0471189584
v -0.03342199 -0.021200003 -0.0391479684
v -0.02110195 -0.0213999736 -0.0473009884
v -0.033553 -0.021399973 -0.0392989484
v -0.03342199 -0.020999963 -0.0391479684
v 0.02210199 -0.0213999736 -0.0473009884
v 0.05039399 -0.0213999689 0.0146499816
v -0.006971955 -0.0213999739 -0.0519659484
v 0.04466599 -0.0213999721 -0.0283839684
v -0.05294996 0.007699966 -5.81331263e-10
v -0.050785 0.00769996486 -0.0150589906
v -0.050785 0.00769996714 0.0150589894
v -0.05294996 0.03359997 -2.53672718e-09
v -0.050785 0.0335999711 0.0150589875
v -0.05194997 0.03459995 -2.61222357e-09
v -0.050785 0.0335999689 -0.0150589925
v -0.04982495 0.0345999489 -0.0147770026
v -0.044465 0.0335999678 -0.0288969825
v -0.044465 0.00769996382 -0.0288969806
v -0.03450196 0.033599967 -0.0403949625
v -0.04362398 0.0345999479 -0.0283569626
v -0.03384697 0.034599947 -0.0396389926
v -0.02128899 0.0345999464 -0.0477100026
v -0.006964981 0.0345999461 -0.0519160026
v -0.02170395 0.0335999663 -0.0486199825
v -0.007106959 0.033599966 -0.0529059725
v -0.02170395 0.00769996233 -0.0486199806
v -0.03450196 0.00769996295 -0.0403949606
v -0.007106959 0.00769996201 -0.0529059706
v 0.008106946 0.00769996201 -0.0529059706
v 0.008106946 0.033599966 -0.0529059725
v 0.022704 0.00769996233 -0.0486199806
v 0.022704 0.0335999663 -0.0486199825
v 0.03550195 0.00769996295 -0.0403949606
v 0.04546499 0.00769996382 -0.0288969806
v 0.03550195 0.033599967 -0.0403949625
v 0.04546499 0.0335999678 -0.0288969825
v 0.03484797 0.034599947 -0.0396389926
v 0.04462397 0.0345999479 -0.0283569626
v 0.02228897 0.0345999464 -0.0477100026
v 0.007964968 0.0345999461 -0.0519160026
v 0.05082499 0.0345999489 -0.0147770026
v 0.05294996 0.03459995 -2.61222357e-09
v 0.05178499 0.0335999689 -0.0150589925
v 0.05178499 0.00769996486 -0.0150589906
v 0.05394995 0.03359997 -2.53672718e-09
v 0.05394995 0.007699966 -5.81331263e-10
v 0.05178499 0.0335999711 0.0150589875
v 0.04546499 0.0335999722 0.0288969775
v 0.05082499 0.0345999511 0.0147769974
v 0.05178499 0.00769996714 0.0150589894
v 0.04546499 0.00769996818 0.0288969794
v 0.03550195 0.00769996905 0.0403949594
v 0.022704 0.00769996967 0.0486199794
v 0.03550195 0.033599973 0.0403949575
v 0.022704 0.0335999737 0.0486199775
v 0.03484797 0.034599953 0.0396389874
v 0.02228897 0.0345999536 0.0477099974
v 0.04462397 0.0345999521 0.0283569574
v 0.007964968 0.0345999539 0.0519159974
v -0.006964981 0.0345999539 0.0519159974
v 0.008106946 0.033599974 0.0529059675
v -0.007106959 0.033599974 0.0529059675
v 0.008106946 0.00769996999 0.0529059694
v -0.007106959 0.00769996999 0.0529059694
v -0.02170395 0.00769996967 0.0486199794
v -0.03450196 0.00769996905 0.0403949594
v -0.02170395 0.0335999737 0.0486199775
v -0.03450196 0.033599973 0.0403949575
v -0.02128797 0.0345999536 0.0477099974
v -0.03384697 0.034599953 0.0396389874
v -0.04362398 0.0345999521 0.0283569574
v -0.04982495 0.0345999511 0.0147769974
v -0.044465 0.0335999722 0.0288969775
v -0.044465 0.00769996818 0.0288969794
v 0.000335 0.00769997008 0.0540079394
v 0.01555699 0.00769996992 0.0518659894
v -0.01487499 0.00769996991 0.0517729494
v 0.000313 0.00569999661 0.0609999796
v -0.01686495 0.00569999641 0.0584759696
v 0.01750695 0.00569999642 0.0585809896
v 0.000313 -0.00329994639 0.0609999802
v 0.01750695 -0.00329994658 0.0585809902
v -0.01686495 -0.00329994659 0.0584759702
v 0.000335 -0.00529998092 0.0540079404
v -0.01487499 -0.00529998109 0.0517729504
v 0.01555699 -0.00529998108 0.0518659904
v 0.02955996 -0.00529998156 0.0455229804
v 0.03332197 -0.00329994712 0.0514169902
v 0.04120796 -0.00529998232 0.0354920004
v 0.04955798 -0.00529998329 0.0225859804
v 0.04647797 -0.00329994797 0.0400879902
v 0.05590999 -0.00329994907 0.0255099502
v 0.04647797 0.00569999503 0.0400879896
v 0.03332197 0.00569999588 0.0514169896
v 0.04120796 0.00769996868 0.0354919994
v 0.05590999 0.00569999393 0.0255099496
v 0.04955798 0.00769996771 0.0225859794
v 0.06085199 0.00569999267 0.00886595157
v 0.05393397 0.00769996659 0.00784999042
v 0.06090497 0.00569999136 -0.00849699943
v 0.06085199 -0.00329995033 0.00886595225
v 0.06090497 -0.00329995164 -0.00849699875
v 0.05393397 -0.00529998441 0.0078499914
v 0.05398094 -0.00529998557 -0.0075229996
v 0.04969596 -0.00529998668 -0.0222849796
v 0.04142397 -0.00529998766 -0.0352419596
v 0.05606496 -0.0032999529 -0.0251699598
v 0.04672294 -0.00329995401 -0.0398049898
v 0.05606496 0.0056999901 -0.0251699604
v 0.04969596 0.00769996432 -0.0222849806
v 0.04672294 0.00569998899 -0.0398049904
v 0.04142397 0.00769996334 -0.0352419606
v 0.03363597 0.00569998813 -0.0512149904
v 0.02983796 0.00769996258 -0.0453449406
v 0.017865 0.00569998759 -0.0584759704
v 0.03363597 -0.00329995487 -0.0512149898
v 0.02983796 -0.00529998842 -0.0453449396
v 0.017865 -0.00329995541 -0.0584759698
v 0.01587498 -0.00529998891 -0.0517729496
v 0.000687 -0.00329995561 -0.0609999798
v 0.000665 -0.00529998908 -0.0540069896
v -0.01650696 -0.00329995542 -0.0585809898
v 0.000687 0.00569998739 -0.0609999804
v 0.000665 0.00769996192 -0.0540069906
v -0.01650696 0.00569998758 -0.0585809904
v -0.014557 0.00769996208 -0.0518659906
v -0.03232198 0.00569998812 -0.0514169904
v -0.04547798 0.00569998897 -0.0400869804
v -0.02855998 0.00769996256 -0.0455229806
v -0.03232198 -0.00329995488 -0.0514169898
v -0.02855998 -0.00529998844 -0.0455229796
v -0.04547798 -0.00329995403 -0.0400869798
v -0.04020798 -0.00529998768 -0.0354919996
v -0.05491 -0.00329995293 -0.0255099498
v -0.04855799 -0.00529998671 -0.0225859796
v -0.059852 -0.00329995167 -0.00886595175
v -0.05491 0.00569999007 -0.0255099504
v -0.04855799 0.00769996429 -0.0225859806
v -0.059852 0.00569999133 -0.00886595243
v -0.05293399 0.00769996541 -0.00784999158
v -0.05990499 0.00569999264 0.00849699857
v -0.05298095 0.00769996657 0.00752299942
v -0.05506497 0.0056999939 0.0251699596
v -0.05990499 -0.00329995036 0.00849699925
v -0.05298095 -0.00529998443 0.0075230004
v -0.05506497 -0.0032999491 0.0251699602
v -0.04869598 -0.00529998332 0.0222849804
v -0.04572296 -0.00329994799 0.0398049902
v -0.04042398 -0.00529998234 0.0352429704
v -0.03263598 -0.00329994713 0.0512149902
v -0.04572296 0.00569999501 0.0398049896
v -0.04042398 0.00769996866 0.0352429694
v -0.03263598 0.00569999587 0.0512149896
v -0.02883797 0.00769996942 0.0453449394
v -0.04869598 0.00769996768 0.0222849794
v -0.02883797 -0.00529998158 0.0453449404
v -0.05293399 -0.00529998559 -0.0078499906
v -0.04020798 0.00769996332 -0.0354920006
v -0.014557 -0.00529998892 -0.0518659896
v 0.01587498 0.00769996209 -0.0517729506
v 0.05398094 0.00769996543 -0.00752300058
v 0.02955996 0.00769996944 0.0455229794
f 2 1 4
f 2 4 5
f 1 2 87
f 1 87 86
f 1 86 22
f 1 22 25
f 1 25 26
f 1 26 27
f 1 27 29
f 1 29 30
f 1 30 84
f 1 84 83
f 1 83 82
f 1 82 81
f 1 81 80
f 1 80 79
f 1 79 77
f 1 77 65
f 1 65 69
f 1 69 70
f 1 70 71
f 1 71 3
f 6 4 1
f 6 1 3
f 5 4 7
f 5 7 9
f 8 7 4
f 8 4 6
f 7 8 11
f 7 11 10
f 9 7 10
f 9 10 12
f 44 42 41
f 44 41 35
f 44 35 37
f 44 37 39
f 44 39 40
f 44 40 16
f 44 16 15
f 44 15 13
f 44 13 12
f 44 12 10
f 44 10 11
f 44 11 74
f 44 74 76
f 44 76 61
f 44 61 60
f 44 60 58
f 44 58 57
f 44 57 56
f 44 56 51
f 44 51 45
f 14 9 12
f 14 12 13
f 17 14 13
f 17 13 15
f 19 17 15
f 19 15 16
f 14 17 18
f 14 18 88
f 17 19 21
f 17 21 18
f 20 19 16
f 20 16 40
f 19 20 23
f 19 23 21
f 22 86 18
f 22 18 21
f 25 22 21
f 25 21 23
f 20 38 24
f 20 24 23
f 26 25 23
f 26 23 24
f 27 26 24
f 27 24 28
f 29 27 28
f 29 28 31
f 30 29 31
f 30 31 32
f 33 34 32
f 33 32 31
f 36 33 31
f 36 31 28
f 34 33 35
f 34 35 41
f 33 36 37
f 33 37 35
f 36 38 39
f 36 39 37
f 38 36 28
f 38 28 24
f 38 20 40
f 38 40 39
f 43 34 41
f 43 41 42
f 42 44 46
f 42 46 43
f 48 46 44
f 48 44 45
f 43 46 47
f 43 47 85
f 46 48 49
f 46 49 47
f 50 48 45
f 50 45 51
f 48 50 52
f 48 52 49
f 53 50 51
f 53 51 56
f 50 53 55
f 50 55 52
f 54 53 56
f 54 56 57
f 53 54 78
f 53 78 55
f 59 54 57
f 59 57 58
f 62 59 58
f 62 58 60
f 63 62 60
f 63 60 61
f 62 63 67
f 62 67 64
f 59 62 64
f 59 64 66
f 69 65 64
f 69 64 67
f 65 77 66
f 65 66 64
f 63 75 68
f 63 68 67
f 70 69 67
f 70 67 68
f 71 70 68
f 71 68 72
f 3 71 72
f 3 72 6
f 75 73 72
f 75 72 68
f 73 8 6
f 73 6 72
f 8 73 74
f 8 74 11
f 73 75 76
f 73 76 74
f 75 63 61
f 75 61 76
f 77 79 78
f 77 78 66
f 54 59 66
f 54 66 78
f 79 80 55
f 79 55 78
f 80 81 52
f 80 52 55
f 81 82 49
f 81 49 52
f 82 83 47
f 82 47 49
f 83 84 85
f 83 85 47
f 84 30 32
f 84 32 85
f 34 43 85
f 34 85 32
f 86 87 88
f 86 88 18
f 87 2 5
f 87 5 88
f 9 14 88
f 9 88 5
f 95 92 89
f 95 89 90
f 1223 1227 1209
f 1223 1209 1208
f 1223 1208 1207
f 1223 1207 281
f 1223 281 283
f 1223 283 287
f 1223 287 288
f 1223 288 289
f 1223 289 290
f 1223 290 306
f 1223 306 307
f 1223 307 308
f 1223 308 309
f 1223 309 361
f 1223 361 358
f 1223 358 362
f 1223 362 363
f 1223 363 364
f 1223 364 378
f 1223 378 382
f 1223 382 383
f 1223 383 384
f 1223 384 386
f 1223 386 387
f 1223 387 397
f 1223 397 399
f 1223 399 402
f 1223 402 1193
f 1223 1193 417
f 1223 417 420
f 1223 420 425
f 1223 425 426
f 1223 426 90
f 1223 90 89
f 1223 89 91
f 1223 91 1226
f 91 89 92
f 91 92 94
f 97 98 93
f 97 93 92
f 97 92 95
f 94 92 93
f 94 93 1228
f 101 99 97
f 101 97 95
f 101 95 96
f 96 95 90
f 96 90 426
f 98 97 99
f 98 99 100
f 98 100 1231
f 99 101 102
f 99 102 104
f 99 104 100
f 424 428 103
f 424 103 102
f 424 102 101
f 424 101 96
f 424 96 423
f 105 104 102
f 105 102 103
f 107 106 104
f 107 104 105
f 107 105 1192
f 108 269 267
f 108 267 268
f 108 268 270
f 108 270 273
f 108 273 275
f 108 275 1213
f 108 1213 1216
f 108 1216 1217
f 108 1217 1218
f 108 1218 1219
f 108 1219 1229
f 108 1229 1230
f 108 1230 1231
f 108 1231 100
f 108 100 104
f 108 104 106
f 1153 110 109
f 1153 109 106
f 1153 106 107
f 1153 107 1151
f 109 111 108
f 109 108 106
f 116 113 111
f 116 111 109
f 116 109 110
f 269 108 111
f 269 111 112
f 112 111 113
f 112 113 114
f 259 114 113
f 259 113 115
f 115 113 116
f 115 116 117
f 115 117 119
f 115 119 121
f 115 121 122
f 110 1153 118
f 110 118 117
f 110 117 116
f 118 1149 1154
f 118 1154 1155
f 118 1155 1156
f 118 1156 1157
f 118 1157 1158
f 118 1158 1159
f 118 1159 1160
f 118 1160 1161
f 118 1161 1162
f 118 1162 1163
f 118 1163 1165
f 118 1165 1166
f 118 1166 1167
f 118 1167 1169
f 118 1169 1170
f 118 1170 1171
f 118 1171 1172
f 118 1172 1145
f 118 1145 120
f 118 120 119
f 118 119 117
f 120 1142 1173
f 120 1173 1174
f 120 1174 1175
f 120 1175 1176
f 120 1176 1177
f 120 1177 1178
f 120 1178 1179
f 120 1179 1181
f 120 1181 1182
f 120 1182 1183
f 120 1183 1184
f 120 1184 1185
f 120 1185 1186
f 120 1186 1188
f 120 1188 1189
f 120 1189 1190
f 120 1190 1191
f 120 1191 126
f 120 126 124
f 120 124 121
f 120 121 119
f 249 122 121
f 249 121 123
f 249 123 258
f 131 133 123
f 131 123 121
f 131 121 124
f 131 124 127
f 131 127 129
f 125 128 127
f 125 127 124
f 1141 445 125
f 1141 125 124
f 1141 124 126
f 1141 126 1191
f 1141 1191 1190
f 1141 1190 1189
f 1141 1189 1187
f 1141 1187 1186
f 1141 1186 1185
f 1141 1185 1184
f 1141 1184 1183
f 1141 1183 1182
f 1141 1182 1180
f 1141 1180 1179
f 1141 1179 1178
f 1141 1178 1177
f 1141 1177 1176
f 1141 1176 1175
f 1141 1175 1174
f 1141 1174 1173
f 1141 1173 1142
f 507 508 1092
f 507 1092 130
f 507 130 129
f 507 129 127
f 507 127 128
f 507 128 506
f 129 130 1095
f 129 1095 132
f 129 132 131
f 135 134 133
f 135 133 131
f 135 131 132
f 134 136 123
f 134 123 133
f 138 137 134
f 138 134 135
f 134 137 139
f 134 139 257
f 134 257 256
f 134 256 136
f 142 140 137
f 142 137 138
f 137 140 143
f 137 143 145
f 137 145 139
f 140 142 520
f 140 520 141
f 140 141 144
f 140 144 143
f 146 145 143
f 146 143 144
f 146 144 1078
f 146 1078 147
f 146 148 257
f 146 257 139
f 146 139 145
f 149 146 147
f 149 147 152
f 148 146 149
f 148 149 151
f 151 149 150
f 151 150 255
f 149 152 153
f 149 153 155
f 149 155 150
f 153 152 147
f 153 147 1078
f 153 1078 1077
f 153 1077 154
f 156 155 153
f 156 153 154
f 155 156 157
f 155 157 159
f 155 159 239
f 155 239 240
f 155 240 241
f 155 241 243
f 155 243 245
f 155 245 246
f 155 246 254
f 155 254 255
f 155 255 150
f 158 157 156
f 158 156 154
f 162 160 157
f 162 157 158
f 219 220 221
f 219 221 229
f 219 229 230
f 219 230 231
f 219 231 159
f 219 159 157
f 219 157 160
f 219 160 161
f 219 161 217
f 219 217 214
f 219 214 212
f 162 163 161
f 162 161 160
f 162 164 167
f 162 167 168
f 162 168 218
f 162 218 163
f 164 162 158
f 164 158 166
f 164 165 169
f 164 169 167
f 164 166 1075
f 164 1075 165
f 168 167 169
f 168 169 171
f 168 171 172
f 168 172 216
f 169 165 1075
f 169 1075 702
f 169 702 716
f 169 716 717
f 169 717 718
f 169 718 719
f 169 719 743
f 169 743 742
f 169 742 741
f 169 741 736
f 169 736 181
f 169 181 176
f 169 176 170
f 171 169 170
f 171 170 173
f 1234 172 171
f 1234 171 173
f 1234 173 174
f 170 176 175
f 170 175 173
f 177 174 173
f 177 173 175
f 176 181 180
f 176 180 178
f 176 178 175
f 178 179 177
f 178 177 175
f 185 179 178
f 185 178 180
f 185 180 182
f 185 182 184
f 735 737 746
f 735 746 747
f 735 747 748
f 735 748 183
f 735 183 182
f 735 182 180
f 735 180 181
f 735 181 736
f 189 188 186
f 189 186 184
f 189 184 182
f 189 182 183
f 189 183 953
f 189 953 954
f 189 954 955
f 189 955 957
f 184 186 187
f 184 187 1236
f 184 1236 185
f 186 188 190
f 186 190 187
f 1006 196 195
f 1006 195 193
f 1006 193 192
f 1006 192 190
f 1006 190 188
f 1006 188 189
f 190 192 191
f 1236 187 190
f 1236 190 191
f 1236 191 1237
f 1236 1237 194
f 1236 194 198
f 1236 198 1235
f 193 194 1237
f 193 1237 191
f 193 191 192
f 197 198 194
f 197 194 193
f 197 193 195
f 195 196 1005
f 195 1005 203
f 195 203 201
f 195 201 199
f 195 199 197
f 198 197 199
f 198 199 200
f 198 200 1235
f 199 201 202
f 199 202 200
f 210 202 201
f 210 201 204
f 210 204 206
f 210 206 208
f 204 201 203
f 204 203 1232
f 204 1232 205
f 205 224 207
f 205 207 206
f 205 206 204
f 206 207 211
f 206 211 208
f 1233 210 208
f 1233 208 209
f 211 213 209
f 211 209 208
f 207 219 212
f 207 212 211
f 212 214 213
f 212 213 211
f 214 217 215
f 214 215 213
f 213 215 216
f 213 216 209
f 218 168 216
f 218 216 215
f 217 161 163
f 217 163 218
f 217 218 215
f 172 1234 1233
f 172 1233 209
f 172 209 216
f 224 222 220
f 224 220 219
f 224 219 207
f 223 221 220
f 223 220 222
f 222 224 205
f 222 205 1232
f 222 1232 225
f 222 225 223
f 229 221 223
f 229 223 226
f 223 225 228
f 223 228 226
f 227 226 228
f 227 228 1196
f 230 229 226
f 230 226 227
f 231 230 227
f 231 227 232
f 234 159 231
f 234 231 232
f 232 227 1196
f 232 1196 233
f 235 234 232
f 235 232 233
f 238 236 234
f 238 234 235
f 236 239 159
f 236 159 234
f 238 260 237
f 238 237 236
f 236 237 240
f 236 240 239
f 237 242 241
f 237 241 240
f 242 244 243
f 242 243 241
f 247 245 243
f 247 243 244
f 250 246 245
f 250 245 247
f 250 247 248
f 244 115 122
f 244 122 249
f 244 249 248
f 244 248 247
f 258 251 250
f 258 250 248
f 258 248 249
f 253 252 250
f 253 250 251
f 252 254 246
f 252 246 250
f 253 148 151
f 253 151 252
f 252 151 255
f 252 255 254
f 148 253 256
f 148 256 257
f 253 251 258
f 253 258 123
f 253 123 136
f 253 136 256
f 242 259 115
f 242 115 244
f 260 259 242
f 260 242 237
f 259 260 261
f 259 261 114
f 260 238 263
f 260 263 262
f 260 262 261
f 264 266 112
f 264 112 114
f 264 114 261
f 264 261 262
f 1204 265 264
f 1204 264 262
f 1204 262 263
f 1204 263 1203
f 268 267 266
f 268 266 264
f 268 264 265
f 267 269 112
f 267 112 266
f 265 1204 272
f 265 272 270
f 265 270 268
f 323 320 318
f 323 318 317
f 323 317 319
f 323 319 301
f 323 301 300
f 323 300 299
f 323 299 295
f 323 295 297
f 323 297 298
f 323 298 274
f 323 274 273
f 323 273 270
f 323 270 271
f 323 271 1206
f 323 1206 327
f 323 327 326
f 271 270 272
f 271 272 1201
f 271 1201 1202
f 277 276 273
f 277 273 274
f 275 273 276
f 275 276 278
f 282 279 276
f 282 276 277
f 278 276 279
f 278 279 280
f 280 279 281
f 280 281 1207
f 283 281 279
f 283 279 282
f 287 283 282
f 287 282 284
f 284 282 277
f 284 277 286
f 285 284 286
f 285 286 296
f 288 287 284
f 288 284 285
f 285 291 289
f 285 289 288
f 291 292 290
f 291 290 289
f 296 293 291
f 296 291 285
f 293 294 292
f 293 292 291
f 294 293 295
f 294 295 299
f 297 295 293
f 297 293 296
f 298 297 296
f 298 296 286
f 286 277 274
f 286 274 298
f 302 294 299
f 302 299 300
f 300 301 303
f 300 303 302
f 305 304 302
f 305 302 303
f 304 292 294
f 304 294 302
f 306 290 292
f 306 292 304
f 307 306 304
f 307 304 305
f 305 310 308
f 305 308 307
f 309 308 310
f 309 310 312
f 303 311 310
f 303 310 305
f 312 310 311
f 312 311 316
f 312 316 314
f 361 309 312
f 361 312 313
f 359 313 312
f 359 312 314
f 359 314 315
f 359 315 360
f 317 318 315
f 317 315 314
f 317 314 316
f 316 311 319
f 316 319 317
f 301 319 311
f 301 311 303
f 318 320 322
f 318 322 360
f 318 360 315
f 347 321 320
f 347 320 323
f 347 323 325
f 350 322 320
f 350 320 321
f 323 326 328
f 323 328 324
f 336 325 323
f 336 323 324
f 336 324 334
f 336 334 335
f 329 328 326
f 329 326 327
f 334 324 328
f 334 328 330
f 334 330 332
f 331 330 328
f 331 328 329
f 225 330 331
f 225 331 228
f 1232 203 1029
f 1232 1029 333
f 1232 333 332
f 1232 332 330
f 1232 330 225
f 332 333 337
f 332 337 335
f 332 335 334
f 340 342 336
f 340 336 335
f 340 335 337
f 340 337 338
f 333 1029 1028
f 333 1028 1030
f 333 1030 1031
f 333 1031 1034
f 333 1034 1035
f 333 1035 1036
f 333 1036 1038
f 333 1038 1039
f 333 1039 1041
f 333 1041 1042
f 333 1042 1043
f 333 1043 1044
f 333 1044 1045
f 333 1045 1046
f 333 1046 1047
f 333 1047 1048
f 333 1048 1049
f 333 1049 1050
f 333 1050 339
f 333 339 338
f 333 338 337
f 1032 341 340
f 1032 340 338
f 1032 338 339
f 1032 339 1050
f 1032 1050 1049
f 1032 1049 1048
f 1032 1048 1047
f 1032 1047 1046
f 1032 1046 1045
f 1032 1045 1044
f 1032 1044 1043
f 1032 1043 1042
f 1032 1042 1040
f 1032 1040 1039
f 1032 1039 1038
f 1032 1038 1037
f 1032 1037 1035
f 1032 1035 1034
f 1032 1034 1031
f 1032 1031 1030
f 342 340 341
f 342 341 1053
f 342 1053 344
f 342 344 343
f 325 336 342
f 325 342 343
f 325 343 345
f 325 345 347
f 345 343 344
f 345 344 1054
f 345 1054 348
f 345 348 346
f 346 349 350
f 346 350 321
f 346 321 347
f 346 347 345
f 352 351 349
f 352 349 346
f 352 346 348
f 351 353 354
f 351 354 350
f 351 350 349
f 367 356 355
f 367 355 353
f 367 353 351
f 367 351 352
f 367 352 968
f 367 968 967
f 367 967 969
f 355 357 359
f 355 359 360
f 355 360 322
f 355 322 350
f 355 350 354
f 355 354 353
f 362 358 357
f 362 357 355
f 362 355 356
f 358 361 313
f 358 313 359
f 358 359 357
f 356 367 365
f 356 365 363
f 356 363 362
f 364 363 365
f 364 365 366
f 375 366 365
f 375 365 368
f 375 368 371
f 375 371 373
f 969 370 368
f 969 368 365
f 969 365 367
f 786 372 371
f 786 371 368
f 786 368 369
f 369 368 370
f 369 370 964
f 369 964 963
f 372 793 374
f 372 374 373
f 372 373 371
f 373 374 821
f 373 821 822
f 373 822 377
f 373 377 376
f 373 376 375
f 366 375 376
f 366 376 378
f 366 378 364
f 379 376 377
f 379 377 380
f 376 379 382
f 376 382 378
f 381 379 380
f 381 380 393
f 379 381 383
f 379 383 382
f 381 385 384
f 381 384 383
f 386 384 385
f 386 385 388
f 388 389 387
f 388 387 386
f 390 391 389
f 390 389 388
f 388 385 392
f 388 392 390
f 406 405 395
f 406 395 394
f 406 394 391
f 406 391 390
f 406 390 392
f 406 392 393
f 406 393 380
f 406 380 377
f 406 377 822
f 406 822 823
f 406 823 844
f 406 844 845
f 406 845 847
f 406 847 848
f 406 848 876
f 406 876 875
f 406 875 688
f 406 688 687
f 406 687 686
f 406 686 685
f 406 685 677
f 406 677 676
f 406 676 675
f 406 675 562
f 406 562 567
f 406 567 407
f 393 392 385
f 393 385 381
f 396 389 391
f 396 391 394
f 394 395 400
f 394 400 398
f 394 398 396
f 397 387 389
f 397 389 396
f 399 397 396
f 399 396 398
f 402 399 398
f 402 398 400
f 402 400 401
f 395 405 403
f 395 403 401
f 395 401 400
f 1193 402 401
f 1193 401 403
f 1193 403 404
f 415 404 403
f 415 403 405
f 415 405 406
f 415 406 409
f 415 409 411
f 415 411 413
f 407 566 568
f 407 568 569
f 407 569 621
f 407 621 619
f 407 619 620
f 407 620 622
f 407 622 408
f 407 408 406
f 409 406 408
f 409 408 625
f 409 625 410
f 410 656 655
f 410 655 654
f 410 654 653
f 410 653 652
f 410 652 651
f 410 651 650
f 410 650 649
f 410 649 648
f 410 648 647
f 410 647 646
f 410 646 645
f 410 645 644
f 410 644 643
f 410 643 642
f 410 642 641
f 410 641 640
f 410 640 639
f 410 639 638
f 410 638 637
f 410 637 636
f 410 636 635
f 410 635 634
f 410 634 633
f 410 633 632
f 410 632 631
f 410 631 630
f 410 630 412
f 410 412 411
f 410 411 409
f 414 413 411
f 414 411 412
f 414 412 461
f 413 414 418
f 413 418 416
f 413 416 415
f 404 415 416
f 404 416 417
f 404 417 1193
f 420 417 416
f 420 416 419
f 421 419 416
f 421 416 418
f 421 418 1116
f 421 1116 422
f 419 421 423
f 419 423 425
f 419 425 420
f 422 1140 439
f 422 439 429
f 422 429 427
f 422 427 424
f 422 424 423
f 422 423 421
f 423 96 426
f 423 426 425
f 430 103 428
f 430 428 424
f 430 424 427
f 433 431 430
f 433 430 427
f 433 427 429
f 432 1192 105
f 432 105 103
f 432 103 430
f 432 430 431
f 431 433 434
f 431 434 435
f 431 435 1152
f 431 1152 432
f 438 436 434
f 438 434 433
f 438 433 429
f 438 429 439
f 434 436 437
f 434 437 1147
f 434 1147 435
f 436 438 440
f 436 440 442
f 436 442 443
f 436 443 437
f 439 1140 450
f 439 450 449
f 439 449 451
f 439 451 1117
f 439 1117 1118
f 439 1118 1119
f 439 1119 1120
f 439 1120 1121
f 439 1121 1122
f 439 1122 1123
f 439 1123 1124
f 439 1124 1125
f 439 1125 1126
f 439 1126 1127
f 439 1127 1128
f 439 1128 1129
f 439 1129 1130
f 439 1130 1131
f 439 1131 1132
f 439 1132 1133
f 439 1133 1134
f 439 1134 1135
f 439 1135 1136
f 439 1136 1137
f 439 1137 1138
f 439 1138 1139
f 439 1139 441
f 439 441 440
f 439 440 438
f 440 441 1139
f 440 1139 1138
f 440 1138 1137
f 440 1137 1136
f 440 1136 1135
f 440 1135 1134
f 440 1134 1133
f 440 1133 1132
f 440 1132 1131
f 440 1131 1130
f 440 1130 1129
f 440 1129 1128
f 440 1128 1127
f 440 1127 1126
f 440 1126 1125
f 440 1125 1124
f 440 1124 1123
f 440 1123 1122
f 440 1122 1121
f 440 1121 1120
f 440 1120 1119
f 440 1119 1118
f 440 1118 1117
f 440 1117 451
f 440 451 449
f 440 449 448
f 440 448 446
f 440 446 444
f 440 444 442
f 443 442 444
f 443 444 445
f 443 445 1141
f 443 1141 1143
f 444 446 447
f 444 447 128
f 444 128 125
f 444 125 445
f 447 446 448
f 447 448 449
f 447 449 452
f 456 455 453
f 456 453 452
f 456 452 449
f 456 449 450
f 505 447 452
f 505 452 453
f 505 453 454
f 455 457 503
f 455 503 454
f 455 454 453
f 455 456 1116
f 455 1116 418
f 455 418 458
f 455 458 459
f 455 459 457
f 462 459 458
f 462 458 460
f 458 418 414
f 458 414 461
f 458 461 460
f 412 630 464
f 412 464 463
f 412 463 460
f 412 460 461
f 463 465 467
f 463 467 462
f 463 462 460
f 465 463 464
f 465 464 628
f 465 628 466
f 466 660 468
f 466 468 467
f 466 467 465
f 489 488 487
f 489 487 486
f 489 486 485
f 489 485 484
f 489 484 483
f 489 483 482
f 489 482 481
f 489 481 480
f 489 480 478
f 489 478 477
f 489 477 476
f 489 476 475
f 489 475 473
f 489 473 472
f 489 472 471
f 489 471 470
f 489 470 469
f 489 469 467
f 489 467 468
f 489 468 490
f 493 459 462
f 493 462 467
f 493 467 469
f 493 469 470
f 493 470 471
f 493 471 472
f 493 472 474
f 493 474 475
f 493 475 476
f 493 476 477
f 493 477 479
f 493 479 480
f 493 480 481
f 493 481 482
f 493 482 483
f 493 483 484
f 493 484 485
f 493 485 486
f 493 486 487
f 493 487 488
f 493 488 489
f 493 489 491
f 490 1080 492
f 490 492 491
f 490 491 489
f 491 492 1082
f 491 1082 494
f 491 494 493
f 493 494 498
f 493 498 497
f 493 497 495
f 495 496 1115
f 495 1115 1114
f 495 1114 1113
f 495 1113 1112
f 495 1112 1111
f 495 1111 1110
f 495 1110 1109
f 495 1109 1108
f 495 1108 1107
f 495 1107 1106
f 495 1106 1104
f 495 1104 1103
f 495 1103 1102
f 495 1102 1100
f 495 1100 1099
f 495 1099 1098
f 495 1098 1097
f 495 1097 1096
f 495 1096 503
f 495 503 457
f 495 457 459
f 495 459 493
f 496 495 497
f 496 497 499
f 496 499 501
f 497 498 1088
f 497 1088 500
f 497 500 499
f 504 502 501
f 504 501 499
f 504 499 500
f 504 500 517
f 504 517 510
f 504 510 509
f 504 509 507
f 504 507 506
f 501 502 503
f 501 503 1096
f 501 1096 1097
f 501 1097 1098
f 501 1098 1099
f 501 1099 1101
f 501 1101 1102
f 501 1102 1103
f 501 1103 1104
f 501 1104 1105
f 501 1105 1107
f 501 1107 1108
f 501 1108 1109
f 501 1109 1110
f 501 1110 1111
f 501 1111 1112
f 501 1112 1113
f 501 1113 1114
f 501 1114 1115
f 501 1115 496
f 454 503 502
f 454 502 504
f 454 504 505
f 506 128 447
f 506 447 505
f 506 505 504
f 511 508 507
f 511 507 509
f 513 512 511
f 513 511 509
f 513 509 510
f 135 132 1095
f 135 1095 1094
f 135 1094 1093
f 135 1093 508
f 135 508 511
f 135 511 512
f 138 135 512
f 138 512 513
f 138 513 514
f 510 517 516
f 510 516 515
f 510 515 514
f 510 514 513
f 142 138 514
f 142 514 515
f 142 515 516
f 142 516 518
f 142 518 520
f 519 518 516
f 519 516 517
f 519 517 500
f 519 500 1088
f 519 1088 1087
f 519 1087 1089
f 519 1089 1090
f 519 1090 521
f 518 519 522
f 518 522 523
f 518 523 713
f 518 713 712
f 518 712 709
f 518 709 707
f 518 707 705
f 518 705 702
f 518 702 1075
f 518 1075 1076
f 518 1076 144
f 518 144 141
f 518 141 520
f 522 519 521
f 522 521 526
f 522 526 524
f 523 522 524
f 523 524 525
f 523 525 714
f 527 530 525
f 527 525 524
f 527 524 526
f 526 521 528
f 526 528 527
f 527 528 537
f 527 537 529
f 529 533 531
f 529 531 530
f 529 530 527
f 712 713 714
f 712 714 525
f 712 525 530
f 712 530 531
f 712 531 532
f 712 532 711
f 712 711 710
f 532 531 533
f 532 533 534
f 532 534 535
f 533 529 537
f 533 537 536
f 533 536 534
f 697 695 693
f 697 693 701
f 697 701 704
f 697 704 706
f 697 706 708
f 697 708 710
f 697 710 711
f 697 711 535
f 697 535 534
f 697 534 536
f 697 536 538
f 697 538 539
f 697 539 698
f 537 1091 1084
f 537 1084 1083
f 537 1083 1081
f 537 1081 1079
f 537 1079 541
f 537 541 540
f 537 540 538
f 537 538 536
f 539 538 540
f 539 540 542
f 539 542 543
f 545 544 542
f 545 542 540
f 545 540 541
f 545 541 664
f 542 544 546
f 542 546 543
f 544 545 665
f 544 665 547
f 544 547 546
f 547 549 548
f 547 548 546
f 546 548 550
f 546 550 543
f 556 555 553
f 556 553 551
f 556 551 548
f 556 548 549
f 551 552 699
f 551 699 550
f 551 550 548
f 552 551 553
f 552 553 554
f 552 554 680
f 553 555 557
f 553 557 554
f 555 556 572
f 555 572 560
f 555 560 559
f 555 559 557
f 559 561 558
f 559 558 557
f 558 678 554
f 558 554 557
f 564 563 561
f 564 561 559
f 564 559 560
f 561 562 675
f 561 675 558
f 563 565 567
f 563 567 562
f 563 562 561
f 565 563 564
f 565 564 570
f 565 570 568
f 565 568 566
f 566 407 567
f 566 567 565
f 570 571 573
f 570 573 621
f 570 621 569
f 570 569 568
f 560 572 571
f 560 571 570
f 560 570 564
f 673 576 574
f 673 574 571
f 673 571 572
f 673 572 674
f 673 674 672
f 573 571 574
f 573 574 577
f 573 577 578
f 573 578 579
f 573 579 580
f 573 580 581
f 573 581 582
f 573 582 583
f 573 583 584
f 573 584 586
f 573 586 587
f 573 587 588
f 573 588 590
f 573 590 591
f 573 591 592
f 573 592 593
f 573 593 594
f 573 594 595
f 573 595 596
f 597 596 595
f 597 595 594
f 597 594 593
f 597 593 592
f 597 592 591
f 597 591 589
f 597 589 588
f 597 588 587
f 597 587 585
f 597 585 584
f 597 584 583
f 597 583 582
f 597 582 581
f 597 581 580
f 597 580 579
f 597 579 578
f 597 578 577
f 597 577 574
f 597 574 575
f 597 575 627
f 597 627 598
f 574 576 657
f 574 657 575
f 596 597 599
f 596 599 600
f 596 600 601
f 596 601 602
f 596 602 603
f 596 603 604
f 596 604 606
f 596 606 607
f 596 607 608
f 596 608 609
f 596 609 610
f 596 610 612
f 596 612 613
f 596 613 614
f 596 614 615
f 596 615 616
f 596 616 617
f 596 617 618
f 596 618 619
f 596 619 621
f 596 621 573
f 598 620 619
f 598 619 618
f 598 618 617
f 598 617 616
f 598 616 615
f 598 615 614
f 598 614 613
f 598 613 611
f 598 611 610
f 598 610 609
f 598 609 608
f 598 608 607
f 598 607 605
f 598 605 604
f 598 604 603
f 598 603 602
f 598 602 601
f 598 601 600
f 598 600 599
f 598 599 597
f 624 623 622
f 624 622 620
f 624 620 598
f 624 598 627
f 625 408 622
f 625 622 623
f 623 624 626
f 623 626 629
f 623 629 630
f 623 630 631
f 623 631 632
f 623 632 633
f 623 633 634
f 623 634 635
f 623 635 636
f 623 636 637
f 623 637 638
f 623 638 639
f 623 639 640
f 623 640 641
f 623 641 642
f 623 642 643
f 623 643 644
f 623 644 645
f 623 645 646
f 623 646 647
f 623 647 648
f 623 648 649
f 623 649 650
f 623 650 651
f 623 651 652
f 623 652 653
f 623 653 654
f 623 654 655
f 623 655 656
f 623 656 410
f 623 410 625
f 627 575 657
f 627 657 628
f 627 628 626
f 627 626 624
f 464 630 629
f 464 629 626
f 464 626 628
f 660 466 628
f 660 628 657
f 660 657 658
f 657 576 673
f 657 673 670
f 657 670 666
f 657 666 661
f 657 661 659
f 657 659 658
f 658 659 662
f 658 662 664
f 658 664 541
f 658 541 1079
f 658 1079 1080
f 658 1080 490
f 658 490 468
f 658 468 660
f 662 659 661
f 662 661 663
f 664 662 663
f 664 663 665
f 664 665 545
f 665 663 661
f 665 661 667
f 665 667 668
f 665 668 669
f 665 669 671
f 665 671 547
f 661 666 667
f 670 669 668
f 670 668 667
f 670 667 666
f 672 671 669
f 672 669 670
f 672 670 673
f 671 672 674
f 671 674 549
f 671 549 547
f 674 572 556
f 674 556 549
f 675 676 678
f 675 678 558
f 676 677 679
f 676 679 678
f 678 679 680
f 678 680 554
f 677 685 683
f 677 683 681
f 677 681 679
f 681 682 680
f 681 680 679
f 684 694 696
f 684 696 682
f 684 682 681
f 684 681 683
f 684 683 685
f 684 685 686
f 684 686 687
f 684 687 689
f 689 687 688
f 689 688 690
f 694 684 689
f 694 689 691
f 691 689 690
f 691 690 692
f 700 693 691
f 700 691 692
f 694 691 693
f 694 693 695
f 694 695 697
f 694 697 696
f 682 696 697
f 682 697 699
f 682 699 552
f 682 552 680
f 699 697 698
f 699 698 550
f 698 539 543
f 698 543 550
f 878 726 725
f 878 725 724
f 878 724 722
f 878 722 721
f 878 721 720
f 878 720 715
f 878 715 703
f 878 703 701
f 878 701 693
f 878 693 700
f 878 700 868
f 878 868 866
f 878 866 867
f 704 701 702
f 704 702 705
f 716 702 701
f 716 701 703
f 705 707 706
f 705 706 704
f 707 709 708
f 707 708 706
f 709 712 710
f 709 710 708
f 714 713 523
f 535 711 532
f 703 715 717
f 703 717 716
f 715 720 718
f 715 718 717
f 720 721 719
f 720 719 718
f 721 722 723
f 721 723 728
f 721 728 745
f 721 745 740
f 721 740 744
f 721 744 743
f 721 743 719
f 723 722 724
f 724 725 727
f 724 727 728
f 724 728 723
f 725 726 731
f 725 731 729
f 725 729 727
f 730 745 728
f 730 728 727
f 730 727 729
f 729 731 733
f 729 733 730
f 726 878 879
f 726 879 881
f 726 881 754
f 726 754 753
f 726 753 751
f 726 751 752
f 726 752 732
f 726 732 731
f 732 734 733
f 732 733 731
f 735 733 734
f 735 734 737
f 730 733 735
f 730 735 738
f 739 738 735
f 739 735 736
f 739 736 741
f 738 739 740
f 738 740 745
f 738 745 730
f 744 740 739
f 744 739 741
f 744 741 742
f 742 743 744
f 747 746 737
f 747 737 734
f 747 734 749
f 952 748 747
f 952 747 749
f 952 749 750
f 750 749 751
f 750 751 753
f 750 753 755
f 749 734 732
f 749 732 752
f 749 752 751
f 756 755 753
f 756 753 754
f 756 754 758
f 948 750 755
f 948 755 756
f 948 756 757
f 761 757 756
f 761 756 758
f 761 758 759
f 902 760 759
f 902 759 758
f 902 758 754
f 902 754 881
f 902 881 882
f 902 882 883
f 902 883 889
f 902 889 901
f 759 760 782
f 759 782 781
f 759 781 780
f 759 780 779
f 759 779 778
f 759 778 776
f 759 776 775
f 759 775 774
f 759 774 773
f 759 773 771
f 759 771 770
f 759 770 769
f 759 769 768
f 759 768 767
f 759 767 766
f 759 766 765
f 759 765 764
f 759 764 763
f 759 763 762
f 759 762 761
f 757 761 762
f 757 762 763
f 757 763 764
f 757 764 765
f 757 765 766
f 757 766 767
f 757 767 768
f 757 768 769
f 757 769 770
f 757 770 772
f 757 772 773
f 757 773 774
f 757 774 775
f 757 775 777
f 757 777 778
f 757 778 779
f 757 779 780
f 757 780 781
f 757 781 782
f 757 782 784
f 757 784 785
f 757 785 948
f 783 782 760
f 783 760 902
f 783 902 903
f 786 784 782
f 786 782 783
f 786 783 787
f 786 369 785
f 786 785 784
f 372 786 787
f 372 787 788
f 372 788 790
f 372 790 793
f 903 789 788
f 903 788 787
f 903 787 783
f 789 906 791
f 789 791 790
f 789 790 788
f 820 819 818
f 820 818 817
f 820 817 816
f 820 816 815
f 820 815 814
f 820 814 813
f 820 813 812
f 820 812 811
f 820 811 810
f 820 810 809
f 820 809 808
f 820 808 807
f 820 807 806
f 820 806 805
f 820 805 804
f 820 804 803
f 820 803 802
f 820 802 801
f 820 801 800
f 820 800 799
f 820 799 798
f 820 798 797
f 820 797 796
f 820 796 795
f 820 795 794
f 820 794 792
f 820 792 790
f 820 790 791
f 820 791 906
f 820 906 905
f 820 905 826
f 821 374 793
f 821 793 790
f 821 790 792
f 821 792 794
f 821 794 795
f 821 795 796
f 821 796 797
f 821 797 798
f 821 798 799
f 821 799 800
f 821 800 801
f 821 801 802
f 821 802 803
f 821 803 804
f 821 804 805
f 821 805 806
f 821 806 807
f 821 807 808
f 821 808 809
f 821 809 810
f 821 810 811
f 821 811 812
f 821 812 813
f 821 813 814
f 821 814 815
f 821 815 816
f 821 816 817
f 821 817 818
f 821 818 819
f 819 820 824
f 819 824 822
f 819 822 821
f 827 829 831
f 827 831 832
f 827 832 840
f 827 840 841
f 827 841 823
f 827 823 822
f 827 822 824
f 827 824 825
f 826 825 824
f 826 824 820
f 904 828 827
f 904 827 825
f 904 825 826
f 904 826 905
f 927 928 929
f 927 929 930
f 927 930 931
f 927 931 932
f 927 932 933
f 927 933 934
f 927 934 936
f 927 936 937
f 927 937 938
f 927 938 939
f 927 939 941
f 927 941 942
f 927 942 943
f 927 943 944
f 927 944 945
f 927 945 946
f 927 946 830
f 927 830 829
f 927 829 827
f 927 827 828
f 833 831 829
f 833 829 830
f 833 830 946
f 833 946 945
f 833 945 944
f 833 944 943
f 833 943 942
f 833 942 940
f 833 940 939
f 833 939 938
f 833 938 937
f 833 937 936
f 833 936 935
f 833 935 933
f 833 933 932
f 833 932 931
f 833 931 930
f 833 930 929
f 833 929 928
f 833 928 927
f 833 927 834
f 840 832 831
f 840 831 833
f 840 833 835
f 840 835 838
f 834 926 925
f 834 925 924
f 834 924 923
f 834 923 922
f 834 922 921
f 834 921 919
f 834 919 918
f 834 918 917
f 834 917 915
f 834 915 914
f 834 914 913
f 834 913 912
f 834 912 911
f 834 911 910
f 834 910 909
f 834 909 908
f 834 908 836
f 834 836 835
f 834 835 833
f 898 859 837
f 898 837 835
f 898 835 836
f 898 836 897
f 898 897 896
f 839 838 835
f 839 835 837
f 839 837 907
f 841 840 838
f 841 838 839
f 841 839 843
f 841 843 842
f 842 844 823
f 842 823 841
f 846 845 844
f 846 844 842
f 846 842 843
f 849 847 845
f 849 845 846
f 849 850 848
f 849 848 847
f 851 849 846
f 851 846 853
f 851 852 850
f 851 850 849
f 852 851 854
f 852 854 855
f 851 853 907
f 851 907 837
f 851 837 856
f 851 856 854
f 857 860 862
f 857 862 855
f 857 855 854
f 857 854 856
f 857 856 837
f 857 837 859
f 858 857 859
f 858 859 898
f 858 898 894
f 861 860 857
f 861 857 858
f 864 863 860
f 864 860 861
f 860 863 865
f 860 865 877
f 860 877 862
f 863 864 867
f 863 867 866
f 863 866 868
f 863 868 865
f 871 877 865
f 871 865 868
f 871 868 869
f 871 869 870
f 869 868 700
f 869 700 692
f 874 872 870
f 874 870 869
f 874 869 692
f 874 692 690
f 873 871 870
f 873 870 872
f 873 872 874
f 873 874 875
f 873 875 876
f 688 875 874
f 688 874 690
f 850 873 876
f 850 876 848
f 852 871 873
f 852 873 850
f 871 852 855
f 871 855 862
f 871 862 877
f 864 880 879
f 864 879 878
f 864 878 867
f 882 881 879
f 882 879 880
f 882 880 886
f 882 886 884
f 884 885 887
f 884 887 883
f 884 883 882
f 861 858 885
f 861 885 884
f 861 884 886
f 864 861 886
f 864 886 880
f 858 894 893
f 858 893 892
f 858 892 891
f 858 891 888
f 858 888 887
f 858 887 885
f 887 888 889
f 887 889 883
f 889 888 890
f 889 890 895
f 889 895 896
f 889 896 897
f 889 897 899
f 889 899 901
f 891 890 888
f 890 891 892
f 890 892 893
f 890 893 895
f 896 895 893
f 896 893 894
f 896 894 898
f 900 899 897
f 900 897 836
f 905 906 789
f 905 789 899
f 905 899 900
f 905 900 904
f 901 899 789
f 901 789 903
f 901 903 902
f 828 904 900
f 828 900 836
f 828 836 908
f 828 908 909
f 828 909 910
f 828 910 911
f 828 911 912
f 828 912 913
f 828 913 914
f 828 914 915
f 828 915 916
f 828 916 918
f 828 918 919
f 828 919 920
f 828 920 922
f 828 922 923
f 828 923 924
f 828 924 925
f 828 925 926
f 828 926 834
f 828 834 927
f 907 853 846
f 907 846 843
f 907 843 839
f 947 785 369
f 947 369 963
f 948 785 947
f 948 947 956
f 948 956 1055
f 948 1055 1056
f 948 1056 1057
f 948 1057 1058
f 948 1058 1060
f 948 1060 1061
f 948 1061 1062
f 948 1062 1063
f 948 1063 1064
f 948 1064 1066
f 948 1066 1067
f 948 1067 1068
f 948 1068 1069
f 948 1069 1070
f 948 1070 1071
f 948 1071 1072
f 948 1072 1073
f 948 1073 1074
f 948 1074 950
f 948 950 949
f 949 951 952
f 949 952 750
f 949 750 948
f 954 953 951
f 954 951 949
f 954 949 950
f 953 183 748
f 953 748 952
f 953 952 951
f 950 1074 1073
f 950 1073 1072
f 950 1072 1071
f 950 1071 1070
f 950 1070 1069
f 950 1069 1068
f 950 1068 1067
f 950 1067 1066
f 950 1066 1065
f 950 1065 1063
f 950 1063 1062
f 950 1062 1061
f 950 1061 1059
f 950 1059 1058
f 950 1058 1057
f 950 1057 1056
f 950 1056 1055
f 950 1055 956
f 950 956 955
f 950 955 954
f 958 957 955
f 958 955 956
f 958 956 960
f 957 958 959
f 957 959 1006
f 957 1006 189
f 960 961 962
f 960 962 959
f 960 959 958
f 961 960 956
f 961 956 947
f 961 947 963
f 965 966 962
f 965 962 961
f 965 961 963
f 965 963 964
f 370 969 967
f 370 967 965
f 370 965 964
f 970 972 974
f 970 974 975
f 970 975 976
f 970 976 977
f 970 977 978
f 970 978 979
f 970 979 980
f 970 980 981
f 970 981 982
f 970 982 983
f 970 983 984
f 970 984 985
f 970 985 986
f 970 986 987
f 970 987 988
f 970 988 989
f 970 989 990
f 970 990 991
f 970 991 992
f 970 992 993
f 970 993 994
f 970 994 995
f 970 995 996
f 970 996 997
f 970 997 998
f 970 998 966
f 970 966 965
f 970 965 967
f 970 967 968
f 968 352 348
f 968 348 1054
f 968 1054 971
f 968 971 970
f 1052 999 973
f 1052 973 972
f 1052 972 970
f 1052 970 971
f 973 1000 1001
f 973 1001 1051
f 973 1051 966
f 973 966 998
f 973 998 997
f 973 997 996
f 973 996 995
f 973 995 994
f 973 994 993
f 973 993 992
f 973 992 991
f 973 991 990
f 973 990 989
f 973 989 988
f 973 988 987
f 973 987 986
f 973 986 985
f 973 985 984
f 973 984 983
f 973 983 982
f 973 982 981
f 973 981 980
f 973 980 979
f 973 979 978
f 973 978 977
f 973 977 976
f 973 976 975
f 973 975 974
f 973 974 972
f 1033 1003 1002
f 1033 1002 1000
f 1033 1000 973
f 1033 973 999
f 1002 1004 1006
f 1002 1006 959
f 1002 959 1001
f 1002 1001 1000
f 1027 1026 1025
f 1027 1025 1024
f 1027 1024 1023
f 1027 1023 1022
f 1027 1022 1021
f 1027 1021 1020
f 1027 1020 1018
f 1027 1018 1017
f 1027 1017 1016
f 1027 1016 1015
f 1027 1015 1014
f 1027 1014 1013
f 1027 1013 1011
f 1027 1011 1010
f 1027 1010 1009
f 1027 1009 1008
f 1027 1008 1007
f 1027 1007 1005
f 1027 1005 1004
f 1027 1004 1002
f 1027 1002 1003
f 1005 196 1006
f 1005 1006 1004
f 1029 203 1005
f 1029 1005 1007
f 1029 1007 1008
f 1029 1008 1009
f 1029 1009 1010
f 1029 1010 1012
f 1029 1012 1013
f 1029 1013 1014
f 1029 1014 1015
f 1029 1015 1016
f 1029 1016 1017
f 1029 1017 1019
f 1029 1019 1020
f 1029 1020 1021
f 1029 1021 1022
f 1029 1022 1023
f 1029 1023 1024
f 1029 1024 1025
f 1029 1025 1026
f 1029 1026 1027
f 1029 1027 1028
f 1003 1033 1032
f 1003 1032 1030
f 1003 1030 1028
f 1003 1028 1027
f 341 1032 1033
f 341 1033 999
f 341 999 1052
f 341 1052 1053
f 962 966 1051
f 962 1051 1001
f 962 1001 959
f 344 1053 1052
f 344 1052 971
f 344 971 1054
f 1076 1075 166
f 1076 166 1077
f 1078 144 1076
f 1078 1076 1077
f 166 158 154
f 166 154 1077
f 1080 1079 1081
f 1080 1081 1082
f 1080 1082 492
f 1082 1081 1083
f 1082 1083 1085
f 1082 1085 494
f 1083 1084 1091
f 1083 1091 1086
f 1083 1086 1085
f 494 1085 1087
f 494 1087 1088
f 494 1088 498
f 1085 1086 1090
f 1085 1090 1089
f 1085 1089 1087
f 1090 1086 528
f 1090 528 521
f 537 528 1086
f 537 1086 1091
f 1093 1092 508
f 1092 1093 1094
f 1092 1094 1095
f 1092 1095 130
f 456 450 1140
f 456 1140 422
f 456 422 1116
f 1142 120 1145
f 1142 1145 1144
f 1142 1144 1143
f 1142 1143 1141
f 1147 437 443
f 1147 443 1143
f 1147 1143 1144
f 1147 1144 1146
f 1145 1172 1171
f 1145 1171 1170
f 1145 1170 1168
f 1145 1168 1167
f 1145 1167 1166
f 1145 1166 1164
f 1145 1164 1163
f 1145 1163 1162
f 1145 1162 1161
f 1145 1161 1160
f 1145 1160 1159
f 1145 1159 1158
f 1145 1158 1157
f 1145 1157 1156
f 1145 1156 1155
f 1145 1155 1154
f 1145 1154 1149
f 1145 1149 1148
f 1145 1148 1146
f 1145 1146 1144
f 1152 435 1147
f 1152 1147 1146
f 1152 1146 1148
f 1152 1148 1150
f 1149 118 1153
f 1149 1153 1151
f 1149 1151 1150
f 1149 1150 1148
f 1192 432 1152
f 1192 1152 1150
f 1192 1150 1151
f 1192 1151 107
f 1195 1194 331
f 1195 331 329
f 1195 329 1205
f 1195 1205 1197
f 331 1194 1196
f 331 1196 228
f 1194 1195 1198
f 1194 1198 233
f 1194 233 1196
f 1199 1198 1195
f 1199 1195 1197
f 1199 1197 1202
f 1199 1202 1201
f 1198 1199 1200
f 1198 1200 235
f 1198 235 233
f 1201 272 1200
f 1201 1200 1199
f 1202 1197 1205
f 1202 1205 1206
f 1202 1206 271
f 238 235 1200
f 238 1200 1203
f 238 1203 263
f 1203 1200 272
f 1203 272 1204
f 1205 329 327
f 1205 327 1206
f 1210 280 1207
f 1210 1207 1208
f 1211 1210 1208
f 1211 1208 1209
f 1214 1212 1210
f 1214 1210 1211
f 1212 278 280
f 1212 280 1210
f 1212 1214 1216
f 1212 1216 1213
f 1213 275 278
f 1213 278 1212
f 1211 1224 1215
f 1211 1215 1214
f 1214 1215 1217
f 1214 1217 1216
f 1218 1217 1215
f 1218 1215 1220
f 1219 1218 1220
f 1219 1220 1221
f 1221 1220 1222
f 1221 1222 1225
f 1224 1222 1220
f 1224 1220 1215
f 1225 1222 1223
f 1225 1223 1226
f 1227 1223 1222
f 1227 1222 1224
f 94 1225 1226
f 94 1226 91
f 1228 1221 1225
f 1228 1225 94
f 1209 1227 1224
f 1209 1224 1211
f 1221 1228 1229
f 1221 1229 1219
f 1228 93 1230
f 1228 1230 1229
f 1231 1230 93
f 1231 93 98
f 202 210 1233
f 202 1233 1234
f 202 1234 174
f 202 174 200
f 1235 200 174
f 1235 174 177
f 179 185 1236
f 179 1236 1235
f 179 1235 177
f 1238 1240 1241
f 1238 1241 1324
f 1238 1324 1325
f 1238 1325 1309
f 1238 1309 1308
f 1238 1308 1303
f 1238 1303 1302
f 1238 1302 1304
f 1238 1304 1306
f 1238 1306 1285
f 1238 1285 1330
f 1238 1330 1331
f 1238 1331 1345
f 1238 1345 1346
f 1238 1346 1347
f 1238 1347 1348
f 1238 1348 1357
f 1238 1357 1359
f 1238 1359 1361
f 1238 1361 1364
f 1238 1364 1394
f 1238 1394 1239
f 1242 1327 1322
f 1242 1322 1241
f 1242 1241 1240
f 1240 1243 1245
f 1240 1245 1242
f 1285 1283 1282
f 1285 1282 1284
f 1285 1284 1273
f 1285 1273 1395
f 1285 1395 1265
f 1285 1265 1261
f 1285 1261 1258
f 1285 1258 1396
f 1285 1396 1244
f 1285 1244 1243
f 1285 1243 1239
f 1285 1239 1373
f 1285 1373 1375
f 1285 1375 1377
f 1285 1377 1393
f 1285 1393 1384
f 1285 1384 1386
f 1285 1386 1390
f 1285 1390 1391
f 1285 1391 1334
f 1285 1334 1333
f 1285 1333 1330
f 1246 1245 1243
f 1246 1243 1244
f 1327 1242 1245
f 1327 1245 1247
f 1327 1247 1248
f 1327 1248 1328
f 1327 1328 1320
f 1251 1250 1249
f 1251 1249 1247
f 1251 1247 1245
f 1251 1245 1246
f 1251 1246 1252
f 1253 1251 1252
f 1253 1252 1256
f 1253 1256 1255
f 1254 1253 1255
f 1254 1255 1257
f 1254 1257 1259
f 1257 1255 1256
f 1257 1256 1396
f 1257 1396 1258
f 1260 1259 1257
f 1260 1257 1258
f 1260 1258 1261
f 1263 1254 1259
f 1263 1259 1260
f 1263 1260 1262
f 1264 1262 1260
f 1264 1260 1261
f 1264 1261 1265
f 1268 1263 1262
f 1268 1262 1264
f 1268 1264 1266
f 1267 1266 1264
f 1267 1264 1265
f 1267 1265 1395
f 1266 1267 1271
f 1266 1271 1269
f 1266 1269 1268
f 1276 1270 1269
f 1276 1269 1271
f 1276 1271 1272
f 1276 1272 1274
f 1272 1271 1267
f 1272 1267 1395
f 1272 1395 1273
f 1275 1274 1272
f 1275 1272 1273
f 1275 1273 1284
f 1274 1275 1279
f 1274 1279 1277
f 1274 1277 1276
f 1279 1280 1281
f 1279 1281 1278
f 1279 1278 1277
f 1280 1279 1275
f 1280 1275 1284
f 1280 1284 1282
f 1286 1281 1280
f 1286 1280 1282
f 1286 1282 1283
f 1289 1287 1286
f 1289 1286 1283
f 1289 1283 1285
f 1281 1286 1287
f 1281 1287 1288
f 1281 1288 1278
f 1287 1289 1291
f 1287 1291 1288
f 1307 1290 1289
f 1307 1289 1285
f 1307 1285 1306
f 1289 1290 1292
f 1289 1292 1291
f 1290 1307 1294
f 1290 1294 1293
f 1290 1293 1292
f 1294 1305 1296
f 1294 1296 1295
f 1294 1295 1293
f 1296 1301 1299
f 1296 1299 1297
f 1296 1297 1295
f 1299 1300 1312
f 1299 1312 1313
f 1299 1313 1298
f 1299 1298 1297
f 1300 1299 1301
f 1300 1301 1302
f 1300 1302 1303
f 1301 1296 1305
f 1301 1305 1304
f 1301 1304 1302
f 1305 1294 1307
f 1305 1307 1306
f 1305 1306 1304
f 1310 1312 1300
f 1310 1300 1303
f 1310 1303 1308
f 1329 1311 1310
f 1329 1310 1308
f 1329 1308 1309
f 1314 1313 1312
f 1314 1312 1310
f 1314 1310 1311
f 1311 1329 1316
f 1311 1316 1315
f 1311 1315 1314
f 1316 1326 1318
f 1316 1318 1317
f 1316 1317 1315
f 1318 1323 1321
f 1318 1321 1319
f 1318 1319 1317
f 1321 1322 1327
f 1321 1327 1320
f 1321 1320 1319
f 1322 1321 1323
f 1322 1323 1324
f 1322 1324 1241
f 1323 1318 1326
f 1323 1326 1325
f 1323 1325 1324
f 1326 1316 1329
f 1326 1329 1309
f 1326 1309 1325
f 1331 1330 1332
f 1331 1332 1342
f 1335 1332 1330
f 1335 1330 1333
f 1336 1335 1333
f 1336 1333 1334
f 1335 1336 1338
f 1335 1338 1337
f 1337 1339 1332
f 1337 1332 1335
f 1339 1337 1338
f 1339 1338 1392
f 1339 1392 1388
f 1339 1388 1382
f 1339 1382 1381
f 1339 1381 1380
f 1339 1380 1379
f 1339 1379 1371
f 1339 1371 1370
f 1339 1370 1368
f 1339 1368 1367
f 1339 1367 1366
f 1339 1366 1362
f 1339 1362 1355
f 1339 1355 1354
f 1339 1354 1352
f 1339 1352 1351
f 1339 1351 1353
f 1339 1353 1341
f 1339 1341 1340
f 1342 1332 1339
f 1342 1339 1340
f 1343 1342 1340
f 1343 1340 1341
f 1342 1343 1345
f 1342 1345 1331
f 1344 1343 1341
f 1344 1341 1353
f 1343 1344 1346
f 1343 1346 1345
f 1344 1349 1347
f 1344 1347 1346
f 1349 1350 1348
f 1349 1348 1347
f 1349 1344 1353
f 1349 1353 1351
f 1350 1349 1351
f 1350 1351 1352
f 1356 1350 1352
f 1356 1352 1354
f 1358 1356 1354
f 1358 1354 1355
f 1350 1356 1357
f 1350 1357 1348
f 1356 1358 1359
f 1356 1359 1357
f 1358 1360 1361
f 1358 1361 1359
f 1360 1358 1355
f 1360 1355 1362
f 1360 1363 1364
f 1360 1364 1361
f 1363 1360 1362
f 1363 1362 1366
f 1363 1365 1394
f 1363 1394 1364
f 1365 1363 1366
f 1365 1366 1367
f 1369 1365 1367
f 1369 1367 1368
f 1372 1369 1368
f 1372 1368 1370
f 1374 1372 1370
f 1374 1370 1371
f 1369 1372 1373
f 1369 1373 1239
f 1372 1374 1375
f 1372 1375 1373
f 1374 1376 1377
f 1374 1377 1375
f 1376 1374 1371
f 1376 1371 1379
f 1376 1378 1393
f 1376 1393 1377
f 1378 1376 1379
f 1378 1379 1380
f 1383 1378 1380
f 1383 1380 1381
f 1385 1383 1381
f 1385 1381 1382
f 1378 1383 1384
f 1378 1384 1393
f 1383 1385 1386
f 1383 1386 1384
f 1385 1387 1390
f 1385 1390 1386
f 1387 1385 1382
f 1387 1382 1388
f 1389 1387 1388
f 1389 1388 1392
f 1387 1389 1391
f 1387 1391 1390
f 1389 1336 1334
f 1389 1334 1391
f 1336 1389 1392
f 1336 1392 1338
f 1365 1369 1239
f 1365 1239 1394
f 1256 1252 1246
f 1256 1246 1244
f 1256 1244 1396
f 1398 1397 1400
f 1398 1400 1403
f 1397 1398 1406
f 1397 1406 1415
f 1397 1415 1414
f 1397 1414 1416
f 1397 1416 1417
f 1397 1417 1419
f 1397 1419 1421
f 1397 1421 1422
f 1397 1422 1432
f 1397 1432 1434
f 1397 1434 1438
f 1397 1438 1439
f 1397 1439 1440
f 1397 1440 1441
f 1397 1441 1451
f 1397 1451 1452
f 1397 1452 1453
f 1397 1453 1454
f 1397 1454 1462
f 1397 1462 1399
f 1401 1400 1397
f 1401 1397 1399
f 1460 1402 1400
f 1460 1400 1401
f 1403 1400 1402
f 1403 1402 1404
f 1404 1408 1405
f 1404 1405 1403
f 1406 1398 1403
f 1406 1403 1405
f 1415 1406 1405
f 1415 1405 1407
f 1408 1409 1407
f 1408 1407 1405
f 1402 1460 1459
f 1402 1459 1458
f 1402 1458 1457
f 1402 1457 1448
f 1402 1448 1447
f 1402 1447 1445
f 1402 1445 1444
f 1402 1444 1446
f 1402 1446 1437
f 1402 1437 1430
f 1402 1430 1429
f 1402 1429 1426
f 1402 1426 1425
f 1402 1425 1427
f 1402 1427 1428
f 1402 1428 1411
f 1402 1411 1410
f 1402 1410 1409
f 1402 1409 1408
f 1402 1408 1404
f 1409 1410 1412
f 1409 1412 1407
f 1410 1411 1413
f 1410 1413 1412
f 1416 1414 1412
f 1416 1412 1413
f 1414 1415 1407
f 1414 1407 1412
f 1417 1416 1413
f 1417 1413 1418
f 1419 1417 1418
f 1419 1418 1420
f 1421 1419 1420
f 1421 1420 1423
f 1422 1421 1423
f 1422 1423 1424
f 1425 1426 1424
f 1425 1424 1423
f 1427 1425 1423
f 1427 1423 1420
f 1428 1427 1420
f 1428 1420 1418
f 1411 1428 1418
f 1411 1418 1413
f 1426 1429 1431
f 1426 1431 1424
f 1429 1430 1433
f 1429 1433 1431
f 1432 1422 1424
f 1432 1424 1431
f 1431 1433 1434
f 1431 1434 1432
f 1438 1434 1433
f 1438 1433 1435
f 1430 1437 1435
f 1430 1435 1433
f 1439 1438 1435
f 1439 1435 1436
f 1437 1446 1436
f 1437 1436 1435
f 1440 1439 1436
f 1440 1436 1442
f 1441 1440 1442
f 1441 1442 1443
f 1444 1445 1443
f 1444 1443 1442
f 1446 1444 1442
f 1446 1442 1436
f 1445 1447 1449
f 1445 1449 1443
f 1447 1448 1450
f 1447 1450 1449
f 1452 1451 1449
f 1452 1449 1450
f 1451 1441 1443
f 1451 1443 1449
f 1453 1452 1450
f 1453 1450 1455
f 1454 1453 1455
f 1454 1455 1456
f 1457 1458 1456
f 1457 1456 1455
f 1448 1457 1455
f 1448 1455 1450
f 1458 1459 1461
f 1458 1461 1456
f 1459 1460 1401
f 1459 1401 1461
f 1462 1454 1456
f 1462 1456 1461
f 1399 1462 1461
f 1399 1461 1401
f 1464 1463 1466
f 1464 1466 1468
f 1463 1464 1550
f 1463 1550 1483
f 1463 1483 1485
f 1463 1485 1487
f 1463 1487 1549
f 1463 1549 1498
f 1463 1498 1500
f 1463 1500 1502
f 1463 1502 1548
f 1463 1548 1512
f 1463 1512 1514
f 1463 1514 1517
f 1463 1517 1546
f 1463 1546 1526
f 1463 1526 1528
f 1463 1528 1530
f 1463 1530 1543
f 1463 1543 1540
f 1463 1540 1542
f 1463 1542 1465
f 1467 1466 1463
f 1467 1463 1465
f 1471 1469 1466
f 1471 1466 1467
f 1468 1466 1469
f 1468 1469 1470
f 1470 1469 1472
f 1470 1472 1474
f 1473 1472 1469
f 1473 1469 1471
f 1472 1473 1544
f 1472 1544 1537
f 1472 1537 1535
f 1472 1535 1533
f 1472 1533 1545
f 1472 1545 1523
f 1472 1523 1521
f 1472 1521 1519
f 1472 1519 1547
f 1472 1547 1509
f 1472 1509 1507
f 1472 1507 1505
f 1472 1505 1494
f 1472 1494 1493
f 1472 1493 1492
f 1472 1492 1491
f 1472 1491 1478
f 1472 1478 1477
f 1472 1477 1475
f 1472 1475 1474
f 1474 1475 1476
f 1474 1476 1470
f 1475 1477 1479
f 1475 1479 1476
f 1477 1478 1480
f 1477 1480 1479
f 1476 1479 1481
f 1476 1481 1482
f 1479 1480 1484
f 1479 1484 1481
f 1482 1481 1483
f 1482 1483 1550
f 1481 1484 1485
f 1481 1485 1483
f 1484 1486 1487
f 1484 1487 1485
f 1480 1489 1486
f 1480 1486 1484
f 1486 1488 1549
f 1486 1549 1487
f 1489 1490 1488
f 1489 1488 1486
f 1478 1491 1489
f 1478 1489 1480
f 1491 1492 1490
f 1491 1490 1489
f 1492 1493 1495
f 1492 1495 1490
f 1493 1494 1496
f 1493 1496 1495
f 1490 1495 1497
f 1490 1497 1488
f 1495 1496 1499
f 1495 1499 1497
f 1488 1497 1498
f 1488 1498 1549
f 1497 1499 1500
f 1497 1500 1498
f 1499 1501 1502
f 1499 1502 1500
f 1496 1504 1501
f 1496 1501 1499
f 1501 1503 1548
f 1501 1548 1502
f 1504 1506 1503
f 1504 1503 1501
f 1494 1505 1504
f 1494 1504 1496
f 1505 1507 1506
f 1505 1506 1504
f 1507 1509 1508
f 1507 1508 1506
f 1506 1508 1511
f 1506 1511 1503
f 1509 1547 1510
f 1509 1510 1508
f 1508 1510 1513
f 1508 1513 1511
f 1503 1511 1512
f 1503 1512 1548
f 1511 1513 1514
f 1511 1514 1512
f 1513 1515 1517
f 1513 1517 1514
f 1510 1518 1515
f 1510 1515 1513
f 1518 1520 1516
f 1518 1516 1515
f 1515 1516 1546
f 1515 1546 1517
f 1547 1519 1518
f 1547 1518 1510
f 1519 1521 1520
f 1519 1520 1518
f 1521 1523 1522
f 1521 1522 1520
f 1520 1522 1525
f 1520 1525 1516
f 1523 1545 1524
f 1523 1524 1522
f 1522 1524 1527
f 1522 1527 1525
f 1516 1525 1526
f 1516 1526 1546
f 1525 1527 1528
f 1525 1528 1526
f 1527 1529 1530
f 1527 1530 1528
f 1524 1532 1529
f 1524 1529 1527
f 1529 1531 1543
f 1529 1543 1530
f 1532 1534 1531
f 1532 1531 1529
f 1545 1533 1532
f 1545 1532 1524
f 1533 1535 1534
f 1533 1534 1532
f 1535 1537 1536
f 1535 1536 1534
f 1534 1536 1539
f 1534 1539 1531
f 1537 1544 1538
f 1537 1538 1536
f 1536 1538 1541
f 1536 1541 1539
f 1531 1539 1540
f 1531 1540 1543
f 1539 1541 1542
f 1539 1542 1540
f 1541 1467 1465
f 1541 1465 1542
f 1538 1471 1467
f 1538 1467 1541
f 1544 1473 1471
f 1544 1471 1538
f 1468 1482 1550
f 1468 1550 1464
f 1470 1476 1482
f 1470 1482 1468
